SOL,PARAMETER,Mar-25,Apr-25,May-25,Jun-25,Jul-25,Aug-25,Sep-25,Oct-25,Nov-25,Dec-25,Jan-26,Feb-26,Mar-26,,,,,,,,,,,,,,,,,,,
174,Agri_JL," 4,607 "," 4,679 "," 4,752 "," 4,824 "," 4,914 "," 5,004 "," 5,095 "," 5,203 "," 5,311 "," 5,420 "," 5,510 "," 5,600 "," 5,690 ",,,,,,,,,,,,,,,,,,,
175,Agri_JL," 2,264 "," 2,299 "," 2,335 "," 2,370 "," 2,414 "," 2,459 "," 2,503 "," 2,556 "," 2,610 "," 2,663 "," 2,707 "," 2,751 "," 2,796 ",,,,,,,,,,,,,,,,,,,
176,Agri_JL," 4,430 "," 4,558 "," 4,685 "," 4,813 "," 4,972 "," 5,131 "," 5,291 "," 5,482 "," 5,673 "," 5,864 "," 6,024 "," 6,183 "," 6,342 ",,,,,,,,,,,,,,,,,,,
230,Agri_JL," 3,015 "," 3,106 "," 3,197 "," 3,289 "," 3,403 "," 3,517 "," 3,631 "," 3,768 "," 3,906 "," 4,043 "," 4,157 "," 4,271 "," 4,385 ",,,,,,,,,,,,,,,,,,,
232,Agri_JL," 3,606 "," 3,662 "," 3,719 "," 3,775 "," 3,846 "," 3,917 "," 3,987 "," 4,072 "," 4,157 "," 4,241 "," 4,312 "," 4,383 "," 4,453 ",,,,,,,,,,,,,,,,,,,
237,Agri_JL," 3,057 "," 3,167 "," 3,277 "," 3,387 "," 3,524 "," 3,661 "," 3,799 "," 3,964 "," 4,128 "," 4,293 "," 4,431 "," 4,568 "," 4,705 ",,,,,,,,,,,,,,,,,,,
243,Agri_JL," 2,894 "," 2,982 "," 3,069 "," 3,157 "," 3,267 "," 3,376 "," 3,486 "," 3,617 "," 3,749 "," 3,880 "," 3,990 "," 4,099 "," 4,209 ",,,,,,,,,,,,,,,,,,,
332,Agri_JL, 969 , 984 , 999 ," 1,014 "," 1,033 "," 1,052 "," 1,071 "," 1,094 "," 1,117 "," 1,139 "," 1,158 "," 1,177 "," 1,196 ",,,,,,,,,,,,,,,,,,,
376,Agri_JL," 4,525 "," 4,649 "," 4,773 "," 4,897 "," 5,052 "," 5,206 "," 5,361 "," 5,547 "," 5,732 "," 5,918 "," 6,073 "," 6,228 "," 6,382 ",,,,,,,,,,,,,,,,,,,
883,Agri_JL," 3,352 "," 3,425 "," 3,499 "," 3,573 "," 3,666 "," 3,758 "," 3,851 "," 3,961 "," 4,072 "," 4,183 "," 4,276 "," 4,368 "," 4,461 ",,,,,,,,,,,,,,,,,,,
910,Agri_JL," 2,187 "," 2,221 "," 2,255 "," 2,290 "," 2,332 "," 2,375 "," 2,418 "," 2,469 "," 2,521 "," 2,572 "," 2,615 "," 2,658 "," 2,701 ",,,,,,,,,,,,,,,,,,,
911,Agri_JL," 2,202 "," 2,237 "," 2,271 "," 2,306 "," 2,349 "," 2,392 "," 2,435 "," 2,487 "," 2,538 "," 2,590 "," 2,633 "," 2,676 "," 2,720 ",,,,,,,,,,,,,,,,,,,
924,Agri_JL," 2,449 "," 2,487 "," 2,525 "," 2,564 "," 2,612 "," 2,660 "," 2,708 "," 2,765 "," 2,823 "," 2,880 "," 2,928 "," 2,976 "," 3,024 ",,,,,,,,,,,,,,,,,,,
1013,Agri_JL," 7,673 "," 7,794 "," 7,914 "," 8,034 "," 8,185 "," 8,335 "," 8,485 "," 8,666 "," 8,846 "," 9,026 "," 9,177 "," 9,327 "," 9,477 ",,,,,,,,,,,,,,,,,,,
1044,Agri_JL," 5,594 "," 5,682 "," 5,770 "," 5,857 "," 5,967 "," 6,076 "," 6,186 "," 6,317 "," 6,449 "," 6,580 "," 6,690 "," 6,800 "," 6,909 ",,,,,,,,,,,,,,,,,,,
1112,Agri_JL," 1,681 "," 1,708 "," 1,734 "," 1,761 "," 1,793 "," 1,826 "," 1,859 "," 1,899 "," 1,938 "," 1,978 "," 2,011 "," 2,044 "," 2,077 ",,,,,,,,,,,,,,,,,,,
1152,Agri_JL," 2,117 "," 2,168 "," 2,220 "," 2,271 "," 2,335 "," 2,400 "," 2,464 "," 2,541 "," 2,618 "," 2,695 "," 2,760 "," 2,824 "," 2,888 ",,,,,,,,,,,,,,,,,,,
1220,Agri_JL," 3,806 "," 3,876 "," 3,946 "," 4,015 "," 4,103 "," 4,190 "," 4,277 "," 4,382 "," 4,486 "," 4,591 "," 4,678 "," 4,765 "," 4,853 ",,,,,,,,,,,,,,,,,,,
1221,Agri_JL," 2,699 "," 2,769 "," 2,838 "," 2,907 "," 2,994 "," 3,080 "," 3,167 "," 3,271 "," 3,375 "," 3,479 "," 3,565 "," 3,652 "," 3,739 ",,,,,,,,,,,,,,,,,,,
1258,Agri_JL," 1,996 "," 2,042 "," 2,089 "," 2,136 "," 2,194 "," 2,252 "," 2,310 "," 2,380 "," 2,449 "," 2,519 "," 2,577 "," 2,635 "," 2,694 ",,,,,,,,,,,,,,,,,,,
1314,Agri_JL," 1,166 "," 1,088 "," 1,011 ", 933 , 836 , 738 , 641 , 525 , 408 , 291 , 194 , 97 , - ,,,,,,,,,,,,,,,,,,,
1316,Agri_JL," 2,138 "," 2,171 "," 2,205 "," 2,238 "," 2,280 "," 2,322 "," 2,364 "," 2,414 "," 2,464 "," 2,515 "," 2,556 "," 2,598 "," 2,640 ",,,,,,,,,,,,,,,,,,,
1317,Agri_JL," 1,896 "," 1,941 "," 1,987 "," 2,032 "," 2,089 "," 2,146 "," 2,203 "," 2,272 "," 2,340 "," 2,409 "," 2,466 "," 2,523 "," 2,580 ",,,,,,,,,,,,,,,,,,,
1401,Agri_JL," 4,293 "," 4,360 "," 4,427 "," 4,494 "," 4,578 "," 4,662 "," 4,747 "," 4,847 "," 4,948 "," 5,049 "," 5,133 "," 5,217 "," 5,302 ",,,,,,,,,,,,,,,,,,,
1560,Agri_JL," 4,395 "," 4,509 "," 4,622 "," 4,736 "," 4,878 "," 5,020 "," 5,162 "," 5,332 "," 5,503 "," 5,673 "," 5,815 "," 5,957 "," 6,099 ",,,,,,,,,,,,,,,,,,,
1789,Agri_JL," 3,022 "," 3,107 "," 3,192 "," 3,277 "," 3,383 "," 3,489 "," 3,595 "," 3,722 "," 3,849 "," 3,977 "," 4,083 "," 4,189 "," 4,295 ",,,,,,,,,,,,,,,,,,,
1830,Agri_JL," 2,873 "," 2,918 "," 2,963 "," 3,008 "," 3,064 "," 3,120 "," 3,176 "," 3,244 "," 3,311 "," 3,379 "," 3,435 "," 3,491 "," 3,548 ",,,,,,,,,,,,,,,,,,,
1896,Agri_JL," 4,681 "," 4,803 "," 4,924 "," 5,046 "," 5,198 "," 5,351 "," 5,503 "," 5,686 "," 5,868 "," 6,051 "," 6,203 "," 6,355 "," 6,508 ",,,,,,,,,,,,,,,,,,,
1919,Agri_JL," 3,780 "," 3,839 "," 3,898 "," 3,958 "," 4,032 "," 4,106 "," 4,180 "," 4,269 "," 4,358 "," 4,446 "," 4,520 "," 4,594 "," 4,669 ",,,,,,,,,,,,,,,,,,,
1931,Agri_JL," 3,811 "," 3,870 "," 3,930 "," 3,990 "," 4,065 "," 4,139 "," 4,214 "," 4,303 "," 4,393 "," 4,483 "," 4,557 "," 4,632 "," 4,706 ",,,,,,,,,,,,,,,,,,,
2098,Agri_JL," 2,925 "," 2,971 "," 3,017 "," 3,063 "," 3,120 "," 3,178 "," 3,235 "," 3,304 "," 3,372 "," 3,441 "," 3,498 "," 3,556 "," 3,613 ",,,,,,,,,,,,,,,,,,,
2286,Agri_JL," 3,788 "," 3,848 "," 3,907 "," 3,967 "," 4,041 "," 4,115 "," 4,189 "," 4,278 "," 4,367 "," 4,456 "," 4,531 "," 4,605 "," 4,679 ",,,,,,,,,,,,,,,,,,,
2287,Agri_JL," 2,900 "," 2,946 "," 2,991 "," 3,037 "," 3,093 "," 3,150 "," 3,207 "," 3,275 "," 3,343 "," 3,412 "," 3,468 "," 3,525 "," 3,582 ",,,,,,,,,,,,,,,,,,,
2288,Agri_JL," 3,435 "," 3,489 "," 3,543 "," 3,597 "," 3,664 "," 3,732 "," 3,799 "," 3,880 "," 3,960 "," 4,041 "," 4,108 "," 4,176 "," 4,243 ",,,,,,,,,,,,,,,,,,,
2461,Agri_JL," 5,974 "," 6,173 "," 6,373 "," 6,573 "," 6,822 "," 7,072 "," 7,322 "," 7,621 "," 7,921 "," 8,220 "," 8,470 "," 8,720 "," 8,969 ",,,,,,,,,,,,,,,,,,,
2464,Agri_JL," 3,452 "," 3,562 "," 3,673 "," 3,783 "," 3,921 "," 4,059 "," 4,197 "," 4,363 "," 4,529 "," 4,694 "," 4,833 "," 4,971 "," 5,109 ",,,,,,,,,,,,,,,,,,,
2574,Agri_JL," 7,918 "," 8,042 "," 8,166 "," 8,290 "," 8,445 "," 8,601 "," 8,756 "," 8,942 "," 9,128 "," 9,314 "," 9,469 "," 9,624 "," 9,779 ",,,,,,,,,,,,,,,,,,,
2685,Agri_JL," 3,427 "," 3,480 "," 3,534 "," 3,588 "," 3,655 "," 3,722 "," 3,789 "," 3,870 "," 3,950 "," 4,031 "," 4,098 "," 4,165 "," 4,232 ",,,,,,,,,,,,,,,,,,,
2686,Agri_JL," 2,080 "," 2,112 "," 2,145 "," 2,177 "," 2,218 "," 2,259 "," 2,300 "," 2,349 "," 2,397 "," 2,446 "," 2,487 "," 2,528 "," 2,568 ",,,,,,,,,,,,,,,,,,,
2702,Agri_JL," 3,394 "," 3,506 "," 3,617 "," 3,729 "," 3,868 "," 4,008 "," 4,147 "," 4,314 "," 4,482 "," 4,649 "," 4,788 "," 4,928 "," 5,067 ",,,,,,,,,,,,,,,,,,,
2703,Agri_JL," 5,498 "," 5,660 "," 5,822 "," 5,984 "," 6,187 "," 6,389 "," 6,592 "," 6,835 "," 7,078 "," 7,321 "," 7,523 "," 7,726 "," 7,929 ",,,,,,,,,,,,,,,,,,,
2704,Agri_JL," 2,585 "," 2,626 "," 2,666 "," 2,707 "," 2,758 "," 2,808 "," 2,859 "," 2,920 "," 2,980 "," 3,041 "," 3,092 "," 3,142 "," 3,193 ",,,,,,,,,,,,,,,,,,,
2705,Agri_JL," 6,247 "," 6,391 "," 6,535 "," 6,679 "," 6,859 "," 7,039 "," 7,219 "," 7,436 "," 7,652 "," 7,868 "," 8,048 "," 8,228 "," 8,408 ",,,,,,,,,,,,,,,,,,,
2706,Agri_JL," 2,960 "," 3,007 "," 3,053 "," 3,099 "," 3,157 "," 3,215 "," 3,273 "," 3,343 "," 3,412 "," 3,482 "," 3,540 "," 3,598 "," 3,656 ",,,,,,,,,,,,,,,,,,,
3164,Agri_JL," 4,756 "," 4,875 "," 4,994 "," 5,113 "," 5,261 "," 5,410 "," 5,558 "," 5,737 "," 5,915 "," 6,093 "," 6,242 "," 6,390 "," 6,539 ",,,,,,,,,,,,,,,,,,,
3165,Agri_JL," 4,485 "," 4,585 "," 4,684 "," 4,784 "," 4,908 "," 5,033 "," 5,157 "," 5,307 "," 5,456 "," 5,606 "," 5,730 "," 5,855 "," 5,979 ",,,,,,,,,,,,,,,,,,,
3166,Agri_JL," 2,399 "," 2,460 "," 2,521 "," 2,583 "," 2,659 "," 2,735 "," 2,812 "," 2,903 "," 2,995 "," 3,087 "," 3,163 "," 3,239 "," 3,316 ",,,,,,,,,,,,,,,,,,,
3346,Agri_JL," 1,808 "," 1,860 "," 1,912 "," 1,964 "," 2,029 "," 2,094 "," 2,159 "," 2,238 "," 2,316 "," 2,394 "," 2,459 "," 2,524 "," 2,589 ",,,,,,,,,,,,,,,,,,,
3347,Agri_JL," 2,698 "," 2,788 "," 2,877 "," 2,966 "," 3,078 "," 3,189 "," 3,301 "," 3,435 "," 3,569 "," 3,703 "," 3,814 "," 3,926 "," 4,037 ",,,,,,,,,,,,,,,,,,,
3436,Agri_JL, 983 , 998 ," 1,014 "," 1,029 "," 1,048 "," 1,067 "," 1,087 "," 1,110 "," 1,133 "," 1,156 "," 1,175 "," 1,195 "," 1,214 ",,,,,,,,,,,,,,,,,,,
3437,Agri_JL," 4,011 "," 4,074 "," 4,137 "," 4,200 "," 4,279 "," 4,357 "," 4,436 "," 4,530 "," 4,624 "," 4,719 "," 4,797 "," 4,876 "," 4,954 ",,,,,,,,,,,,,,,,,,,
3548,Agri_JL," 2,462 "," 2,523 "," 2,583 "," 2,644 "," 2,720 "," 2,795 "," 2,871 "," 2,962 "," 3,053 "," 3,144 "," 3,219 "," 3,295 "," 3,371 ",,,,,,,,,,,,,,,,,,,
3549,Agri_JL," 1,832 "," 1,873 "," 1,914 "," 1,956 "," 2,007 "," 2,059 "," 2,111 "," 2,173 "," 2,235 "," 2,297 "," 2,349 "," 2,401 "," 2,453 ",,,,,,,,,,,,,,,,,,,
3920,Agri_JL, - , 19 , 37 , 56 , 79 , 103 , 126 , 154 , 182 , 210 , 234 , 257 , 280 ,,,,,,,,,,,,,,,,,,,
3933,Agri_JL," 1,792 "," 1,830 "," 1,867 "," 1,905 "," 1,952 "," 2,000 "," 2,047 "," 2,103 "," 2,160 "," 2,217 "," 2,264 "," 2,311 "," 2,358 ",,,,,,,,,,,,,,,,,,,
174,CD, 246 , 249 , 253 , 256 , 261 , 265 , 270 , 275 , 280 , 286 , 290 , 294 , 299 ,,,,,,,,,,,,,,,,,,,
175,CD, 16 , 17 , 17 , 17 , 17 , 18 , 18 , 19 , 19 , 19 , 20 , 20 , 20 ,,,,,,,,,,,,,,,,,,,
176,CD, 269 , 273 , 276 , 279 , 283 , 288 , 292 , 297 , 302 , 307 , 311 , 315 , 319 ,,,,,,,,,,,,,,,,,,,
230,CD, 82 , 83 , 84 , 85 , 86 , 87 , 88 , 89 , 90 , 92 , 93 , 94 , 95 ,,,,,,,,,,,,,,,,,,,
232,CD, 34 , 34 , 35 , 36 , 37 , 38 , 39 , 40 , 41 , 42 , 43 , 44 , 45 ,,,,,,,,,,,,,,,,,,,
237,CD, 114 , 116 , 118 , 120 , 122 , 124 , 126 , 129 , 132 , 135 , 137 , 139 , 141 ,,,,,,,,,,,,,,,,,,,
243,CD, 173 , 175 , 176 , 178 , 180 , 182 , 184 , 187 , 190 , 192 , 194 , 196 , 199 ,,,,,,,,,,,,,,,,,,,
332,CD, 735 , 743 , 752 , 761 , 772 , 782 , 793 , 806 , 819 , 832 , 843 , 854 , 865 ,,,,,,,,,,,,,,,,,,,
376,CD, 353 , 360 , 368 , 375 , 385 , 394 , 404 , 415 , 426 , 438 , 447 , 457 , 466 ,,,,,,,,,,,,,,,,,,,
883,CD, 41 , 41 , 42 , 43 , 43 , 44 , 45 , 46 , 47 , 47 , 48 , 49 , 50 ,,,,,,,,,,,,,,,,,,,
910,CD, 91 , 92 , 94 , 95 , 97 , 99 , 101 , 104 , 106 , 108 , 110 , 112 , 114 ,,,,,,,,,,,,,,,,,,,
911,CD, 21 , 21 , 21 , 22 , 22 , 22 , 23 , 23 , 24 , 24 , 25 , 25 , 25 ,,,,,,,,,,,,,,,,,,,
924,CD, 118 , 120 , 122 , 124 , 126 , 128 , 130 , 133 , 136 , 138 , 141 , 143 , 145 ,,,,,,,,,,,,,,,,,,,
1013,CD, 95 , 97 , 99 , 101 , 103 , 105 , 108 , 110 , 113 , 116 , 118 , 120 , 123 ,,,,,,,,,,,,,,,,,,,
1044,CD, 193 , 195 , 197 , 199 , 202 , 204 , 207 , 210 , 213 , 216 , 218 , 221 , 223 ,,,,,,,,,,,,,,,,,,,
1112,CD, 51 , 52 , 52 , 53 , 54 , 54 , 55 , 56 , 57 , 58 , 58 , 59 , 60 ,,,,,,,,,,,,,,,,,,,
1152,CD, 14 , 14 , 14 , 15 , 15 , 15 , 16 , 16 , 17 , 17 , 17 , 18 , 18 ,,,,,,,,,,,,,,,,,,,
1220,CD, 80 , 81 , 82 , 83 , 84 , 85 , 86 , 88 , 89 , 90 , 91 , 92 , 93 ,,,,,,,,,,,,,,,,,,,
1221,CD, 19 , 20 , 20 , 20 , 20 , 21 , 21 , 21 , 22 , 22 , 22 , 22 , 23 ,,,,,,,,,,,,,,,,,,,
1258,CD, 303 , 309 , 315 , 322 , 329 , 337 , 344 , 353 , 363 , 372 , 379 , 387 , 394 ,,,,,,,,,,,,,,,,,,,
1314,CD, 297 , 303 , 309 , 314 , 322 , 329 , 336 , 345 , 354 , 363 , 370 , 378 , 385 ,,,,,,,,,,,,,,,,,,,
1316,CD, 106 , 107 , 108 , 109 , 110 , 111 , 112 , 114 , 115 , 117 , 118 , 120 , 121 ,,,,,,,,,,,,,,,,,,,
1317,CD, 24 , 24 , 24 , 25 , 25 , 25 , 25 , 26 , 26 , 26 , 27 , 27 , 27 ,,,,,,,,,,,,,,,,,,,
1401,CD, 69 , 70 , 71 , 72 , 74 , 75 , 77 , 78 , 80 , 81 , 83 , 84 , 85 ,,,,,,,,,,,,,,,,,,,
1560,CD, 63 , 64 , 64 , 65 , 66 , 66 , 67 , 68 , 69 , 70 , 70 , 71 , 72 ,,,,,,,,,,,,,,,,,,,
1789,CD, 30 , 31 , 31 , 32 , 33 , 34 , 34 , 35 , 36 , 37 , 38 , 39 , 39 ,,,,,,,,,,,,,,,,,,,
1830,CD, 298 , 301 , 304 , 306 , 310 , 313 , 316 , 320 , 324 , 328 , 331 , 335 , 338 ,,,,,,,,,,,,,,,,,,,
1896,CD, 60 , 61 , 62 , 63 , 64 , 65 , 66 , 68 , 69 , 70 , 72 , 73 , 74 ,,,,,,,,,,,,,,,,,,,
1919,CD, 468 , 477 , 486 , 495 , 506 , 518 , 529 , 543 , 556 , 570 , 581 , 593 , 604 ,,,,,,,,,,,,,,,,,,,
1931,CD, 33 , 34 , 34 , 35 , 35 , 36 , 36 , 37 , 38 , 39 , 39 , 40 , 41 ,,,,,,,,,,,,,,,,,,,
2098,CD, 725 , 734 , 743 , 751 , 762 , 773 , 784 , 797 , 810 , 823 , 834 , 845 , 856 ,,,,,,,,,,,,,,,,,,,
2286,CD, 200 , 202 , 204 , 207 , 209 , 212 , 215 , 219 , 222 , 226 , 228 , 231 , 234 ,,,,,,,,,,,,,,,,,,,
2287,CD, 29 , 29 , 30 , 30 , 31 , 32 , 33 , 34 , 35 , 35 , 36 , 37 , 38 ,,,,,,,,,,,,,,,,,,,
2288,CD, 139 , 140 , 142 , 144 , 146 , 148 , 150 , 153 , 155 , 158 , 160 , 162 , 164 ,,,,,,,,,,,,,,,,,,,
2461,CD, 55 , 56 , 57 , 57 , 58 , 59 , 60 , 61 , 63 , 64 , 65 , 66 , 67 ,,,,,,,,,,,,,,,,,,,
2464,CD, 55 , 56 , 57 , 58 , 59 , 61 , 62 , 63 , 65 , 66 , 67 , 69 , 70 ,,,,,,,,,,,,,,,,,,,
2574,CD, 38 , 39 , 39 , 40 , 41 , 42 , 43 , 44 , 45 , 46 , 47 , 48 , 49 ,,,,,,,,,,,,,,,,,,,
2685,CD, 125 , 127 , 129 , 131 , 133 , 135 , 137 , 140 , 142 , 145 , 147 , 150 , 152 ,,,,,,,,,,,,,,,,,,,
2686,CD, 35 , 35 , 36 , 36 , 36 , 37 , 37 , 37 , 38 , 38 , 38 , 39 , 39 ,,,,,,,,,,,,,,,,,,,
2702,CD, 86 , 86 , 87 , 88 , 89 , 90 , 91 , 93 , 94 , 95 , 96 , 97 , 98 ,,,,,,,,,,,,,,,,,,,
2703,CD, 43 , 44 , 45 , 46 , 47 , 48 , 50 , 51 , 52 , 54 , 55 , 56 , 57 ,,,,,,,,,,,,,,,,,,,
2704,CD, 10 , 10 , 11 , 11 , 11 , 11 , 11 , 12 , 12 , 12 , 12 , 13 , 13 ,,,,,,,,,,,,,,,,,,,
2705,CD, 77 , 78 , 79 , 79 , 81 , 82 , 83 , 84 , 85 , 87 , 88 , 89 , 90 ,,,,,,,,,,,,,,,,,,,
2706,CD, 97 , 99 , 100 , 102 , 104 , 106 , 107 , 110 , 112 , 114 , 116 , 118 , 120 ,,,,,,,,,,,,,,,,,,,
3164,CD, 84 , 85 , 86 , 87 , 89 , 90 , 91 , 92 , 94 , 95 , 97 , 98 , 99 ,,,,,,,,,,,,,,,,,,,
3165,CD, 65 , 66 , 67 , 69 , 70 , 72 , 74 , 76 , 78 , 80 , 81 , 83 , 85 ,,,,,,,,,,,,,,,,,,,
3166,CD, 20 , 21 , 21 , 21 , 21 , 21 , 22 , 22 , 22 , 22 , 22 , 23 , 23 ,,,,,,,,,,,,,,,,,,,
3346,CD, 6 , 6 , 6 , 6 , 6 , 6 , 6 , 6 , 6 , 7 , 7 , 7 , 7 ,,,,,,,,,,,,,,,,,,,
3347,CD, 13 , 13 , 13 , 13 , 13 , 13 , 13 , 14 , 14 , 14 , 14 , 14 , 14 ,,,,,,,,,,,,,,,,,,,
3436,CD, 179 , 182 , 184 , 186 , 189 , 192 , 195 , 199 , 202 , 206 , 209 , 212 , 214 ,,,,,,,,,,,,,,,,,,,
3437,CD, 51 , 52 , 53 , 54 , 56 , 57 , 59 , 60 , 62 , 64 , 66 , 67 , 69 ,,,,,,,,,,,,,,,,,,,
3548,CD, 115 , 117 , 119 , 120 , 123 , 125 , 127 , 130 , 133 , 135 , 137 , 140 , 142 ,,,,,,,,,,,,,,,,,,,
3549,CD, 58 , 59 , 59 , 60 , 60 , 61 , 62 , 62 , 63 , 64 , 65 , 65 , 66 ,,,,,,,,,,,,,,,,,,,
3920,CD, 0 , 2 , 4 , 6 , 9 , 11 , 14 , 17 , 20 , 23 , 25 , 28 , 30 ,,,,,,,,,,,,,,,,,,,
3933,CD, 68 , 69 , 70 , 71 , 72 , 74 , 75 , 76 , 78 , 79 , 80 , 82 , 83 ,,,,,,,,,,,,,,,,,,,
174,Core_Agri, 565 , 581 , 596 , 611 , 630 , 649 , 668 , 691 , 714 , 737 , 756 , 775 , 794 ,,,,,,,,,,,,,,,,,,,
175,Core_Agri, 148 , 149 , 150 , 151 , 152 , 153 , 154 , 156 , 157 , 159 , 160 , 161 , 162 ,,,,,,,,,,,,,,,,,,,
176,Core_Agri, 236 , 238 , 239 , 241 , 243 , 245 , 247 , 249 , 252 , 254 , 256 , 258 , 260 ,,,,,,,,,,,,,,,,,,,
230,Core_Agri, 366 , 379 , 391 , 403 , 419 , 435 , 450 , 469 , 488 , 506 , 522 , 537 , 553 ,,,,,,,,,,,,,,,,,,,
232,Core_Agri, 135 , 137 , 138 , 139 , 141 , 143 , 144 , 146 , 149 , 151 , 152 , 154 , 156 ,,,,,,,,,,,,,,,,,,,
237,Core_Agri, 80 , 82 , 84 , 87 , 89 , 92 , 95 , 99 , 102 , 106 , 109 , 111 , 114 ,,,,,,,,,,,,,,,,,,,
243,Core_Agri, 248 , 250 , 252 , 253 , 256 , 258 , 260 , 263 , 266 , 269 , 271 , 273 , 276 ,,,,,,,,,,,,,,,,,,,
332,Core_Agri," 1,574 "," 1,583 "," 1,592 "," 1,601 "," 1,612 "," 1,624 "," 1,635 "," 1,649 "," 1,662 "," 1,676 "," 1,687 "," 1,698 "," 1,710 ",,,,,,,,,,,,,,,,,,,
376,Core_Agri, 225 , 233 , 241 , 249 , 259 , 268 , 278 , 290 , 302 , 314 , 324 , 333 , 343 ,,,,,,,,,,,,,,,,,,,
883,Core_Agri, 928 , 940 , 952 , 965 , 980 , 996 ," 1,011 "," 1,029 "," 1,048 "," 1,066 "," 1,082 "," 1,097 "," 1,113 ",,,,,,,,,,,,,,,,,,,
910,Core_Agri, 65 , 66 , 67 , 68 , 70 , 72 , 73 , 75 , 77 , 79 , 80 , 82 , 84 ,,,,,,,,,,,,,,,,,,,
911,Core_Agri, 61 , 62 , 64 , 66 , 68 , 70 , 72 , 74 , 76 , 79 , 81 , 83 , 85 ,,,,,,,,,,,,,,,,,,,
924,Core_Agri, 262 , 267 , 273 , 278 , 285 , 292 , 299 , 307 , 316 , 324 , 331 , 338 , 345 ,,,,,,,,,,,,,,,,,,,
1013,Core_Agri, 300 , 307 , 314 , 321 , 330 , 338 , 347 , 358 , 368 , 379 , 388 , 397 , 406 ,,,,,,,,,,,,,,,,,,,
1044,Core_Agri, 167 , 172 , 177 , 182 , 188 , 194 , 200 , 207 , 215 , 222 , 228 , 234 , 240 ,,,,,,,,,,,,,,,,,,,
1112,Core_Agri, 80 , 81 , 82 , 83 , 84 , 86 , 87 , 88 , 90 , 91 , 92 , 94 , 95 ,,,,,,,,,,,,,,,,,,,
1152,Core_Agri, 688 , 708 , 727 , 747 , 772 , 796 , 821 , 851 , 880 , 910 , 935 , 959 , 984 ,,,,,,,,,,,,,,,,,,,
1220,Core_Agri, 158 , 161 , 164 , 167 , 171 , 174 , 178 , 182 , 187 , 191 , 195 , 199 , 202 ,,,,,,,,,,,,,,,,,,,
1221,Core_Agri, 164 , 168 , 172 , 176 , 181 , 186 , 191 , 197 , 203 , 209 , 215 , 220 , 225 ,,,,,,,,,,,,,,,,,,,
1258,Core_Agri, 176 , 180 , 183 , 187 , 191 , 195 , 200 , 205 , 210 , 216 , 220 , 224 , 229 ,,,,,,,,,,,,,,,,,,,
1314,Core_Agri, 75 , 78 , 81 , 84 , 88 , 92 , 96 , 100 , 105 , 109 , 113 , 117 , 120 ,,,,,,,,,,,,,,,,,,,
1316,Core_Agri, 106 , 109 , 112 , 115 , 119 , 123 , 127 , 132 , 137 , 142 , 146 , 150 , 154 ,,,,,,,,,,,,,,,,,,,
1317,Core_Agri, 18 , 19 , 20 , 21 , 22 , 23 , 24 , 25 , 27 , 28 , 29 , 30 , 31 ,,,,,,,,,,,,,,,,,,,
1401,Core_Agri, 47 , 47 , 48 , 49 , 50 , 51 , 52 , 53 , 55 , 56 , 57 , 58 , 59 ,,,,,,,,,,,,,,,,,,,
1560,Core_Agri, 140 , 141 , 142 , 144 , 145 , 146 , 148 , 150 , 151 , 153 , 154 , 156 , 157 ,,,,,,,,,,,,,,,,,,,
1789,Core_Agri, 116 , 119 , 122 , 125 , 128 , 132 , 135 , 140 , 144 , 148 , 152 , 155 , 159 ,,,,,,,,,,,,,,,,,,,
1830,Core_Agri, 97 , 100 , 104 , 107 , 111 , 115 , 119 , 124 , 129 , 134 , 138 , 142 , 146 ,,,,,,,,,,,,,,,,,,,
1896,Core_Agri, 63 , 66 , 68 , 70 , 73 , 76 , 78 , 82 , 85 , 88 , 91 , 94 , 97 ,,,,,,,,,,,,,,,,,,,
1919,Core_Agri, 77 , 77 , 77 , 78 , 78 , 79 , 79 , 79 , 80 , 80 , 81 , 81 , 82 ,,,,,,,,,,,,,,,,,,,
1931,Core_Agri, 74 , 76 , 77 , 79 , 81 , 83 , 84 , 87 , 89 , 91 , 93 , 95 , 97 ,,,,,,,,,,,,,,,,,,,
2098,Core_Agri, 73 , 75 , 77 , 79 , 82 , 84 , 87 , 90 , 93 , 96 , 99 , 101 , 104 ,,,,,,,,,,,,,,,,,,,
2286,Core_Agri, 94 , 95 , 95 , 96 , 97 , 98 , 99 , 100 , 101 , 102 , 103 , 104 , 105 ,,,,,,,,,,,,,,,,,,,
2287,Core_Agri, 71 , 72 , 73 , 74 , 75 , 77 , 78 , 79 , 81 , 83 , 84 , 85 , 86 ,,,,,,,,,,,,,,,,,,,
2288,Core_Agri, 118 , 121 , 124 , 127 , 131 , 135 , 139 , 143 , 148 , 152 , 156 , 160 , 163 ,,,,,,,,,,,,,,,,,,,
2461,Core_Agri, 112 , 115 , 119 , 122 , 126 , 130 , 134 , 139 , 144 , 149 , 153 , 157 , 161 ,,,,,,,,,,,,,,,,,,,
2464,Core_Agri, 58 , 59 , 60 , 60 , 61 , 62 , 63 , 64 , 65 , 65 , 66 , 67 , 68 ,,,,,,,,,,,,,,,,,,,
2574,Core_Agri, 128 , 130 , 133 , 135 , 138 , 141 , 144 , 148 , 151 , 155 , 158 , 161 , 164 ,,,,,,,,,,,,,,,,,,,
2685,Core_Agri, 49 , 51 , 53 , 56 , 59 , 62 , 65 , 68 , 72 , 76 , 79 , 82 , 85 ,,,,,,,,,,,,,,,,,,,
2686,Core_Agri, 11 , 12 , 13 , 14 , 15 , 16 , 18 , 19 , 20 , 22 , 23 , 24 , 25 ,,,,,,,,,,,,,,,,,,,
2702,Core_Agri, 34 , 35 , 36 , 36 , 37 , 38 , 39 , 40 , 41 , 42 , 43 , 43 , 44 ,,,,,,,,,,,,,,,,,,,
2703,Core_Agri, 19 , 20 , 21 , 22 , 24 , 25 , 26 , 28 , 29 , 31 , 32 , 33 , 34 ,,,,,,,,,,,,,,,,,,,
2704,Core_Agri, 83 , 85 , 88 , 90 , 94 , 97 , 100 , 104 , 108 , 112 , 115 , 118 , 121 ,,,,,,,,,,,,,,,,,,,
2705,Core_Agri, 94 , 96 , 98 , 99 , 102 , 104 , 107 , 109 , 112 , 115 , 118 , 120 , 122 ,,,,,,,,,,,,,,,,,,,
2706,Core_Agri, 85 , 87 , 89 , 90 , 92 , 95 , 97 , 99 , 102 , 105 , 107 , 109 , 111 ,,,,,,,,,,,,,,,,,,,
3164,Core_Agri, 122 , 125 , 128 , 132 , 136 , 140 , 144 , 149 , 154 , 159 , 163 , 167 , 171 ,,,,,,,,,,,,,,,,,,,
3165,Core_Agri, 33 , 34 , 34 , 35 , 36 , 37 , 38 , 40 , 41 , 42 , 43 , 44 , 45 ,,,,,,,,,,,,,,,,,,,
3166,Core_Agri, 45 , 46 , 46 , 47 , 48 , 49 , 50 , 52 , 53 , 54 , 55 , 56 , 57 ,,,,,,,,,,,,,,,,,,,
3346,Core_Agri, 24 , 24 , 25 , 25 , 26 , 27 , 27 , 28 , 29 , 30 , 31 , 31 , 32 ,,,,,,,,,,,,,,,,,,,
3347,Core_Agri, 48 , 50 , 52 , 53 , 56 , 58 , 60 , 62 , 65 , 67 , 70 , 72 , 74 ,,,,,,,,,,,,,,,,,,,
3436,Core_Agri, 21 , 24 , 26 , 28 , 30 , 33 , 35 , 38 , 42 , 45 , 47 , 50 , 52 ,,,,,,,,,,,,,,,,,,,
3437,Core_Agri, 76 , 78 , 80 , 83 , 85 , 88 , 91 , 94 , 98 , 101 , 104 , 107 , 109 ,,,,,,,,,,,,,,,,,,,
3548,Core_Agri, 143 , 147 , 150 , 153 , 157 , 161 , 165 , 170 , 175 , 179 , 183 , 187 , 191 ,,,,,,,,,,,,,,,,,,,
3549,Core_Agri, 126 , 128 , 129 , 131 , 133 , 134 , 136 , 139 , 141 , 143 , 145 , 147 , 149 ,,,,,,,,,,,,,,,,,,,
3920,Core_Agri, - , 1 , 3 , 4 , 6 , 8 , 10 , 12 , 14 , 16 , 18 , 20 , 22 ,,,,,,,,,,,,,,,,,,,
3933,Core_Agri, 91 , 93 , 95 , 96 , 99 , 101 , 103 , 106 , 108 , 111 , 113 , 116 , 118 ,,,,,,,,,,,,,,,,,,,
174,EL, 73 , 73 , 73 , 73 , 73 , 73 , 74 , 74 , 74 , 74 , 74 , 75 , 75 ,,,,,,,,,,,,,,,,,,,
175,EL, 75 , 75 , 75 , 76 , 76 , 76 , 76 , 77 , 77 , 77 , 78 , 78 , 78 ,,,,,,,,,,,,,,,,,,,
176,EL, 106 , 106 , 107 , 107 , 107 , 107 , 108 , 108 , 108 , 108 , 109 , 109 , 109 ,,,,,,,,,,,,,,,,,,,
230,EL, 119 , 119 , 119 , 120 , 120 , 120 , 120 , 121 , 121 , 121 , 122 , 122 , 122 ,,,,,,,,,,,,,,,,,,,
232,EL, 119 , 119 , 120 , 120 , 120 , 121 , 121 , 122 , 122 , 123 , 123 , 123 , 124 ,,,,,,,,,,,,,,,,,,,
237,EL, 35 , 35 , 35 , 35 , 35 , 35 , 35 , 35 , 35 , 35 , 35 , 35 , 36 ,,,,,,,,,,,,,,,,,,,
243,EL, 194 , 194 , 194 , 195 , 195 , 196 , 196 , 197 , 197 , 198 , 198 , 198 , 199 ,,,,,,,,,,,,,,,,,,,
332,EL, 311 , 312 , 312 , 313 , 314 , 314 , 315 , 316 , 317 , 318 , 318 , 319 , 320 ,,,,,,,,,,,,,,,,,,,
376,EL, 107 , 108 , 108 , 108 , 109 , 110 , 110 , 111 , 112 , 112 , 113 , 113 , 114 ,,,,,,,,,,,,,,,,,,,
883,EL, 93 , 93 , 93 , 93 , 94 , 94 , 94 , 94 , 95 , 95 , 95 , 95 , 95 ,,,,,,,,,,,,,,,,,,,
910,EL, 68 , 68 , 68 , 68 , 69 , 69 , 69 , 69 , 69 , 69 , 70 , 70 , 70 ,,,,,,,,,,,,,,,,,,,
911,EL, 37 , 37 , 37 , 37 , 37 , 37 , 38 , 38 , 38 , 38 , 38 , 38 , 38 ,,,,,,,,,,,,,,,,,,,
924,EL, 62 , 62 , 62 , 62 , 63 , 63 , 63 , 63 , 63 , 63 , 64 , 64 , 64 ,,,,,,,,,,,,,,,,,,,
1013,EL, 24 , 24 , 24 , 24 , 24 , 24 , 25 , 25 , 25 , 25 , 25 , 25 , 25 ,,,,,,,,,,,,,,,,,,,
1044,EL, 19 , 19 , 19 , 19 , 19 , 19 , 19 , 19 , 19 , 19 , 19 , 19 , 19 ,,,,,,,,,,,,,,,,,,,
1112,EL, 27 , 28 , 28 , 28 , 28 , 28 , 28 , 28 , 28 , 28 , 28 , 28 , 28 ,,,,,,,,,,,,,,,,,,,
1152,EL, 67 , 67 , 67 , 67 , 68 , 68 , 68 , 69 , 69 , 69 , 70 , 70 , 70 ,,,,,,,,,,,,,,,,,,,
1220,EL, 68 , 68 , 69 , 69 , 69 , 69 , 69 , 69 , 70 , 70 , 70 , 70 , 70 ,,,,,,,,,,,,,,,,,,,
1221,EL, 12 , 12 , 12 , 12 , 12 , 12 , 12 , 12 , 12 , 12 , 13 , 13 , 13 ,,,,,,,,,,,,,,,,,,,
1258,EL, 168 , 169 , 169 , 169 , 170 , 170 , 171 , 171 , 172 , 172 , 172 , 173 , 173 ,,,,,,,,,,,,,,,,,,,
1314,EL, 112 , 112 , 112 , 112 , 113 , 113 , 113 , 113 , 114 , 114 , 114 , 115 , 115 ,,,,,,,,,,,,,,,,,,,
1316,EL, 72 , 72 , 72 , 72 , 73 , 73 , 73 , 73 , 73 , 74 , 74 , 74 , 74 ,,,,,,,,,,,,,,,,,,,
1317,EL, 13 , 13 , 13 , 13 , 13 , 13 , 13 , 13 , 13 , 13 , 13 , 13 , 13 ,,,,,,,,,,,,,,,,,,,
1401,EL, 43 , 43 , 43 , 44 , 44 , 44 , 44 , 44 , 44 , 44 , 44 , 44 , 45 ,,,,,,,,,,,,,,,,,,,
1560,EL, 81 , 81 , 81 , 81 , 81 , 82 , 82 , 82 , 82 , 82 , 83 , 83 , 83 ,,,,,,,,,,,,,,,,,,,
1789,EL, 261 , 262 , 263 , 264 , 265 , 266 , 267 , 268 , 269 , 271 , 272 , 273 , 274 ,,,,,,,,,,,,,,,,,,,
1830,EL, 132 , 132 , 132 , 132 , 133 , 133 , 133 , 134 , 134 , 134 , 135 , 135 , 135 ,,,,,,,,,,,,,,,,,,,
1896,EL, 47 , 47 , 47 , 47 , 47 , 47 , 47 , 47 , 47 , 48 , 48 , 48 , 48 ,,,,,,,,,,,,,,,,,,,
1919,EL, 86 , 87 , 87 , 87 , 87 , 87 , 87 , 88 , 88 , 88 , 88 , 89 , 89 ,,,,,,,,,,,,,,,,,,,
1931,EL, 66 , 66 , 66 , 66 , 67 , 67 , 67 , 68 , 68 , 68 , 69 , 69 , 69 ,,,,,,,,,,,,,,,,,,,
2098,EL, 87 , 88 , 88 , 88 , 88 , 88 , 89 , 89 , 89 , 89 , 89 , 90 , 90 ,,,,,,,,,,,,,,,,,,,
2286,EL, 88 , 88 , 88 , 88 , 88 , 88 , 89 , 89 , 89 , 89 , 90 , 90 , 90 ,,,,,,,,,,,,,,,,,,,
2287,EL, 30 , 30 , 30 , 30 , 30 , 30 , 31 , 31 , 31 , 31 , 31 , 31 , 31 ,,,,,,,,,,,,,,,,,,,
2288,EL, 99 , 100 , 100 , 100 , 100 , 100 , 101 , 101 , 101 , 101 , 102 , 102 , 102 ,,,,,,,,,,,,,,,,,,,
2461,EL, 25 , 25 , 25 , 25 , 25 , 25 , 25 , 25 , 26 , 26 , 26 , 26 , 26 ,,,,,,,,,,,,,,,,,,,
2464,EL, 50 , 50 , 50 , 50 , 50 , 50 , 51 , 51 , 51 , 51 , 51 , 51 , 51 ,,,,,,,,,,,,,,,,,,,
2574,EL, 85 , 85 , 85 , 86 , 86 , 86 , 86 , 86 , 87 , 87 , 87 , 87 , 87 ,,,,,,,,,,,,,,,,,,,
2685,EL, 124 , 124 , 124 , 124 , 125 , 125 , 125 , 126 , 126 , 126 , 127 , 127 , 127 ,,,,,,,,,,,,,,,,,,,
2686,EL, 65 , 65 , 65 , 65 , 65 , 66 , 66 , 66 , 66 , 66 , 66 , 67 , 67 ,,,,,,,,,,,,,,,,,,,
2702,EL, 127 , 127 , 128 , 128 , 128 , 128 , 129 , 129 , 129 , 130 , 130 , 130 , 131 ,,,,,,,,,,,,,,,,,,,
2703,EL, 69 , 69 , 69 , 70 , 70 , 70 , 70 , 70 , 70 , 71 , 71 , 71 , 71 ,,,,,,,,,,,,,,,,,,,
2704,EL, 53 , 53 , 53 , 53 , 53 , 53 , 53 , 54 , 54 , 54 , 54 , 54 , 54 ,,,,,,,,,,,,,,,,,,,
2705,EL, 66 , 66 , 66 , 66 , 66 , 67 , 67 , 67 , 67 , 67 , 67 , 68 , 68 ,,,,,,,,,,,,,,,,,,,
2706,EL, 39 , 39 , 39 , 39 , 39 , 39 , 39 , 39 , 40 , 40 , 40 , 40 , 40 ,,,,,,,,,,,,,,,,,,,
3164,EL, 65 , 65 , 65 , 65 , 65 , 65 , 66 , 66 , 66 , 66 , 66 , 66 , 67 ,,,,,,,,,,,,,,,,,,,
3165,EL, 47 , 47 , 47 , 47 , 47 , 47 , 48 , 48 , 48 , 48 , 48 , 48 , 48 ,,,,,,,,,,,,,,,,,,,
3166,EL, 42 , 42 , 42 , 42 , 43 , 43 , 43 , 43 , 43 , 43 , 43 , 43 , 43 ,,,,,,,,,,,,,,,,,,,
3346,EL, 11 , 11 , 11 , 11 , 11 , 11 , 11 , 11 , 11 , 11 , 11 , 11 , 11 ,,,,,,,,,,,,,,,,,,,
3347,EL, 36 , 36 , 36 , 36 , 37 , 37 , 37 , 37 , 37 , 37 , 37 , 37 , 37 ,,,,,,,,,,,,,,,,,,,
3436,EL, 4 , 4 , 4 , 4 , 4 , 4 , 4 , 4 , 4 , 4 , 4 , 4 , 4 ,,,,,,,,,,,,,,,,,,,
3437,EL, 46 , 47 , 47 , 47 , 47 , 47 , 47 , 47 , 47 , 47 , 48 , 48 , 48 ,,,,,,,,,,,,,,,,,,,
3548,EL, 106 , 106 , 106 , 107 , 107 , 107 , 107 , 108 , 108 , 108 , 108 , 109 , 109 ,,,,,,,,,,,,,,,,,,,
3549,EL, 70 , 70 , 70 , 70 , 70 , 70 , 71 , 71 , 71 , 71 , 71 , 71 , 72 ,,,,,,,,,,,,,,,,,,,
3920,EL, - , 0 , 0 , 0 , 0 , 0 , 0 , 1 , 1 , 1 , 1 , 1 , 1 ,,,,,,,,,,,,,,,,,,,
3933,EL, 41 , 41 , 41 , 42 , 42 , 42 , 42 , 42 , 42 , 42 , 42 , 43 , 43 ,,,,,,,,,,,,,,,,,,,
174,Gold," 5,536 "," 5,604 "," 5,672 "," 5,740 "," 5,825 "," 5,910 "," 5,995 "," 6,097 "," 6,199 "," 6,302 "," 6,387 "," 6,472 "," 6,557 ",,,,,,,,,,,,,,,,,,,
175,Gold," 2,852 "," 2,914 "," 2,976 "," 3,039 "," 3,116 "," 3,194 "," 3,271 "," 3,365 "," 3,458 "," 3,551 "," 3,629 "," 3,706 "," 3,784 ",,,,,,,,,,,,,,,,,,,
176,Gold," 4,639 "," 4,769 "," 4,898 "," 5,028 "," 5,191 "," 5,353 "," 5,515 "," 5,710 "," 5,904 "," 6,099 "," 6,261 "," 6,424 "," 6,586 ",,,,,,,,,,,,,,,,,,,
230,Gold," 3,726 "," 3,867 "," 4,008 "," 4,149 "," 4,326 "," 4,502 "," 4,678 "," 4,890 "," 5,102 "," 5,313 "," 5,490 "," 5,666 "," 5,843 ",,,,,,,,,,,,,,,,,,,
232,Gold," 4,142 "," 4,258 "," 4,374 "," 4,490 "," 4,635 "," 4,780 "," 4,926 "," 5,100 "," 5,274 "," 5,448 "," 5,593 "," 5,738 "," 5,883 ",,,,,,,,,,,,,,,,,,,
237,Gold," 3,557 "," 3,694 "," 3,832 "," 3,969 "," 4,141 "," 4,313 "," 4,485 "," 4,691 "," 4,898 "," 5,104 "," 5,276 "," 5,448 "," 5,620 ",,,,,,,,,,,,,,,,,,,
243,Gold," 3,363 "," 3,452 "," 3,541 "," 3,630 "," 3,741 "," 3,852 "," 3,963 "," 4,097 "," 4,230 "," 4,363 "," 4,474 "," 4,586 "," 4,697 ",,,,,,,,,,,,,,,,,,,
332,Gold," 3,723 "," 3,942 "," 4,160 "," 4,378 "," 4,651 "," 4,924 "," 5,197 "," 5,524 "," 5,851 "," 6,179 "," 6,452 "," 6,724 "," 6,997 ",,,,,,,,,,,,,,,,,,,
376,Gold," 4,921 "," 5,044 "," 5,168 "," 5,292 "," 5,446 "," 5,601 "," 5,755 "," 5,941 "," 6,126 "," 6,312 "," 6,466 "," 6,621 "," 6,775 ",,,,,,,,,,,,,,,,,,,
883,Gold," 3,891 "," 3,970 "," 4,049 "," 4,128 "," 4,227 "," 4,325 "," 4,424 "," 4,542 "," 4,660 "," 4,779 "," 4,877 "," 4,976 "," 5,075 ",,,,,,,,,,,,,,,,,,,
910,Gold," 2,753 "," 2,798 "," 2,844 "," 2,889 "," 2,946 "," 3,003 "," 3,059 "," 3,128 "," 3,196 "," 3,264 "," 3,320 "," 3,377 "," 3,434 ",,,,,,,,,,,,,,,,,,,
911,Gold," 2,580 "," 2,645 "," 2,711 "," 2,776 "," 2,857 "," 2,939 "," 3,020 "," 3,118 "," 3,216 "," 3,313 "," 3,395 "," 3,476 "," 3,558 ",,,,,,,,,,,,,,,,,,,
924,Gold," 3,029 "," 3,107 "," 3,186 "," 3,265 "," 3,363 "," 3,461 "," 3,560 "," 3,678 "," 3,796 "," 3,914 "," 4,012 "," 4,111 "," 4,209 ",,,,,,,,,,,,,,,,,,,
1013,Gold," 8,193 "," 8,309 "," 8,426 "," 8,542 "," 8,688 "," 8,833 "," 8,979 "," 9,154 "," 9,328 "," 9,503 "," 9,648 "," 9,794 "," 9,940 ",,,,,,,,,,,,,,,,,,,
1044,Gold," 6,135 "," 6,237 "," 6,338 "," 6,439 "," 6,566 "," 6,693 "," 6,819 "," 6,971 "," 7,123 "," 7,275 "," 7,402 "," 7,528 "," 7,655 ",,,,,,,,,,,,,,,,,,,
1112,Gold," 1,954 "," 1,997 "," 2,041 "," 2,084 "," 2,138 "," 2,193 "," 2,247 "," 2,312 "," 2,377 "," 2,443 "," 2,497 "," 2,551 "," 2,606 ",,,,,,,,,,,,,,,,,,,
1152,Gold," 2,533 "," 2,607 "," 2,682 "," 2,756 "," 2,849 "," 2,942 "," 3,035 "," 3,146 "," 3,258 "," 3,369 "," 3,462 "," 3,555 "," 3,648 ",,,,,,,,,,,,,,,,,,,
1220,Gold," 4,265 "," 4,348 "," 4,431 "," 4,514 "," 4,617 "," 4,721 "," 4,824 "," 4,948 "," 5,072 "," 5,197 "," 5,300 "," 5,404 "," 5,507 ",,,,,,,,,,,,,,,,,,,
1221,Gold," 2,982 "," 3,047 "," 3,112 "," 3,177 "," 3,258 "," 3,340 "," 3,421 "," 3,519 "," 3,617 "," 3,714 "," 3,796 "," 3,877 "," 3,958 ",,,,,,,,,,,,,,,,,,,
1258,Gold," 2,469 "," 2,551 "," 2,632 "," 2,713 "," 2,814 "," 2,916 "," 3,017 "," 3,139 "," 3,261 "," 3,383 "," 3,484 "," 3,585 "," 3,687 ",,,,,,,,,,,,,,,,,,,
1314,Gold," 4,094 "," 4,312 "," 4,529 "," 4,747 "," 5,019 "," 5,291 "," 5,562 "," 5,889 "," 6,215 "," 6,541 "," 6,813 "," 7,085 "," 7,357 ",,,,,,,,,,,,,,,,,,,
1316,Gold," 2,648 "," 2,706 "," 2,763 "," 2,821 "," 2,894 "," 2,966 "," 3,038 "," 3,125 "," 3,212 "," 3,299 "," 3,371 "," 3,444 "," 3,516 ",,,,,,,,,,,,,,,,,,,
1317,Gold," 2,180 "," 2,229 "," 2,277 "," 2,326 "," 2,387 "," 2,447 "," 2,508 "," 2,581 "," 2,654 "," 2,726 "," 2,787 "," 2,848 "," 2,908 ",,,,,,,,,,,,,,,,,,,
1401,Gold," 4,838 "," 4,964 "," 5,091 "," 5,217 "," 5,374 "," 5,532 "," 5,690 "," 5,879 "," 6,068 "," 6,257 "," 6,415 "," 6,572 "," 6,730 ",,,,,,,,,,,,,,,,,,,
1560,Gold," 4,716 "," 4,822 "," 4,929 "," 5,035 "," 5,167 "," 5,300 "," 5,433 "," 5,592 "," 5,751 "," 5,910 "," 6,043 "," 6,176 "," 6,308 ",,,,,,,,,,,,,,,,,,,
1789,Gold," 3,358 "," 3,447 "," 3,537 "," 3,626 "," 3,738 "," 3,849 "," 3,961 "," 4,095 "," 4,229 "," 4,363 "," 4,475 "," 4,586 "," 4,698 ",,,,,,,,,,,,,,,,,,,
1830,Gold," 4,566 "," 4,695 "," 4,824 "," 4,953 "," 5,114 "," 5,276 "," 5,437 "," 5,630 "," 5,824 "," 6,017 "," 6,178 "," 6,340 "," 6,501 ",,,,,,,,,,,,,,,,,,,
1896,Gold," 4,928 "," 5,050 "," 5,171 "," 5,292 "," 5,443 "," 5,595 "," 5,746 "," 5,928 "," 6,110 "," 6,291 "," 6,443 "," 6,594 "," 6,746 ",,,,,,,,,,,,,,,,,,,
1919,Gold," 4,247 "," 4,329 "," 4,412 "," 4,495 "," 4,598 "," 4,701 "," 4,805 "," 4,929 "," 5,053 "," 5,177 "," 5,280 "," 5,384 "," 5,487 ",,,,,,,,,,,,,,,,,,,
1931,Gold," 4,085 "," 4,155 "," 4,225 "," 4,295 "," 4,382 "," 4,469 "," 4,556 "," 4,661 "," 4,765 "," 4,870 "," 4,957 "," 5,044 "," 5,132 ",,,,,,,,,,,,,,,,,,,
2098,Gold," 3,907 "," 4,001 "," 4,096 "," 4,191 "," 4,309 "," 4,427 "," 4,545 "," 4,687 "," 4,829 "," 4,971 "," 5,089 "," 5,207 "," 5,326 ",,,,,,,,,,,,,,,,,,,
2286,Gold," 4,736 "," 4,879 "," 5,022 "," 5,165 "," 5,343 "," 5,522 "," 5,700 "," 5,915 "," 6,129 "," 6,343 "," 6,522 "," 6,700 "," 6,879 ",,,,,,,,,,,,,,,,,,,
2287,Gold," 3,535 "," 3,617 "," 3,700 "," 3,783 "," 3,886 "," 3,990 "," 4,093 "," 4,217 "," 4,341 "," 4,465 "," 4,569 "," 4,672 "," 4,775 ",,,,,,,,,,,,,,,,,,,
2288,Gold," 4,040 "," 4,143 "," 4,246 "," 4,349 "," 4,477 "," 4,606 "," 4,735 "," 4,889 "," 5,043 "," 5,197 "," 5,326 "," 5,454 "," 5,583 ",,,,,,,,,,,,,,,,,,,
2461,Gold," 6,133 "," 6,332 "," 6,531 "," 6,730 "," 6,978 "," 7,227 "," 7,475 "," 7,773 "," 8,072 "," 8,370 "," 8,618 "," 8,867 "," 9,115 ",,,,,,,,,,,,,,,,,,,
2464,Gold," 3,676 "," 3,786 "," 3,896 "," 4,006 "," 4,144 "," 4,282 "," 4,419 "," 4,585 "," 4,750 "," 4,915 "," 5,053 "," 5,191 "," 5,328 ",,,,,,,,,,,,,,,,,,,
2574,Gold," 8,297 "," 8,422 "," 8,548 "," 8,673 "," 8,830 "," 8,987 "," 9,144 "," 9,333 "," 9,521 "," 9,710 "," 9,867 "," 10,024 "," 10,181 ",,,,,,,,,,,,,,,,,,,
2685,Gold," 5,113 "," 5,298 "," 5,483 "," 5,668 "," 5,899 "," 6,130 "," 6,362 "," 6,639 "," 6,917 "," 7,194 "," 7,426 "," 7,657 "," 7,888 ",,,,,,,,,,,,,,,,,,,
2686,Gold," 2,514 "," 2,535 "," 2,556 "," 2,577 "," 2,604 "," 2,630 "," 2,656 "," 2,688 "," 2,719 "," 2,751 "," 2,777 "," 2,804 "," 2,830 ",,,,,,,,,,,,,,,,,,,
2702,Gold," 3,756 "," 3,872 "," 3,988 "," 4,105 "," 4,250 "," 4,395 "," 4,540 "," 4,714 "," 4,888 "," 5,062 "," 5,208 "," 5,353 "," 5,498 ",,,,,,,,,,,,,,,,,,,
2703,Gold," 6,290 "," 6,528 "," 6,766 "," 7,004 "," 7,302 "," 7,599 "," 7,897 "," 8,254 "," 8,611 "," 8,968 "," 9,266 "," 9,564 "," 9,861 ",,,,,,,,,,,,,,,,,,,
2704,Gold," 2,788 "," 2,829 "," 2,870 "," 2,911 "," 2,963 "," 3,015 "," 3,066 "," 3,128 "," 3,190 "," 3,252 "," 3,304 "," 3,355 "," 3,407 ",,,,,,,,,,,,,,,,,,,
2705,Gold," 6,426 "," 6,571 "," 6,716 "," 6,860 "," 7,041 "," 7,222 "," 7,403 "," 7,620 "," 7,837 "," 8,054 "," 8,235 "," 8,416 "," 8,597 ",,,,,,,,,,,,,,,,,,,
2706,Gold," 3,872 "," 3,913 "," 3,955 "," 3,997 "," 4,049 "," 4,101 "," 4,153 "," 4,215 "," 4,278 "," 4,340 "," 4,393 "," 4,445 "," 4,497 ",,,,,,,,,,,,,,,,,,,
3164,Gold," 5,246 "," 5,385 "," 5,523 "," 5,661 "," 5,834 "," 6,007 "," 6,180 "," 6,388 "," 6,595 "," 6,803 "," 6,976 "," 7,148 "," 7,321 ",,,,,,,,,,,,,,,,,,,
3165,Gold," 4,764 "," 4,858 "," 4,952 "," 5,045 "," 5,162 "," 5,280 "," 5,397 "," 5,537 "," 5,678 "," 5,818 "," 5,935 "," 6,052 "," 6,169 ",,,,,,,,,,,,,,,,,,,
3166,Gold," 2,694 "," 2,752 "," 2,810 "," 2,869 "," 2,941 "," 3,014 "," 3,087 "," 3,175 "," 3,262 "," 3,349 "," 3,422 "," 3,495 "," 3,568 ",,,,,,,,,,,,,,,,,,,
3346,Gold," 1,920 "," 1,978 "," 2,035 "," 2,093 "," 2,165 "," 2,237 "," 2,309 "," 2,396 "," 2,482 "," 2,569 "," 2,641 "," 2,713 "," 2,785 ",,,,,,,,,,,,,,,,,,,
3347,Gold," 2,934 "," 3,047 "," 3,160 "," 3,273 "," 3,414 "," 3,556 "," 3,697 "," 3,867 "," 4,036 "," 4,206 "," 4,348 "," 4,489 "," 4,630 ",,,,,,,,,,,,,,,,,,,
3436,Gold," 1,433 "," 1,477 "," 1,520 "," 1,563 "," 1,618 "," 1,672 "," 1,726 "," 1,791 "," 1,856 "," 1,921 "," 1,975 "," 2,029 "," 2,083 ",,,,,,,,,,,,,,,,,,,
3437,Gold," 4,066 "," 4,130 "," 4,194 "," 4,258 "," 4,337 "," 4,417 "," 4,496 "," 4,592 "," 4,687 "," 4,783 "," 4,863 "," 4,942 "," 5,022 ",,,,,,,,,,,,,,,,,,,
3548,Gold," 2,937 "," 3,017 "," 3,096 "," 3,176 "," 3,276 "," 3,376 "," 3,476 "," 3,595 "," 3,715 "," 3,835 "," 3,935 "," 4,034 "," 4,134 ",,,,,,,,,,,,,,,,,,,
3549,Gold," 2,099 "," 2,125 "," 2,152 "," 2,179 "," 2,212 "," 2,246 "," 2,279 "," 2,319 "," 2,360 "," 2,400 "," 2,433 "," 2,467 "," 2,500 ",,,,,,,,,,,,,,,,,,,
3920,Gold, - , 35 , 71 , 106 , 150 , 194 , 239 , 292 , 345 , 398 , 442 , 486 , 530 ,,,,,,,,,,,,,,,,,,,
3933,Gold," 2,101 "," 2,154 "," 2,207 "," 2,260 "," 2,327 "," 2,394 "," 2,460 "," 2,540 "," 2,620 "," 2,700 "," 2,766 "," 2,833 "," 2,899 ",,,,,,,,,,,,,,,,,,,
174,Gov, - , 0 , 0 , 0 , 0 , 0 , 0 , 0 , 0 , 0 , 0 , 0 , 0 ,,,,,,,,,,,,,,,,,,,
175,Gov, 1 , 1 , 1 , 1 , 1 , 1 , 1 , 1 , 1 , 1 , 1 , 2 , 2 ,,,,,,,,,,,,,,,,,,,
176,Gov, - , 0 , 0 , 0 , 0 , 0 , 0 , 0 , 0 , 0 , 0 , 0 , 0 ,,,,,,,,,,,,,,,,,,,
230,Gov, 4 , 4 , 4 , 4 , 4 , 4 , 4 , 5 , 5 , 5 , 5 , 5 , 5 ,,,,,,,,,,,,,,,,,,,
232,Gov, - , 0 , 0 , 0 , 0 , 0 , 0 , 0 , 0 , 0 , 0 , 0 , 0 ,,,,,,,,,,,,,,,,,,,
237,Gov, 0 , 0 , 0 , 0 , 0 , 0 , 0 , 0 , 0 , 0 , 0 , 0 , 0 ,,,,,,,,,,,,,,,,,,,
243,Gov, 2 , 3 , 3 , 3 , 3 , 3 , 3 , 3 , 3 , 3 , 3 , 4 , 4 ,,,,,,,,,,,,,,,,,,,
332,Gov, - , 0 , 0 , 0 , 0 , 0 , 0 , 0 , 0 , 0 , 0 , 0 , 0 ,,,,,,,,,,,,,,,,,,,
376,Gov, 0 , 1 , 1 , 1 , 2 , 2 , 3 , 3 , 4 , 4 , 5 , 5 , 6 ,,,,,,,,,,,,,,,,,,,
883,Gov, - , 0 , 0 , 0 , 0 , 0 , 0 , 0 , 0 , 0 , 0 , 0 , 0 ,,,,,,,,,,,,,,,,,,,
910,Gov, 2 , 2 , 2 , 2 , 3 , 3 , 3 , 3 , 3 , 3 , 3 , 3 , 3 ,,,,,,,,,,,,,,,,,,,
911,Gov, - , 0 , 0 , 0 , 0 , 0 , 0 , 0 , 0 , 0 , 0 , 0 , 0 ,,,,,,,,,,,,,,,,,,,
924,Gov, 10 , 10 , 10 , 10 , 11 , 11 , 11 , 11 , 11 , 11 , 11 , 11 , 11 ,,,,,,,,,,,,,,,,,,,
1013,Gov, 1 , 1 , 1 , 1 , 1 , 2 , 2 , 2 , 2 , 2 , 2 , 2 , 2 ,,,,,,,,,,,,,,,,,,,
1044,Gov, - , 0 , 0 , 0 , 0 , 0 , 0 , 0 , 0 , 0 , 0 , 0 , 0 ,,,,,,,,,,,,,,,,,,,
1112,Gov, - , 0 , 0 , 0 , 0 , 0 , 0 , 0 , 0 , 0 , 0 , 0 , 0 ,,,,,,,,,,,,,,,,,,,
1152,Gov, 5 , 5 , 6 , 6 , 6 , 6 , 6 , 7 , 7 , 7 , 7 , 7 , 8 ,,,,,,,,,,,,,,,,,,,
1220,Gov, - , 0 , 0 , 0 , 0 , 0 , 0 , 0 , 0 , 0 , 0 , 0 , 0 ,,,,,,,,,,,,,,,,,,,
1221,Gov, - , 0 , 0 , 0 , 0 , 0 , 0 , 0 , 0 , 0 , 0 , 0 , 0 ,,,,,,,,,,,,,,,,,,,
1258,Gov, 11 , 11 , 11 , 12 , 12 , 12 , 13 , 13 , 14 , 14 , 15 , 15 , 15 ,,,,,,,,,,,,,,,,,,,
1314,Gov, 2 , 2 , 2 , 2 , 2 , 2 , 2 , 2 , 2 , 2 , 2 , 2 , 2 ,,,,,,,,,,,,,,,,,,,
1316,Gov, 13 , 13 , 13 , 13 , 14 , 14 , 14 , 14 , 15 , 15 , 15 , 15 , 15 ,,,,,,,,,,,,,,,,,,,
1317,Gov, - , 0 , 0 , 0 , 0 , 0 , 0 , 0 , 0 , 0 , 0 , 0 , 0 ,,,,,,,,,,,,,,,,,,,
1401,Gov, 7 , 7 , 7 , 7 , 8 , 8 , 8 , 9 , 9 , 9 , 9 , 10 , 10 ,,,,,,,,,,,,,,,,,,,
1560,Gov, - , 0 , 0 , 0 , 0 , 0 , 0 , 0 , 0 , 0 , 0 , 0 , 0 ,,,,,,,,,,,,,,,,,,,
1789,Gov, - , - , - , - , - , - , - , - , - , - , - , - , - ,,,,,,,,,,,,,,,,,,,
1830,Gov, - , - , - , - , - , - , - , - , - , - , - , - , - ,,,,,,,,,,,,,,,,,,,
1896,Gov, - , - , - , - , - , - , - , - , - , - , - , - , - ,,,,,,,,,,,,,,,,,,,
1919,Gov, - , 0 , 0 , 0 , 0 , 0 , 0 , 0 , 0 , 0 , 0 , 0 , 0 ,,,,,,,,,,,,,,,,,,,
1931,Gov, - , 0 , 0 , 0 , 0 , 0 , 0 , 0 , 0 , 0 , 0 , 0 , 0 ,,,,,,,,,,,,,,,,,,,
2098,Gov, 27 , 27 , 28 , 29 , 30 , 31 , 32 , 33 , 34 , 36 , 37 , 38 , 39 ,,,,,,,,,,,,,,,,,,,
2286,Gov, - , 0 , 0 , 0 , 0 , 0 , 0 , 0 , 0 , 0 , 0 , 0 , 0 ,,,,,,,,,,,,,,,,,,,
2287,Gov, 2 , 2 , 2 , 2 , 2 , 2 , 2 , 2 , 3 , 3 , 3 , 3 , 3 ,,,,,,,,,,,,,,,,,,,
2288,Gov, - , 0 , 0 , 0 , 0 , 0 , 0 , 0 , 0 , 0 , 0 , 0 , 0 ,,,,,,,,,,,,,,,,,,,
2461,Gov, - , 0 , 0 , 0 , 0 , 0 , 0 , 0 , 0 , 0 , 0 , 0 , 0 ,,,,,,,,,,,,,,,,,,,
2464,Gov, 4 , 4 , 4 , 4 , 4 , 4 , 4 , 5 , 5 , 5 , 5 , 5 , 5 ,,,,,,,,,,,,,,,,,,,
2574,Gov, 7 , 7 , 7 , 7 , 8 , 8 , 8 , 8 , 9 , 9 , 9 , 10 , 10 ,,,,,,,,,,,,,,,,,,,
2685,Gov, 5 , 5 , 6 , 6 , 6 , 6 , 6 , 7 , 7 , 7 , 7 , 8 , 8 ,,,,,,,,,,,,,,,,,,,
2686,Gov, 5 , 5 , 5 , 5 , 5 , 5 , 5 , 6 , 6 , 6 , 6 , 6 , 7 ,,,,,,,,,,,,,,,,,,,
2702,Gov, - , 0 , 0 , 0 , 0 , 0 , 0 , 0 , 0 , 0 , 0 , 0 , 0 ,,,,,,,,,,,,,,,,,,,
2703,Gov, 4 , 4 , 4 , 4 , 5 , 5 , 5 , 5 , 5 , 6 , 6 , 6 , 6 ,,,,,,,,,,,,,,,,,,,
2704,Gov, - , 0 , 0 , 0 , 0 , 0 , 0 , 0 , 0 , 0 , 0 , 0 , 0 ,,,,,,,,,,,,,,,,,,,
2705,Gov, 8 , 8 , 8 , 8 , 9 , 9 , 9 , 10 , 10 , 10 , 11 , 11 , 11 ,,,,,,,,,,,,,,,,,,,
2706,Gov, 4 , 4 , 4 , 4 , 4 , 4 , 5 , 5 , 5 , 5 , 5 , 5 , 6 ,,,,,,,,,,,,,,,,,,,
3164,Gov, - , 0 , 0 , 0 , 0 , 0 , 0 , 0 , 0 , 0 , 0 , 0 , 0 ,,,,,,,,,,,,,,,,,,,
3165,Gov, - , 0 , 0 , 0 , 0 , 0 , 0 , 0 , 0 , 0 , 0 , 0 , 0 ,,,,,,,,,,,,,,,,,,,
3166,Gov, - , 0 , 0 , 0 , 0 , 0 , 0 , 0 , 0 , 0 , 0 , 0 , 0 ,,,,,,,,,,,,,,,,,,,
3346,Gov, 2 , 2 , 2 , 2 , 2 , 2 , 2 , 2 , 2 , 2 , 2 , 2 , 2 ,,,,,,,,,,,,,,,,,,,
3347,Gov, 2 , 2 , 2 , 2 , 2 , 3 , 3 , 3 , 3 , 3 , 3 , 3 , 3 ,,,,,,,,,,,,,,,,,,,
3436,Gov, 9 , 9 , 9 , 9 , 10 , 10 , 10 , 11 , 11 , 11 , 12 , 12 , 12 ,,,,,,,,,,,,,,,,,,,
3437,Gov, - , 0 , 0 , 0 , 0 , 0 , 0 , 0 , 0 , 0 , 0 , 0 , 0 ,,,,,,,,,,,,,,,,,,,
3548,Gov, 18 , 18 , 19 , 20 , 20 , 21 , 22 , 23 , 23 , 24 , 25 , 26 , 26 ,,,,,,,,,,,,,,,,,,,
3549,Gov, - , 0 , 0 , 0 , 0 , 0 , 0 , 0 , 0 , 0 , 0 , 0 , 0 ,,,,,,,,,,,,,,,,,,,
3920,Gov, - , 0 , 0 , 0 , 0 , 0 , 0 , 1 , 1 , 1 , 1 , 1 , 1 ,,,,,,,,,,,,,,,,,,,
3933,Gov, 2 , 2 , 2 , 2 , 2 , 2 , 2 , 2 , 2 , 2 , 2 , 2 , 2 ,,,,,,,,,,,,,,,,,,,
174,HL, 900 , 910 , 921 , 932 , 945 , 959 , 972 , 988 ," 1,004 "," 1,020 "," 1,033 "," 1,047 "," 1,060 ",,,,,,,,,,,,,,,,,,,
175,HL, 312 , 316 , 321 , 325 , 331 , 337 , 342 , 349 , 356 , 363 , 369 , 374 , 380 ,,,,,,,,,,,,,,,,,,,
176,HL, 358 , 362 , 365 , 368 , 372 , 376 , 380 , 385 , 390 , 395 , 399 , 403 , 407 ,,,,,,,,,,,,,,,,,,,
230,HL, 635 , 640 , 646 , 651 , 657 , 664 , 671 , 679 , 687 , 694 , 701 , 708 , 714 ,,,,,,,,,,,,,,,,,,,
232,HL, 72 , 74 , 75 , 76 , 77 , 79 , 80 , 82 , 83 , 85 , 86 , 88 , 89 ,,,,,,,,,,,,,,,,,,,
237,HL, 55 , 56 , 57 , 58 , 59 , 60 , 61 , 62 , 64 , 65 , 66 , 67 , 68 ,,,,,,,,,,,,,,,,,,,
243,HL, 519 , 525 , 532 , 539 , 547 , 556 , 564 , 574 , 584 , 594 , 602 , 611 , 619 ,,,,,,,,,,,,,,,,,,,
332,HL," 1,720 "," 1,734 "," 1,748 "," 1,762 "," 1,780 "," 1,797 "," 1,815 "," 1,836 "," 1,857 "," 1,878 "," 1,896 "," 1,913 "," 1,931 ",,,,,,,,,,,,,,,,,,,
376,HL, 437 , 442 , 447 , 452 , 458 , 464 , 470 , 477 , 485 , 492 , 498 , 504 , 510 ,,,,,,,,,,,,,,,,,,,
883,HL, 144 , 146 , 148 , 151 , 153 , 156 , 159 , 162 , 165 , 169 , 172 , 174 , 177 ,,,,,,,,,,,,,,,,,,,
910,HL, 208 , 211 , 214 , 218 , 222 , 226 , 230 , 234 , 239 , 244 , 248 , 252 , 256 ,,,,,,,,,,,,,,,,,,,
911,HL, 52 , 53 , 54 , 55 , 55 , 56 , 57 , 58 , 59 , 60 , 61 , 62 , 63 ,,,,,,,,,,,,,,,,,,,
924,HL, 189 , 190 , 191 , 193 , 194 , 196 , 197 , 199 , 201 , 203 , 205 , 206 , 208 ,,,,,,,,,,,,,,,,,,,
1013,HL, 67 , 68 , 68 , 69 , 70 , 72 , 73 , 74 , 75 , 77 , 78 , 79 , 80 ,,,,,,,,,,,,,,,,,,,
1044,HL, 228 , 230 , 232 , 234 , 236 , 238 , 241 , 243 , 246 , 249 , 251 , 254 , 256 ,,,,,,,,,,,,,,,,,,,
1112,HL, 20 , 21 , 21 , 22 , 23 , 24 , 25 , 26 , 27 , 28 , 28 , 29 , 30 ,,,,,,,,,,,,,,,,,,,
1152,HL, 139 , 141 , 143 , 145 , 148 , 151 , 153 , 157 , 160 , 163 , 166 , 168 , 171 ,,,,,,,,,,,,,,,,,,,
1220,HL, 332 , 337 , 342 , 347 , 354 , 360 , 366 , 374 , 382 , 389 , 395 , 402 , 408 ,,,,,,,,,,,,,,,,,,,
1221,HL, 0 , 1 , 2 , 2 , 3 , 4 , 5 , 6 , 7 , 8 , 9 , 10 , 11 ,,,,,,,,,,,,,,,,,,,
1258,HL, 569 , 578 , 587 , 595 , 606 , 617 , 628 , 641 , 654 , 667 , 678 , 689 , 700 ,,,,,,,,,,,,,,,,,,,
1314,HL, 825 , 837 , 849 , 860 , 875 , 889 , 904 , 921 , 939 , 956 , 971 , 985 ," 1,000 ",,,,,,,,,,,,,,,,,,,
1316,HL, 22 , 23 , 23 , 24 , 25 , 26 , 27 , 28 , 29 , 30 , 31 , 32 , 33 ,,,,,,,,,,,,,,,,,,,
1317,HL, 153 , 154 , 156 , 157 , 159 , 160 , 162 , 164 , 166 , 168 , 170 , 171 , 173 ,,,,,,,,,,,,,,,,,,,
1401,HL, 186 , 189 , 192 , 195 , 199 , 202 , 206 , 210 , 214 , 218 , 222 , 226 , 229 ,,,,,,,,,,,,,,,,,,,
1560,HL, 296 , 299 , 302 , 305 , 309 , 313 , 316 , 321 , 325 , 330 , 334 , 337 , 341 ,,,,,,,,,,,,,,,,,,,
1789,HL, 597 , 606 , 616 , 625 , 636 , 648 , 659 , 673 , 687 , 701 , 712 , 724 , 735 ,,,,,,,,,,,,,,,,,,,
1830,HL, 517 , 520 , 524 , 528 , 532 , 536 , 541 , 546 , 552 , 557 , 561 , 566 , 570 ,,,,,,,,,,,,,,,,,,,
1896,HL, 566 , 575 , 584 , 593 , 604 , 614 , 625 , 638 , 651 , 665 , 675 , 686 , 697 ,,,,,,,,,,,,,,,,,,,
1919,HL, 271 , 274 , 276 , 279 , 282 , 285 , 289 , 293 , 296 , 300 , 304 , 307 , 310 ,,,,,,,,,,,,,,,,,,,
1931,HL, 214 , 217 , 220 , 224 , 228 , 232 , 236 , 241 , 246 , 251 , 255 , 259 , 263 ,,,,,,,,,,,,,,,,,,,
2098,HL," 1,073 "," 1,089 "," 1,106 "," 1,122 "," 1,143 "," 1,164 "," 1,184 "," 1,209 "," 1,234 "," 1,259 "," 1,279 "," 1,300 "," 1,321 ",,,,,,,,,,,,,,,,,,,
2286,HL, 475 , 480 , 486 , 491 , 498 , 505 , 511 , 519 , 527 , 535 , 542 , 549 , 555 ,,,,,,,,,,,,,,,,,,,
2287,HL, 253 , 256 , 259 , 262 , 266 , 269 , 273 , 277 , 282 , 286 , 290 , 293 , 297 ,,,,,,,,,,,,,,,,,,,
2288,HL, 238 , 242 , 246 , 249 , 254 , 258 , 263 , 268 , 274 , 279 , 284 , 289 , 293 ,,,,,,,,,,,,,,,,,,,
2461,HL, 214 , 217 , 221 , 224 , 228 , 232 , 236 , 241 , 246 , 251 , 255 , 259 , 263 ,,,,,,,,,,,,,,,,,,,
2464,HL, 366 , 369 , 371 , 374 , 377 , 380 , 383 , 387 , 390 , 394 , 397 , 400 , 403 ,,,,,,,,,,,,,,,,,,,
2574,HL, 395 , 401 , 407 , 413 , 421 , 428 , 436 , 445 , 454 , 463 , 471 , 479 , 486 ,,,,,,,,,,,,,,,,,,,
2685,HL, 320 , 325 , 330 , 334 , 340 , 346 , 352 , 360 , 367 , 374 , 380 , 386 , 392 ,,,,,,,,,,,,,,,,,,,
2686,HL, 377 , 382 , 388 , 394 , 401 , 408 , 416 , 424 , 433 , 442 , 449 , 456 , 463 ,,,,,,,,,,,,,,,,,,,
2702,HL, 80 , 81 , 82 , 84 , 85 , 86 , 88 , 89 , 91 , 93 , 94 , 96 , 97 ,,,,,,,,,,,,,,,,,,,
2703,HL, 372 , 375 , 379 , 382 , 386 , 391 , 395 , 400 , 405 , 410 , 414 , 418 , 422 ,,,,,,,,,,,,,,,,,,,
2704,HL, 66 , 67 , 68 , 69 , 70 , 71 , 73 , 74 , 76 , 77 , 78 , 80 , 81 ,,,,,,,,,,,,,,,,,,,
2705,HL, 205 , 209 , 212 , 215 , 219 , 223 , 227 , 232 , 236 , 241 , 245 , 249 , 253 ,,,,,,,,,,,,,,,,,,,
2706,HL, 166 , 168 , 169 , 171 , 173 , 175 , 177 , 179 , 182 , 184 , 186 , 188 , 190 ,,,,,,,,,,,,,,,,,,,
3164,HL, 26 , 27 , 27 , 28 , 29 , 30 , 30 , 31 , 32 , 33 , 34 , 35 , 36 ,,,,,,,,,,,,,,,,,,,
3165,HL, 366 , 372 , 377 , 383 , 390 , 397 , 404 , 412 , 421 , 429 , 436 , 443 , 450 ,,,,,,,,,,,,,,,,,,,
3166,HL, 177 , 180 , 182 , 185 , 189 , 192 , 195 , 200 , 204 , 208 , 211 , 215 , 218 ,,,,,,,,,,,,,,,,,,,
3346,HL, - , 1 , 1 , 2 , 3 , 4 , 5 , 6 , 7 , 8 , 9 , 10 , 11 ,,,,,,,,,,,,,,,,,,,
3347,HL, 178 , 180 , 183 , 186 , 189 , 192 , 195 , 199 , 203 , 207 , 210 , 213 , 216 ,,,,,,,,,,,,,,,,,,,
3436,HL, 224 , 228 , 231 , 234 , 238 , 243 , 247 , 252 , 257 , 262 , 266 , 270 , 274 ,,,,,,,,,,,,,,,,,,,
3437,HL, 96 , 97 , 99 , 100 , 102 , 104 , 106 , 108 , 110 , 112 , 114 , 116 , 118 ,,,,,,,,,,,,,,,,,,,
3548,HL, 133 , 134 , 136 , 137 , 138 , 140 , 142 , 144 , 145 , 147 , 149 , 150 , 152 ,,,,,,,,,,,,,,,,,,,
3549,HL, 82 , 83 , 84 , 86 , 87 , 89 , 91 , 93 , 95 , 97 , 98 , 100 , 102 ,,,,,,,,,,,,,,,,,,,
3920,HL, 15 , 18 , 22 , 25 , 29 , 33 , 38 , 43 , 48 , 53 , 57 , 61 , 65 ,,,,,,,,,,,,,,,,,,,
3933,HL, 165 , 167 , 169 , 171 , 174 , 177 , 179 , 182 , 185 , 189 , 191 , 194 , 197 ,,,,,,,,,,,,,,,,,,,
174,KCC, 18 , 18 , 18 , 18 , 18 , 18 , 18 , 18 , 19 , 19 , 19 , 19 , 19 ,,,,,,,,,,,,,,,,,,,
175,KCC, 107 , 107 , 107 , 107 , 107 , 108 , 108 , 108 , 108 , 108 , 109 , 109 , 109 ,,,,,,,,,,,,,,,,,,,
176,KCC, 87 , 87 , 87 , 88 , 88 , 88 , 89 , 89 , 89 , 90 , 90 , 91 , 91 ,,,,,,,,,,,,,,,,,,,
230,KCC, 16 , 16 , 16 , 16 , 16 , 16 , 16 , 16 , 16 , 17 , 17 , 17 , 17 ,,,,,,,,,,,,,,,,,,,
232,KCC, 94 , 95 , 95 , 95 , 95 , 95 , 95 , 95 , 95 , 96 , 96 , 96 , 96 ,,,,,,,,,,,,,,,,,,,
237,KCC, 30 , 30 , 30 , 30 , 30 , 30 , 30 , 30 , 31 , 31 , 31 , 31 , 31 ,,,,,,,,,,,,,,,,,,,
243,KCC, 170 , 170 , 170 , 170 , 171 , 171 , 171 , 172 , 172 , 172 , 172 , 173 , 173 ,,,,,,,,,,,,,,,,,,,
332,KCC, 6 , 6 , 6 , 6 , 6 , 6 , 6 , 6 , 6 , 6 , 6 , 6 , 6 ,,,,,,,,,,,,,,,,,,,
376,KCC, 17 , 17 , 17 , 17 , 17 , 17 , 17 , 17 , 17 , 17 , 17 , 17 , 17 ,,,,,,,,,,,,,,,,,,,
883,KCC, 9 , 9 , 9 , 9 , 9 , 9 , 9 , 9 , 9 , 9 , 9 , 9 , 9 ,,,,,,,,,,,,,,,,,,,
910,KCC, 8 , 8 , 8 , 8 , 8 , 8 , 8 , 8 , 8 , 8 , 8 , 8 , 8 ,,,,,,,,,,,,,,,,,,,
911,KCC, 16 , 16 , 16 , 16 , 16 , 16 , 16 , 16 , 16 , 16 , 16 , 16 , 16 ,,,,,,,,,,,,,,,,,,,
924,KCC, 81 , 81 , 82 , 82 , 82 , 83 , 83 , 83 , 84 , 84 , 84 , 85 , 85 ,,,,,,,,,,,,,,,,,,,
1013,KCC, 89 , 89 , 90 , 90 , 90 , 91 , 91 , 91 , 92 , 92 , 92 , 93 , 93 ,,,,,,,,,,,,,,,,,,,
1044,KCC, 38 , 38 , 38 , 38 , 39 , 39 , 39 , 39 , 39 , 39 , 40 , 40 , 40 ,,,,,,,,,,,,,,,,,,,
1112,KCC, 19 , 19 , 19 , 19 , 19 , 19 , 20 , 20 , 20 , 20 , 20 , 20 , 20 ,,,,,,,,,,,,,,,,,,,
1152,KCC, 138 , 138 , 138 , 138 , 138 , 139 , 139 , 139 , 139 , 140 , 140 , 140 , 140 ,,,,,,,,,,,,,,,,,,,
1220,KCC, 47 , 47 , 47 , 48 , 48 , 48 , 48 , 48 , 49 , 49 , 49 , 49 , 49 ,,,,,,,,,,,,,,,,,,,
1221,KCC, 17 , 17 , 17 , 17 , 17 , 17 , 17 , 17 , 17 , 17 , 17 , 18 , 18 ,,,,,,,,,,,,,,,,,,,
1258,KCC, 62 , 62 , 62 , 62 , 63 , 63 , 63 , 63 , 64 , 64 , 64 , 64 , 65 ,,,,,,,,,,,,,,,,,,,
1314,KCC, 5 , 5 , 5 , 5 , 5 , 5 , 5 , 6 , 6 , 6 , 6 , 6 , 6 ,,,,,,,,,,,,,,,,,,,
1316,KCC, 5 , 5 , 5 , 5 , 5 , 5 , 5 , 5 , 5 , 5 , 5 , 5 , 5 ,,,,,,,,,,,,,,,,,,,
1317,KCC, 10 , 10 , 10 , 10 , 10 , 10 , 10 , 10 , 10 , 10 , 10 , 10 , 10 ,,,,,,,,,,,,,,,,,,,
1401,KCC, 20 , 20 , 20 , 20 , 20 , 20 , 20 , 20 , 20 , 20 , 20 , 20 , 20 ,,,,,,,,,,,,,,,,,,,
1560,KCC, 30 , 30 , 30 , 30 , 30 , 30 , 30 , 31 , 31 , 31 , 31 , 31 , 31 ,,,,,,,,,,,,,,,,,,,
1789,KCC, 32 , 32 , 32 , 32 , 32 , 32 , 32 , 32 , 33 , 33 , 33 , 33 , 33 ,,,,,,,,,,,,,,,,,,,
1830,KCC, 6 , 6 , 6 , 6 , 6 , 6 , 6 , 6 , 6 , 6 , 6 , 6 , 6 ,,,,,,,,,,,,,,,,,,,
1896,KCC, 2 , 2 , 2 , 2 , 2 , 2 , 2 , 2 , 2 , 2 , 2 , 2 , 2 ,,,,,,,,,,,,,,,,,,,
1919,KCC, 15 , 15 , 15 , 15 , 15 , 15 , 15 , 15 , 15 , 15 , 15 , 15 , 16 ,,,,,,,,,,,,,,,,,,,
1931,KCC, 24 , 24 , 24 , 24 , 24 , 25 , 25 , 25 , 25 , 25 , 25 , 25 , 25 ,,,,,,,,,,,,,,,,,,,
2098,KCC, - , 0 , 1 , 1 , 1 , 2 , 2 , 3 , 3 , 3 , 4 , 4 , 5 ,,,,,,,,,,,,,,,,,,,
2286,KCC, 30 , 31 , 31 , 31 , 31 , 31 , 31 , 31 , 31 , 31 , 31 , 31 , 31 ,,,,,,,,,,,,,,,,,,,
2287,KCC, 2 , 2 , 2 , 2 , 2 , 2 , 2 , 2 , 2 , 2 , 2 , 2 , 2 ,,,,,,,,,,,,,,,,,,,
2288,KCC, 11 , 11 , 11 , 11 , 11 , 11 , 11 , 11 , 11 , 11 , 11 , 11 , 11 ,,,,,,,,,,,,,,,,,,,
2461,KCC, 9 , 9 , 9 , 9 , 9 , 9 , 9 , 9 , 9 , 9 , 9 , 9 , 9 ,,,,,,,,,,,,,,,,,,,
2464,KCC, 17 , 17 , 17 , 17 , 17 , 17 , 17 , 17 , 18 , 18 , 18 , 18 , 18 ,,,,,,,,,,,,,,,,,,,
2574,KCC, 25 , 25 , 25 , 25 , 25 , 25 , 25 , 25 , 25 , 26 , 26 , 26 , 26 ,,,,,,,,,,,,,,,,,,,
2685,KCC, - , 0 , 1 , 1 , 1 , 2 , 2 , 3 , 3 , 4 , 4 , 5 , 5 ,,,,,,,,,,,,,,,,,,,
2686,KCC, 1 , 1 , 1 , 1 , 1 , 1 , 1 , 1 , 1 , 1 , 1 , 1 , 1 ,,,,,,,,,,,,,,,,,,,
2702,KCC, 19 , 19 , 19 , 19 , 19 , 19 , 19 , 20 , 20 , 20 , 20 , 20 , 20 ,,,,,,,,,,,,,,,,,,,
2703,KCC, 9 , 9 , 9 , 9 , 9 , 9 , 10 , 10 , 10 , 10 , 10 , 10 , 10 ,,,,,,,,,,,,,,,,,,,
2704,KCC, 1 , 1 , 1 , 1 , 1 , 1 , 1 , 1 , 1 , 1 , 1 , 1 , 1 ,,,,,,,,,,,,,,,,,,,
2705,KCC, 20 , 20 , 20 , 20 , 20 , 20 , 20 , 21 , 21 , 21 , 21 , 21 , 22 ,,,,,,,,,,,,,,,,,,,
2706,KCC, 28 , 28 , 28 , 28 , 28 , 28 , 28 , 28 , 28 , 28 , 29 , 29 , 29 ,,,,,,,,,,,,,,,,,,,
3164,KCC, 11 , 11 , 12 , 12 , 12 , 12 , 12 , 12 , 12 , 12 , 12 , 12 , 12 ,,,,,,,,,,,,,,,,,,,
3165,KCC, 1 , 1 , 1 , 1 , 1 , 1 , 1 , 1 , 1 , 1 , 1 , 1 , 1 ,,,,,,,,,,,,,,,,,,,
3166,KCC, 25 , 25 , 25 , 25 , 25 , 26 , 26 , 26 , 26 , 26 , 26 , 26 , 26 ,,,,,,,,,,,,,,,,,,,
3346,KCC, 10 , 10 , 10 , 10 , 10 , 10 , 10 , 10 , 10 , 10 , 10 , 10 , 10 ,,,,,,,,,,,,,,,,,,,
3347,KCC, 15 , 15 , 15 , 15 , 15 , 15 , 15 , 15 , 16 , 16 , 16 , 16 , 16 ,,,,,,,,,,,,,,,,,,,
3436,KCC, - , 0 , 1 , 1 , 1 , 2 , 2 , 3 , 3 , 4 , 4 , 5 , 5 ,,,,,,,,,,,,,,,,,,,
3437,KCC, 16 , 16 , 16 , 16 , 16 , 16 , 16 , 16 , 16 , 16 , 16 , 16 , 16 ,,,,,,,,,,,,,,,,,,,
3548,KCC, 57 , 57 , 57 , 58 , 58 , 58 , 58 , 58 , 59 , 59 , 59 , 59 , 60 ,,,,,,,,,,,,,,,,,,,
3549,KCC, 65 , 65 , 65 , 66 , 66 , 66 , 66 , 67 , 67 , 67 , 67 , 68 , 68 ,,,,,,,,,,,,,,,,,,,
3920,KCC, - , 0 , 1 , 1 , 1 , 2 , 2 , 3 , 3 , 4 , 4 , 5 , 5 ,,,,,,,,,,,,,,,,,,,
3933,KCC, 16 , 16 , 16 , 16 , 16 , 16 , 16 , 16 , 16 , 16 , 17 , 17 , 17 ,,,,,,,,,,,,,,,,,,,
174,Liq, - , - , - , - , - , - , - , - , - , - , - , - , - ,,,,,,,,,,,,,,,,,,,
175,Liq, - , - , - , - , - , - , - , - , - , - , - , - , - ,,,,,,,,,,,,,,,,,,,
176,Liq, - , - , - , - , - , - , - , - , - , - , - , - , - ,,,,,,,,,,,,,,,,,,,
230,Liq, - , - , - , - , - , - , - , - , - , - , - , - , - ,,,,,,,,,,,,,,,,,,,
232,Liq, - , - , - , - , - , - , - , - , - , - , - , - , - ,,,,,,,,,,,,,,,,,,,
237,Liq, - , - , - , - , - , - , - , - , - , - , - , - , - ,,,,,,,,,,,,,,,,,,,
243,Liq, - , - , - , - , - , - , - , - , - , - , - , - , - ,,,,,,,,,,,,,,,,,,,
332,Liq, - , - , - , - , - , - , - , - , - , - , - , - , - ,,,,,,,,,,,,,,,,,,,
376,Liq, - , - , - , - , - , - , - , - , - , - , - , - , - ,,,,,,,,,,,,,,,,,,,
883,Liq, - , - , - , - , - , - , - , - , - , - , - , - , - ,,,,,,,,,,,,,,,,,,,
910,Liq, - , - , - , - , - , - , - , - , - , - , - , - , - ,,,,,,,,,,,,,,,,,,,
911,Liq, - , - , - , - , - , - , - , - , - , - , - , - , - ,,,,,,,,,,,,,,,,,,,
924,Liq, - , - , - , - , - , - , - , - , - , - , - , - , - ,,,,,,,,,,,,,,,,,,,
1013,Liq, - , - , - , - , - , - , - , - , - , - , - , - , - ,,,,,,,,,,,,,,,,,,,
1044,Liq, - , - , - , - , - , - , - , - , - , - , - , - , - ,,,,,,,,,,,,,,,,,,,
1112,Liq, - , - , - , - , - , - , - , - , - , - , - , - , - ,,,,,,,,,,,,,,,,,,,
1152,Liq, - , - , - , - , - , - , - , - , - , - , - , - , - ,,,,,,,,,,,,,,,,,,,
1220,Liq, 8 , 8 , 8 , 8 , 8 , 8 , 8 , 8 , 8 , 8 , 8 , 8 , 8 ,,,,,,,,,,,,,,,,,,,
1221,Liq, - , - , - , - , - , - , - , - , - , - , - , - , - ,,,,,,,,,,,,,,,,,,,
1258,Liq, - , - , - , - , - , - , - , - , - , - , - , - , - ,,,,,,,,,,,,,,,,,,,
1314,Liq, - , 0 , 0 , 0 , 0 , 0 , 0 , 0 , 0 , 0 , 0 , 0 , 0 ,,,,,,,,,,,,,,,,,,,
1316,Liq, - , - , - , - , - , - , - , - , - , - , - , - , - ,,,,,,,,,,,,,,,,,,,
1317,Liq, - , - , - , - , - , - , - , - , - , - , - , - , - ,,,,,,,,,,,,,,,,,,,
1401,Liq, - , - , - , - , - , - , - , - , - , - , - , - , - ,,,,,,,,,,,,,,,,,,,
1560,Liq, - , - , - , - , - , - , - , - , - , - , - , - , - ,,,,,,,,,,,,,,,,,,,
1789,Liq, - , - , - , - , - , - , - , - , - , - , - , - , - ,,,,,,,,,,,,,,,,,,,
1830,Liq, - , - , - , - , - , - , - , - , - , - , - , - , - ,,,,,,,,,,,,,,,,,,,
1896,Liq, - , - , - , - , - , - , - , - , - , - , - , - , - ,,,,,,,,,,,,,,,,,,,
1919,Liq, - , - , - , - , - , - , - , - , - , - , - , - , - ,,,,,,,,,,,,,,,,,,,
1931,Liq, - , - , - , - , - , - , - , - , - , - , - , - , - ,,,,,,,,,,,,,,,,,,,
2098,Liq, - , - , - , - , - , - , - , - , - , - , - , - , - ,,,,,,,,,,,,,,,,,,,
2286,Liq, - , - , - , - , - , - , - , - , - , - , - , - , - ,,,,,,,,,,,,,,,,,,,
2287,Liq, - , - , - , - , - , - , - , - , - , - , - , - , - ,,,,,,,,,,,,,,,,,,,
2288,Liq, - , - , - , - , - , - , - , - , - , - , - , - , - ,,,,,,,,,,,,,,,,,,,
2461,Liq, - , - , - , - , - , - , - , - , - , - , - , - , - ,,,,,,,,,,,,,,,,,,,
2464,Liq, 16 , 16 , 16 , 16 , 16 , 16 , 16 , 16 , 16 , 16 , 16 , 16 , 16 ,,,,,,,,,,,,,,,,,,,
2574,Liq, - , - , - , - , - , - , - , - , - , - , - , - , - ,,,,,,,,,,,,,,,,,,,
2685,Liq, - , - , - , - , - , - , - , - , - , - , - , - , - ,,,,,,,,,,,,,,,,,,,
2686,Liq, - , - , - , - , - , - , - , - , - , - , - , - , - ,,,,,,,,,,,,,,,,,,,
2702,Liq, - , - , - , - , - , - , - , - , - , - , - , - , - ,,,,,,,,,,,,,,,,,,,
2703,Liq, - , - , - , - , - , - , - , - , - , - , - , - , - ,,,,,,,,,,,,,,,,,,,
2704,Liq, - , - , - , - , - , - , - , - , - , - , - , - , - ,,,,,,,,,,,,,,,,,,,
2705,Liq, - , - , - , - , - , - , - , - , - , - , - , - , - ,,,,,,,,,,,,,,,,,,,
2706,Liq, - , - , - , - , - , - , - , - , - , - , - , - , - ,,,,,,,,,,,,,,,,,,,
3164,Liq, 9 , 9 , 9 , 9 , 9 , 9 , 9 , 9 , 9 , 9 , 9 , 9 , 9 ,,,,,,,,,,,,,,,,,,,
3165,Liq, - , - , - , - , - , - , - , - , - , - , - , - , - ,,,,,,,,,,,,,,,,,,,
3166,Liq, - , - , - , - , - , - , - , - , - , - , - , - , - ,,,,,,,,,,,,,,,,,,,
3346,Liq, - , - , - , - , - , - , - , - , - , - , - , - , - ,,,,,,,,,,,,,,,,,,,
3347,Liq, - , - , - , - , - , - , - , - , - , - , - , - , - ,,,,,,,,,,,,,,,,,,,
3436,Liq, - , - , - , - , - , - , - , - , - , - , - , - , - ,,,,,,,,,,,,,,,,,,,
3437,Liq, - , - , - , - , - , - , - , - , - , - , - , - , - ,,,,,,,,,,,,,,,,,,,
3548,Liq, - , - , - , - , - , - , - , - , - , - , - , - , - ,,,,,,,,,,,,,,,,,,,
3549,Liq, - , - , - , - , - , - , - , - , - , - , - , - , - ,,,,,,,,,,,,,,,,,,,
3920,Liq, - , - , - , - , - , - , - , - , - , - , - , - , - ,,,,,,,,,,,,,,,,,,,
3933,Liq, 0 , 0 , 0 , 0 , 0 , 0 , 0 , 0 , 0 , 0 , 0 , 0 , 0 ,,,,,,,,,,,,,,,,,,,
174,Mort, 46 , 48 , 50 , 53 , 56 , 59 , 62 , 65 , 69 , 72 , 75 , 78 , 81 ,,,,,,,,,,,,,,,,,,,
175,Mort, 49 , 52 , 55 , 58 , 62 , 66 , 70 , 74 , 79 , 84 , 87 , 91 , 95 ,,,,,,,,,,,,,,,,,,,
176,Mort, 41 , 43 , 46 , 49 , 52 , 55 , 58 , 62 , 66 , 70 , 73 , 76 , 80 ,,,,,,,,,,,,,,,,,,,
230,Mort, 49 , 52 , 55 , 58 , 62 , 66 , 70 , 75 , 79 , 84 , 88 , 92 , 96 ,,,,,,,,,,,,,,,,,,,
232,Mort, - , 1 , 3 , 4 , 5 , 7 , 9 , 10 , 12 , 14 , 16 , 17 , 19 ,,,,,,,,,,,,,,,,,,,
237,Mort, - , 1 , 3 , 4 , 5 , 7 , 9 , 10 , 12 , 14 , 16 , 17 , 19 ,,,,,,,,,,,,,,,,,,,
243,Mort, 102 , 109 , 115 , 121 , 130 , 138 , 146 , 155 , 165 , 175 , 183 , 191 , 199 ,,,,,,,,,,,,,,,,,,,
332,Mort, 433 , 447 , 461 , 475 , 493 , 511 , 528 , 549 , 570 , 592 , 609 , 627 , 644 ,,,,,,,,,,,,,,,,,,,
376,Mort, 169 , 180 , 191 , 201 , 215 , 228 , 242 , 258 , 274 , 290 , 303 , 317 , 330 ,,,,,,,,,,,,,,,,,,,
883,Mort, 1 , 2 , 3 , 5 , 6 , 8 , 9 , 11 , 13 , 15 , 16 , 18 , 19 ,,,,,,,,,,,,,,,,,,,
910,Mort, 4 , 5 , 6 , 6 , 7 , 8 , 9 , 10 , 11 , 12 , 13 , 14 , 15 ,,,,,,,,,,,,,,,,,,,
911,Mort, - , 1 , 3 , 4 , 5 , 7 , 9 , 10 , 12 , 14 , 16 , 17 , 19 ,,,,,,,,,,,,,,,,,,,
924,Mort, 4 , 4 , 4 , 4 , 4 , 4 , 5 , 5 , 5 , 5 , 6 , 6 , 6 ,,,,,,,,,,,,,,,,,,,
1013,Mort, - , 1 , 3 , 4 , 5 , 7 , 9 , 10 , 12 , 14 , 16 , 17 , 19 ,,,,,,,,,,,,,,,,,,,
1044,Mort, 204 , 217 , 230 , 243 , 259 , 275 , 291 , 311 , 330 , 349 , 365 , 382 , 398 ,,,,,,,,,,,,,,,,,,,
1112,Mort, 10 , 10 , 10 , 11 , 11 , 12 , 12 , 13 , 13 , 14 , 14 , 15 , 15 ,,,,,,,,,,,,,,,,,,,
1152,Mort, - , 1 , 3 , 4 , 5 , 7 , 9 , 10 , 12 , 14 , 16 , 17 , 19 ,,,,,,,,,,,,,,,,,,,
1220,Mort, 23 , 24 , 26 , 27 , 29 , 31 , 32 , 35 , 37 , 39 , 41 , 43 , 44 ,,,,,,,,,,,,,,,,,,,
1221,Mort, - , 1 , 3 , 4 , 5 , 7 , 9 , 10 , 12 , 14 , 16 , 17 , 19 ,,,,,,,,,,,,,,,,,,,
1258,Mort, 62 , 65 , 67 , 70 , 73 , 77 , 80 , 84 , 88 , 92 , 96 , 99 , 103 ,,,,,,,,,,,,,,,,,,,
1314,Mort, 257 , 265 , 273 , 281 , 291 , 302 , 312 , 324 , 336 , 348 , 358 , 368 , 378 ,,,,,,,,,,,,,,,,,,,
1316,Mort, 4 , 5 , 6 , 6 , 7 , 8 , 9 , 10 , 11 , 12 , 13 , 14 , 15 ,,,,,,,,,,,,,,,,,,,
1317,Mort, - , 1 , 3 , 4 , 5 , 7 , 9 , 10 , 12 , 14 , 16 , 17 , 19 ,,,,,,,,,,,,,,,,,,,
1401,Mort, 5 , 5 , 6 , 7 , 8 , 8 , 9 , 10 , 11 , 12 , 13 , 14 , 15 ,,,,,,,,,,,,,,,,,,,
1560,Mort, 17 , 18 , 19 , 20 , 21 , 22 , 23 , 25 , 27 , 28 , 29 , 31 , 32 ,,,,,,,,,,,,,,,,,,,
1789,Mort, 14 , 15 , 16 , 16 , 18 , 19 , 20 , 21 , 22 , 24 , 25 , 26 , 27 ,,,,,,,,,,,,,,,,,,,
1830,Mort, 101 , 104 , 108 , 111 , 116 , 120 , 125 , 130 , 136 , 141 , 145 , 150 , 154 ,,,,,,,,,,,,,,,,,,,
1896,Mort, 20 , 21 , 23 , 24 , 25 , 27 , 29 , 31 , 32 , 34 , 36 , 38 , 39 ,,,,,,,,,,,,,,,,,,,
1919,Mort, - , 1 , 3 , 4 , 5 , 7 , 9 , 10 , 12 , 14 , 16 , 17 , 19 ,,,,,,,,,,,,,,,,,,,
1931,Mort, 38 , 40 , 43 , 45 , 48 , 51 , 54 , 58 , 61 , 65 , 68 , 71 , 74 ,,,,,,,,,,,,,,,,,,,
2098,Mort," 2,086 "," 2,097 "," 2,109 "," 2,120 "," 2,134 "," 2,148 "," 2,162 "," 2,179 "," 2,196 "," 2,213 "," 2,228 "," 2,242 "," 2,256 ",,,,,,,,,,,,,,,,,,,
2286,Mort, 19 , 21 , 22 , 23 , 25 , 26 , 28 , 29 , 31 , 33 , 35 , 36 , 38 ,,,,,,,,,,,,,,,,,,,
2287,Mort, 6 , 7 , 7 , 8 , 9 , 10 , 10 , 11 , 12 , 13 , 14 , 14 , 15 ,,,,,,,,,,,,,,,,,,,
2288,Mort, - , 1 , 3 , 4 , 5 , 7 , 9 , 10 , 12 , 14 , 16 , 17 , 19 ,,,,,,,,,,,,,,,,,,,
2461,Mort, 64 , 68 , 72 , 76 , 82 , 87 , 92 , 98 , 104 , 110 , 115 , 120 , 125 ,,,,,,,,,,,,,,,,,,,
2464,Mort, 187 , 199 , 211 , 223 , 238 , 252 , 267 , 285 , 303 , 321 , 335 , 350 , 365 ,,,,,,,,,,,,,,,,,,,
2574,Mort, 152 , 162 , 172 , 181 , 193 , 205 , 217 , 232 , 246 , 261 , 273 , 285 , 297 ,,,,,,,,,,,,,,,,,,,
2685,Mort, 67 , 72 , 76 , 80 , 85 , 91 , 96 , 103 , 109 , 115 , 121 , 126 , 131 ,,,,,,,,,,,,,,,,,,,
2686,Mort, 23 , 25 , 26 , 28 , 30 , 32 , 33 , 36 , 38 , 40 , 42 , 44 , 46 ,,,,,,,,,,,,,,,,,,,
2702,Mort, - , 1 , 3 , 4 , 5 , 7 , 9 , 10 , 12 , 14 , 16 , 17 , 19 ,,,,,,,,,,,,,,,,,,,
2703,Mort, 44 , 47 , 50 , 52 , 56 , 59 , 62 , 66 , 70 , 74 , 77 , 80 , 84 ,,,,,,,,,,,,,,,,,,,
2704,Mort, 6 , 6 , 7 , 8 , 8 , 9 , 10 , 11 , 12 , 13 , 13 , 14 , 15 ,,,,,,,,,,,,,,,,,,,
2705,Mort, - , 1 , 3 , 4 , 5 , 7 , 9 , 10 , 12 , 14 , 16 , 17 , 19 ,,,,,,,,,,,,,,,,,,,
2706,Mort, 36 , 38 , 40 , 43 , 46 , 48 , 51 , 55 , 58 , 62 , 64 , 67 , 70 ,,,,,,,,,,,,,,,,,,,
3164,Mort, 15 , 16 , 17 , 18 , 19 , 20 , 21 , 23 , 24 , 25 , 27 , 28 , 29 ,,,,,,,,,,,,,,,,,,,
3165,Mort, 31 , 33 , 34 , 36 , 38 , 40 , 42 , 45 , 47 , 50 , 52 , 54 , 56 ,,,,,,,,,,,,,,,,,,,
3166,Mort, 26 , 27 , 29 , 30 , 32 , 35 , 37 , 39 , 41 , 44 , 46 , 48 , 50 ,,,,,,,,,,,,,,,,,,,
3346,Mort, - , 1 , 3 , 4 , 5 , 7 , 9 , 10 , 12 , 14 , 16 , 17 , 19 ,,,,,,,,,,,,,,,,,,,
3347,Mort, 24 , 26 , 27 , 29 , 31 , 33 , 35 , 37 , 39 , 42 , 44 , 46 , 48 ,,,,,,,,,,,,,,,,,,,
3436,Mort, 11 , 12 , 13 , 13 , 14 , 15 , 16 , 17 , 18 , 19 , 19 , 20 , 21 ,,,,,,,,,,,,,,,,,,,
3437,Mort, - , 1 , 3 , 4 , 5 , 7 , 9 , 10 , 12 , 14 , 16 , 17 , 19 ,,,,,,,,,,,,,,,,,,,
3548,Mort, 26 , 27 , 28 , 30 , 31 , 33 , 35 , 37 , 39 , 41 , 42 , 44 , 45 ,,,,,,,,,,,,,,,,,,,
3549,Mort, 24 , 26 , 27 , 29 , 31 , 33 , 35 , 37 , 39 , 42 , 44 , 46 , 47 ,,,,,,,,,,,,,,,,,,,
3920,Mort, - , 1 , 3 , 4 , 5 , 7 , 9 , 10 , 12 , 14 , 16 , 17 , 19 ,,,,,,,,,,,,,,,,,,,
3933,Mort, 45 , 47 , 48 , 50 , 52 , 54 , 56 , 58 , 60 , 63 , 65 , 67 , 69 ,,,,,,,,,,,,,,,,,,,
174,MSME, 231 , 234 , 237 , 241 , 244 , 248 , 252 , 257 , 262 , 266 , 270 , 274 , 278 ,,,,,,,,,,,,,,,,,,,
175,MSME, 130 , 131 , 133 , 135 , 137 , 139 , 141 , 144 , 147 , 149 , 151 , 154 , 156 ,,,,,,,,,,,,,,,,,,,
176,MSME, 185 , 188 , 190 , 193 , 196 , 199 , 202 , 206 , 210 , 213 , 216 , 220 , 223 ,,,,,,,,,,,,,,,,,,,
230,MSME, 263 , 266 , 270 , 273 , 278 , 282 , 287 , 292 , 297 , 302 , 307 , 311 , 316 ,,,,,,,,,,,,,,,,,,,
232,MSME, 83 , 84 , 86 , 87 , 88 , 89 , 91 , 92 , 94 , 96 , 97 , 99 , 100 ,,,,,,,,,,,,,,,,,,,
237,MSME, 69 , 70 , 70 , 71 , 73 , 74 , 75 , 76 , 78 , 79 , 80 , 81 , 82 ,,,,,,,,,,,,,,,,,,,
243,MSME, 270 , 274 , 277 , 281 , 285 , 290 , 295 , 300 , 305 , 311 , 315 , 320 , 324 ,,,,,,,,,,,,,,,,,,,
332,MSME," 2,895 "," 2,925 "," 2,955 "," 2,986 "," 3,024 "," 3,062 "," 3,100 "," 3,145 "," 3,191 "," 3,236 "," 3,274 "," 3,312 "," 3,350 ",,,,,,,,,,,,,,,,,,,
376,MSME, 254 , 257 , 261 , 264 , 268 , 273 , 277 , 282 , 287 , 292 , 296 , 301 , 305 ,,,,,,,,,,,,,,,,,,,
883,MSME, 147 , 149 , 151 , 153 , 155 , 158 , 160 , 163 , 166 , 169 , 171 , 174 , 176 ,,,,,,,,,,,,,,,,,,,
910,MSME, 60 , 61 , 61 , 62 , 63 , 64 , 65 , 66 , 68 , 69 , 70 , 71 , 72 ,,,,,,,,,,,,,,,,,,,
911,MSME, 70 , 71 , 72 , 73 , 74 , 76 , 77 , 78 , 80 , 81 , 82 , 83 , 85 ,,,,,,,,,,,,,,,,,,,
924,MSME, 173 , 175 , 178 , 180 , 183 , 186 , 189 , 192 , 196 , 199 , 202 , 205 , 208 ,,,,,,,,,,,,,,,,,,,
1013,MSME, 56 , 57 , 58 , 59 , 60 , 61 , 62 , 63 , 64 , 65 , 66 , 67 , 68 ,,,,,,,,,,,,,,,,,,,
1044,MSME, 35 , 35 , 36 , 36 , 37 , 37 , 38 , 39 , 39 , 40 , 41 , 41 , 42 ,,,,,,,,,,,,,,,,,,,
1112,MSME, 32 , 32 , 33 , 33 , 34 , 34 , 35 , 35 , 36 , 37 , 37 , 38 , 38 ,,,,,,,,,,,,,,,,,,,
1152,MSME, 52 , 53 , 53 , 54 , 55 , 56 , 57 , 58 , 59 , 60 , 61 , 62 , 63 ,,,,,,,,,,,,,,,,,,,
1220,MSME, 104 , 105 , 107 , 108 , 110 , 111 , 113 , 115 , 117 , 120 , 121 , 123 , 125 ,,,,,,,,,,,,,,,,,,,
1221,MSME, 45 , 46 , 46 , 47 , 48 , 48 , 49 , 50 , 51 , 52 , 52 , 53 , 54 ,,,,,,,,,,,,,,,,,,,
1258,MSME, 174 , 176 , 178 , 181 , 184 , 187 , 190 , 193 , 197 , 200 , 203 , 206 , 209 ,,,,,,,,,,,,,,,,,,,
1314,MSME, 821 , 849 , 878 , 906 , 942 , 977 ," 1,013 "," 1,055 "," 1,098 "," 1,141 "," 1,176 "," 1,212 "," 1,248 ",,,,,,,,,,,,,,,,,,,
1316,MSME, 108 , 109 , 111 , 112 , 114 , 116 , 117 , 120 , 122 , 124 , 126 , 128 , 129 ,,,,,,,,,,,,,,,,,,,
1317,MSME, 43 , 43 , 44 , 44 , 45 , 46 , 46 , 47 , 48 , 49 , 50 , 50 , 51 ,,,,,,,,,,,,,,,,,,,
1401,MSME, 122 , 123 , 125 , 126 , 128 , 130 , 133 , 135 , 137 , 140 , 142 , 144 , 146 ,,,,,,,,,,,,,,,,,,,
1560,MSME, 180 , 182 , 185 , 187 , 190 , 193 , 196 , 200 , 204 , 207 , 210 , 213 , 216 ,,,,,,,,,,,,,,,,,,,
1789,MSME, 148 , 150 , 152 , 154 , 157 , 159 , 162 , 165 , 168 , 171 , 173 , 176 , 178 ,,,,,,,,,,,,,,,,,,,
1830,MSME, 117 , 118 , 120 , 121 , 123 , 125 , 127 , 130 , 132 , 134 , 136 , 138 , 140 ,,,,,,,,,,,,,,,,,,,
1896,MSME, 66 , 67 , 68 , 69 , 70 , 71 , 72 , 73 , 74 , 76 , 77 , 78 , 79 ,,,,,,,,,,,,,,,,,,,
1919,MSME, 83 , 84 , 85 , 86 , 87 , 89 , 90 , 92 , 93 , 95 , 96 , 98 , 99 ,,,,,,,,,,,,,,,,,,,
1931,MSME, 93 , 94 , 96 , 97 , 98 , 100 , 102 , 103 , 105 , 107 , 109 , 110 , 112 ,,,,,,,,,,,,,,,,,,,
2098,MSME," 1,588 "," 1,609 "," 1,631 "," 1,652 "," 1,679 "," 1,705 "," 1,732 "," 1,764 "," 1,796 "," 1,828 "," 1,854 "," 1,881 "," 1,907 ",,,,,,,,,,,,,,,,,,,
2286,MSME, 88 , 89 , 90 , 91 , 93 , 94 , 95 , 97 , 99 , 101 , 102 , 104 , 105 ,,,,,,,,,,,,,,,,,,,
2287,MSME, 106 , 108 , 109 , 111 , 112 , 114 , 116 , 118 , 120 , 122 , 124 , 126 , 128 ,,,,,,,,,,,,,,,,,,,
2288,MSME, 114 , 116 , 117 , 119 , 121 , 122 , 124 , 127 , 129 , 131 , 133 , 135 , 137 ,,,,,,,,,,,,,,,,,,,
2461,MSME, 309 , 313 , 317 , 321 , 326 , 332 , 337 , 343 , 349 , 355 , 361 , 366 , 371 ,,,,,,,,,,,,,,,,,,,
2464,MSME, 195 , 198 , 200 , 203 , 206 , 209 , 213 , 217 , 221 , 224 , 228 , 231 , 234 ,,,,,,,,,,,,,,,,,,,
2574,MSME, 136 , 138 , 139 , 141 , 144 , 146 , 148 , 151 , 154 , 156 , 159 , 161 , 163 ,,,,,,,,,,,,,,,,,,,
2685,MSME, 173 , 176 , 178 , 180 , 183 , 186 , 189 , 192 , 196 , 199 , 202 , 205 , 208 ,,,,,,,,,,,,,,,,,,,
2686,MSME, 173 , 175 , 178 , 180 , 183 , 186 , 189 , 192 , 196 , 199 , 202 , 205 , 208 ,,,,,,,,,,,,,,,,,,,
2702,MSME, 30 , 30 , 31 , 31 , 32 , 32 , 33 , 33 , 34 , 34 , 35 , 35 , 36 ,,,,,,,,,,,,,,,,,,,
2703,MSME, 61 , 62 , 63 , 64 , 65 , 66 , 67 , 68 , 69 , 70 , 71 , 72 , 74 ,,,,,,,,,,,,,,,,,,,
2704,MSME, 36 , 36 , 37 , 37 , 38 , 38 , 39 , 40 , 40 , 41 , 42 , 42 , 43 ,,,,,,,,,,,,,,,,,,,
2705,MSME, 114 , 116 , 118 , 119 , 121 , 123 , 125 , 127 , 129 , 132 , 134 , 136 , 137 ,,,,,,,,,,,,,,,,,,,
2706,MSME, 116 , 118 , 119 , 121 , 123 , 125 , 127 , 129 , 131 , 134 , 136 , 138 , 140 ,,,,,,,,,,,,,,,,,,,
3164,MSME, 107 , 108 , 109 , 111 , 113 , 114 , 116 , 118 , 120 , 123 , 124 , 126 , 128 ,,,,,,,,,,,,,,,,,,,
3165,MSME, 91 , 93 , 94 , 95 , 97 , 98 , 100 , 102 , 103 , 105 , 107 , 108 , 110 ,,,,,,,,,,,,,,,,,,,
3166,MSME, 33 , 34 , 34 , 35 , 35 , 36 , 36 , 37 , 38 , 38 , 39 , 39 , 40 ,,,,,,,,,,,,,,,,,,,
3346,MSME, 41 , 41 , 42 , 43 , 43 , 44 , 45 , 45 , 46 , 47 , 48 , 48 , 49 ,,,,,,,,,,,,,,,,,,,
3347,MSME, 186 , 189 , 191 , 194 , 197 , 200 , 203 , 207 , 211 , 214 , 218 , 221 , 224 ,,,,,,,,,,,,,,,,,,,
3436,MSME, 152 , 154 , 156 , 158 , 160 , 163 , 166 , 169 , 172 , 175 , 177 , 180 , 182 ,,,,,,,,,,,,,,,,,,,
3437,MSME, 81 , 82 , 83 , 84 , 85 , 86 , 88 , 89 , 91 , 93 , 94 , 95 , 97 ,,,,,,,,,,,,,,,,,,,
3548,MSME, 155 , 157 , 159 , 162 , 164 , 167 , 169 , 172 , 176 , 179 , 181 , 184 , 187 ,,,,,,,,,,,,,,,,,,,
3549,MSME, 60 , 60 , 61 , 62 , 63 , 64 , 65 , 66 , 67 , 69 , 70 , 70 , 71 ,,,,,,,,,,,,,,,,,,,
3920,MSME, - , 1 , 2 , 3 , 4 , 6 , 7 , 8 , 10 , 11 , 13 , 14 , 15 ,,,,,,,,,,,,,,,,,,,
3933,MSME, 113 , 114 , 116 , 117 , 119 , 121 , 123 , 126 , 128 , 131 , 133 , 135 , 137 ,,,,,,,,,,,,,,,,,,,
174,Mudra, 60 , 61 , 61 , 62 , 63 , 64 , 64 , 65 , 66 , 67 , 68 , 69 , 69 ,,,,,,,,,,,,,,,,,,,
175,Mudra, 30 , 31 , 31 , 31 , 32 , 32 , 33 , 33 , 34 , 34 , 35 , 35 , 35 ,,,,,,,,,,,,,,,,,,,
176,Mudra, 40 , 40 , 41 , 41 , 42 , 43 , 43 , 44 , 45 , 46 , 46 , 47 , 47 ,,,,,,,,,,,,,,,,,,,
230,Mudra, 59 , 60 , 61 , 62 , 63 , 64 , 65 , 66 , 67 , 68 , 69 , 70 , 71 ,,,,,,,,,,,,,,,,,,,
232,Mudra, 65 , 65 , 65 , 65 , 65 , 65 , 65 , 65 , 66 , 66 , 66 , 66 , 66 ,,,,,,,,,,,,,,,,,,,
237,Mudra, 25 , 26 , 26 , 26 , 27 , 27 , 27 , 28 , 28 , 29 , 29 , 30 , 30 ,,,,,,,,,,,,,,,,,,,
243,Mudra, 206 , 208 , 210 , 211 , 213 , 215 , 217 , 220 , 222 , 225 , 227 , 229 , 231 ,,,,,,,,,,,,,,,,,,,
332,Mudra, 36 , 36 , 37 , 37 , 37 , 37 , 38 , 38 , 38 , 39 , 39 , 39 , 40 ,,,,,,,,,,,,,,,,,,,
376,Mudra, 74 , 75 , 76 , 76 , 77 , 78 , 79 , 80 , 81 , 82 , 83 , 83 , 84 ,,,,,,,,,,,,,,,,,,,
883,Mudra, 87 , 88 , 89 , 90 , 91 , 92 , 93 , 95 , 96 , 98 , 99 , 100 , 101 ,,,,,,,,,,,,,,,,,,,
910,Mudra, 44 , 44 , 44 , 45 , 45 , 45 , 45 , 46 , 46 , 47 , 47 , 47 , 47 ,,,,,,,,,,,,,,,,,,,
911,Mudra, 29 , 30 , 30 , 30 , 30 , 30 , 30 , 30 , 30 , 30 , 30 , 31 , 31 ,,,,,,,,,,,,,,,,,,,
924,Mudra, 91 , 92 , 93 , 94 , 96 , 97 , 98 , 100 , 102 , 103 , 105 , 106 , 108 ,,,,,,,,,,,,,,,,,,,
1013,Mudra, 42 , 43 , 43 , 44 , 45 , 45 , 46 , 47 , 47 , 48 , 49 , 50 , 50 ,,,,,,,,,,,,,,,,,,,
1044,Mudra, 15 , 16 , 16 , 16 , 16 , 16 , 16 , 17 , 17 , 17 , 17 , 17 , 18 ,,,,,,,,,,,,,,,,,,,
1112,Mudra, 9 , 9 , 9 , 9 , 9 , 10 , 10 , 10 , 10 , 10 , 10 , 11 , 11 ,,,,,,,,,,,,,,,,,,,
1152,Mudra, 31 , 31 , 31 , 31 , 32 , 32 , 32 , 32 , 32 , 33 , 33 , 33 , 33 ,,,,,,,,,,,,,,,,,,,
1220,Mudra, 82 , 83 , 84 , 85 , 86 , 88 , 89 , 91 , 92 , 94 , 95 , 96 , 97 ,,,,,,,,,,,,,,,,,,,
1221,Mudra, 35 , 35 , 35 , 35 , 35 , 35 , 36 , 36 , 36 , 36 , 36 , 36 , 36 ,,,,,,,,,,,,,,,,,,,
1258,Mudra, 24 , 25 , 25 , 25 , 26 , 26 , 27 , 27 , 27 , 28 , 28 , 29 , 29 ,,,,,,,,,,,,,,,,,,,
1314,Mudra, 91 , 92 , 92 , 93 , 94 , 94 , 95 , 96 , 97 , 98 , 99 , 100 , 101 ,,,,,,,,,,,,,,,,,,,
1316,Mudra, 44 , 44 , 44 , 45 , 45 , 46 , 46 , 47 , 47 , 48 , 49 , 49 , 49 ,,,,,,,,,,,,,,,,,,,
1317,Mudra, 37 , 37 , 38 , 38 , 38 , 38 , 39 , 39 , 39 , 40 , 40 , 40 , 41 ,,,,,,,,,,,,,,,,,,,
1401,Mudra, 103 , 104 , 106 , 107 , 108 , 110 , 111 , 113 , 115 , 117 , 118 , 120 , 121 ,,,,,,,,,,,,,,,,,,,
1560,Mudra, 64 , 65 , 66 , 67 , 68 , 69 , 70 , 71 , 72 , 73 , 74 , 75 , 76 ,,,,,,,,,,,,,,,,,,,
1789,Mudra, 65 , 66 , 66 , 67 , 68 , 68 , 69 , 70 , 71 , 72 , 72 , 73 , 74 ,,,,,,,,,,,,,,,,,,,
1830,Mudra, 28 , 28 , 28 , 28 , 29 , 29 , 29 , 30 , 30 , 31 , 31 , 31 , 32 ,,,,,,,,,,,,,,,,,,,
1896,Mudra, 56 , 57 , 57 , 58 , 59 , 60 , 61 , 62 , 63 , 64 , 65 , 66 , 66 ,,,,,,,,,,,,,,,,,,,
1919,Mudra, 32 , 33 , 33 , 33 , 33 , 34 , 34 , 34 , 34 , 35 , 35 , 35 , 36 ,,,,,,,,,,,,,,,,,,,
1931,Mudra, 43 , 43 , 44 , 44 , 45 , 46 , 46 , 47 , 48 , 49 , 49 , 50 , 50 ,,,,,,,,,,,,,,,,,,,
2098,Mudra, 42 , 42 , 43 , 43 , 44 , 44 , 45 , 46 , 47 , 47 , 48 , 49 , 49 ,,,,,,,,,,,,,,,,,,,
2286,Mudra, 44 , 44 , 45 , 45 , 45 , 45 , 46 , 46 , 46 , 47 , 47 , 47 , 47 ,,,,,,,,,,,,,,,,,,,
2287,Mudra, 54 , 55 , 56 , 56 , 57 , 58 , 59 , 60 , 61 , 62 , 63 , 64 , 64 ,,,,,,,,,,,,,,,,,,,
2288,Mudra, 89 , 90 , 90 , 91 , 92 , 93 , 94 , 95 , 96 , 97 , 98 , 99 , 100 ,,,,,,,,,,,,,,,,,,,
2461,Mudra, 57 , 57 , 58 , 59 , 60 , 61 , 61 , 63 , 64 , 65 , 66 , 66 , 67 ,,,,,,,,,,,,,,,,,,,
2464,Mudra, 71 , 72 , 73 , 73 , 74 , 75 , 76 , 76 , 77 , 78 , 79 , 80 , 81 ,,,,,,,,,,,,,,,,,,,
2574,Mudra, 55 , 56 , 56 , 57 , 58 , 59 , 59 , 60 , 61 , 63 , 63 , 64 , 65 ,,,,,,,,,,,,,,,,,,,
2685,Mudra, 63 , 63 , 64 , 64 , 65 , 66 , 66 , 67 , 68 , 69 , 70 , 70 , 71 ,,,,,,,,,,,,,,,,,,,
2686,Mudra, 83 , 83 , 83 , 84 , 84 , 84 , 85 , 85 , 86 , 86 , 87 , 87 , 88 ,,,,,,,,,,,,,,,,,,,
2702,Mudra, 28 , 28 , 28 , 28 , 29 , 29 , 29 , 30 , 30 , 31 , 31 , 31 , 32 ,,,,,,,,,,,,,,,,,,,
2703,Mudra, 54 , 55 , 55 , 56 , 57 , 58 , 59 , 60 , 61 , 62 , 63 , 64 , 65 ,,,,,,,,,,,,,,,,,,,
2704,Mudra, 34 , 35 , 35 , 36 , 36 , 37 , 37 , 38 , 39 , 39 , 40 , 40 , 41 ,,,,,,,,,,,,,,,,,,,
2705,Mudra, 109 , 109 , 110 , 110 , 111 , 111 , 112 , 113 , 113 , 114 , 115 , 115 , 116 ,,,,,,,,,,,,,,,,,,,
2706,Mudra, 76 , 77 , 78 , 79 , 80 , 81 , 83 , 84 , 85 , 87 , 88 , 89 , 90 ,,,,,,,,,,,,,,,,,,,
3164,Mudra, 104 , 105 , 107 , 108 , 109 , 111 , 113 , 115 , 117 , 118 , 120 , 122 , 123 ,,,,,,,,,,,,,,,,,,,
3165,Mudra, 70 , 71 , 72 , 72 , 73 , 74 , 75 , 76 , 77 , 78 , 79 , 80 , 80 ,,,,,,,,,,,,,,,,,,,
3166,Mudra, 27 , 27 , 27 , 27 , 27 , 27 , 28 , 28 , 28 , 28 , 28 , 28 , 28 ,,,,,,,,,,,,,,,,,,,
3346,Mudra, 41 , 41 , 42 , 42 , 43 , 44 , 44 , 45 , 46 , 47 , 47 , 48 , 49 ,,,,,,,,,,,,,,,,,,,
3347,Mudra, 137 , 138 , 138 , 139 , 140 , 140 , 141 , 142 , 143 , 143 , 144 , 145 , 145 ,,,,,,,,,,,,,,,,,,,
3436,Mudra, 59 , 59 , 59 , 59 , 59 , 59 , 60 , 60 , 60 , 60 , 60 , 60 , 60 ,,,,,,,,,,,,,,,,,,,
3437,Mudra, 44 , 44 , 45 , 45 , 46 , 46 , 47 , 48 , 49 , 50 , 50 , 51 , 52 ,,,,,,,,,,,,,,,,,,,
3548,Mudra, 103 , 105 , 106 , 107 , 109 , 111 , 112 , 114 , 116 , 118 , 120 , 121 , 123 ,,,,,,,,,,,,,,,,,,,
3549,Mudra, 50 , 50 , 51 , 51 , 52 , 53 , 53 , 54 , 55 , 56 , 56 , 57 , 58 ,,,,,,,,,,,,,,,,,,,
3920,Mudra, - , 0 , 1 , 1 , 1 , 1 , 2 , 2 , 3 , 3 , 3 , 4 , 4 ,,,,,,,,,,,,,,,,,,,
3933,Mudra, 31 , 32 , 32 , 32 , 33 , 33 , 33 , 34 , 34 , 35 , 35 , 35 , 36 ,,,,,,,,,,,,,,,,,,,
174,NPA, 403 , 403 , 403 , 403 , 402 , 402 , 402 , 401 , 401 , 400 , 400 , 399 , 399 ,,,,,,,,,,,,,,,,,,,
175,NPA, 123 , 122 , 122 , 122 , 121 , 120 , 120 , 119 , 117 , 116 , 116 , 115 , 114 ,,,,,,,,,,,,,,,,,,,
176,NPA, 194 , 194 , 193 , 193 , 192 , 192 , 191 , 190 , 189 , 188 , 187 , 186 , 185 ,,,,,,,,,,,,,,,,,,,
230,NPA, 51 , 51 , 51 , 51 , 50 , 49 , 49 , 48 , 46 , 45 , 45 , 44 , 43 ,,,,,,,,,,,,,,,,,,,
232,NPA, 66 , 66 , 66 , 66 , 65 , 65 , 64 , 64 , 63 , 63 , 62 , 62 , 62 ,,,,,,,,,,,,,,,,,,,
237,NPA, 17 , 17 , 17 , 17 , 17 , 17 , 16 , 16 , 16 , 16 , 15 , 15 , 15 ,,,,,,,,,,,,,,,,,,,
243,NPA, 87 , 87 , 87 , 87 , 87 , 86 , 86 , 85 , 85 , 84 , 84 , 84 , 83 ,,,,,,,,,,,,,,,,,,,
332,NPA, 858 , 857 , 857 , 857 , 856 , 856 , 855 , 854 , 853 , 851 , 851 , 850 , 849 ,,,,,,,,,,,,,,,,,,,
376,NPA, 56 , 56 , 56 , 55 , 55 , 55 , 54 , 54 , 53 , 53 , 52 , 52 , 52 ,,,,,,,,,,,,,,,,,,,
883,NPA, 76 , 76 , 75 , 75 , 74 , 73 , 72 , 71 , 69 , 68 , 67 , 66 , 65 ,,,,,,,,,,,,,,,,,,,
910,NPA, 30 , 30 , 30 , 29 , 29 , 28 , 27 , 26 , 25 , 24 , 23 , 22 , 22 ,,,,,,,,,,,,,,,,,,,
911,NPA, 13 , 13 , 12 , 12 , 12 , 12 , 11 , 11 , 10 , 10 , 9 , 9 , 8 ,,,,,,,,,,,,,,,,,,,
924,NPA, 62 , 62 , 62 , 61 , 61 , 60 , 59 , 58 , 57 , 56 , 55 , 54 , 54 ,,,,,,,,,,,,,,,,,,,
1013,NPA, 31 , 30 , 30 , 30 , 29 , 28 , 28 , 27 , 25 , 24 , 24 , 23 , 22 ,,,,,,,,,,,,,,,,,,,
1044,NPA, 18 , 18 , 18 , 18 , 18 , 17 , 17 , 16 , 16 , 15 , 15 , 15 , 14 ,,,,,,,,,,,,,,,,,,,
1112,NPA, 74 , 74 , 73 , 73 , 73 , 73 , 72 , 72 , 71 , 71 , 70 , 70 , 69 ,,,,,,,,,,,,,,,,,,,
1152,NPA, 63 , 63 , 63 , 62 , 62 , 61 , 60 , 59 , 58 , 57 , 56 , 56 , 55 ,,,,,,,,,,,,,,,,,,,
1220,NPA, 45 , 45 , 44 , 44 , 44 , 44 , 43 , 43 , 42 , 42 , 41 , 41 , 41 ,,,,,,,,,,,,,,,,,,,
1221,NPA, 13 , 13 , 13 , 13 , 12 , 12 , 12 , 11 , 11 , 10 , 10 , 9 , 9 ,,,,,,,,,,,,,,,,,,,
1258,NPA, 38 , 38 , 38 , 37 , 37 , 36 , 35 , 34 , 33 , 32 , 31 , 30 , 30 ,,,,,,,,,,,,,,,,,,,
1314,NPA, 116 , 116 , 116 , 115 , 114 , 114 , 113 , 111 , 110 , 109 , 108 , 107 , 106 ,,,,,,,,,,,,,,,,,,,
1316,NPA, 34 , 34 , 34 , 34 , 33 , 33 , 33 , 32 , 31 , 31 , 31 , 30 , 30 ,,,,,,,,,,,,,,,,,,,
1317,NPA, 31 , 31 , 31 , 30 , 30 , 30 , 29 , 29 , 28 , 28 , 27 , 27 , 27 ,,,,,,,,,,,,,,,,,,,
1401,NPA, 13 , 13 , 13 , 13 , 13 , 12 , 12 , 11 , 11 , 10 , 10 , 10 , 9 ,,,,,,,,,,,,,,,,,,,
1560,NPA, 143 , 143 , 143 , 143 , 142 , 141 , 141 , 139 , 138 , 137 , 136 , 136 , 135 ,,,,,,,,,,,,,,,,,,,
1789,NPA, 140 , 139 , 139 , 139 , 138 , 137 , 137 , 136 , 134 , 133 , 133 , 132 , 131 ,,,,,,,,,,,,,,,,,,,
1830,NPA, 112 , 112 , 112 , 112 , 111 , 110 , 110 , 109 , 107 , 106 , 106 , 105 , 104 ,,,,,,,,,,,,,,,,,,,
1896,NPA, 21 , 21 , 21 , 20 , 20 , 19 , 18 , 17 , 16 , 15 , 14 , 14 , 13 ,,,,,,,,,,,,,,,,,,,
1919,NPA, 69 , 69 , 69 , 69 , 68 , 68 , 68 , 67 , 67 , 66 , 66 , 65 , 65 ,,,,,,,,,,,,,,,,,,,
1931,NPA, 57 , 57 , 56 , 56 , 55 , 55 , 54 , 53 , 52 , 51 , 50 , 49 , 49 ,,,,,,,,,,,,,,,,,,,
2098,NPA, 130 , 130 , 130 , 129 , 129 , 128 , 127 , 126 , 125 , 124 , 123 , 122 , 122 ,,,,,,,,,,,,,,,,,,,
2286,NPA, 93 , 93 , 92 , 92 , 92 , 92 , 91 , 91 , 90 , 90 , 89 , 89 , 88 ,,,,,,,,,,,,,,,,,,,
2287,NPA, 20 , 20 , 20 , 20 , 19 , 19 , 19 , 18 , 18 , 17 , 17 , 16 , 16 ,,,,,,,,,,,,,,,,,,,
2288,NPA, 25 , 25 , 24 , 24 , 23 , 23 , 22 , 21 , 20 , 19 , 18 , 17 , 17 ,,,,,,,,,,,,,,,,,,,
2461,NPA, 34 , 34 , 34 , 33 , 33 , 32 , 31 , 30 , 29 , 28 , 27 , 27 , 26 ,,,,,,,,,,,,,,,,,,,
2464,NPA, 50 , 50 , 50 , 50 , 50 , 49 , 49 , 48 , 48 , 47 , 47 , 47 , 46 ,,,,,,,,,,,,,,,,,,,
2574,NPA, 15 , 14 , 14 , 14 , 14 , 14 , 13 , 13 , 12 , 11 , 11 , 11 , 10 ,,,,,,,,,,,,,,,,,,,
2685,NPA, 26 , 26 , 26 , 25 , 25 , 25 , 24 , 24 , 23 , 23 , 22 , 22 , 22 ,,,,,,,,,,,,,,,,,,,
2686,NPA, 42 , 42 , 42 , 42 , 42 , 41 , 41 , 40 , 40 , 39 , 39 , 38 , 38 ,,,,,,,,,,,,,,,,,,,
2702,NPA, 32 , 32 , 32 , 32 , 32 , 31 , 31 , 30 , 30 , 29 , 29 , 29 , 28 ,,,,,,,,,,,,,,,,,,,
2703,NPA, 11 , 11 , 11 , 11 , 10 , 10 , 9 , 9 , 8 , 8 , 7 , 7 , 7 ,,,,,,,,,,,,,,,,,,,
2704,NPA, 21 , 21 , 21 , 21 , 20 , 20 , 20 , 19 , 19 , 18 , 18 , 17 , 17 ,,,,,,,,,,,,,,,,,,,
2705,NPA, 18 , 18 , 18 , 18 , 18 , 17 , 17 , 16 , 16 , 15 , 15 , 15 , 14 ,,,,,,,,,,,,,,,,,,,
2706,NPA, - , - , - , - , - , - , - , - , - , - , - , - , - ,,,,,,,,,,,,,,,,,,,
3164,NPA, 8 , 7 , 7 , 7 , 7 , 6 , 6 , 6 , 5 , 4 , 4 , 4 , 3 ,,,,,,,,,,,,,,,,,,,
3165,NPA, - , - , - , - , - , - , - , - , - , - , - , - , - ,,,,,,,,,,,,,,,,,,,
3166,NPA, 4 , 4 , 4 , 4 , 3 , 3 , 3 , 2 , 2 , 1 , 1 , 0 , - ,,,,,,,,,,,,,,,,,,,
3346,NPA, 3 , 3 , 3 , 3 , 3 , 2 , 2 , 2 , 1 , 1 , 1 , 0 , - ,,,,,,,,,,,,,,,,,,,
3347,NPA, 5 , 5 , 4 , 4 , 4 , 4 , 3 , 2 , 2 , 1 , 1 , 0 , - ,,,,,,,,,,,,,,,,,,,
3436,NPA, 39 , 39 , 38 , 38 , 37 , 36 , 35 , 33 , 32 , 30 , 29 , 28 , 27 ,,,,,,,,,,,,,,,,,,,
3437,NPA, - , - , - , - , - , - , - , - , - , - , - , - , - ,,,,,,,,,,,,,,,,,,,
3548,NPA, 31 , 31 , 31 , 31 , 30 , 30 , 30 , 29 , 29 , 28 , 28 , 27 , 27 ,,,,,,,,,,,,,,,,,,,
3549,NPA, 16 , 16 , 16 , 16 , 15 , 15 , 15 , 14 , 14 , 13 , 13 , 12 , 12 ,,,,,,,,,,,,,,,,,,,
3920,NPA, - , - , - , - , - , - , - , - , - , - , - , - , - ,,,,,,,,,,,,,,,,,,,
3933,NPA, 37 , 37 , 37 , 37 , 36 , 36 , 36 , 35 , 35 , 35 , 34 , 34 , 34 ,,,,,,,,,,,,,,,,,,,
174,OthRet, 316 , 318 , 320 , 323 , 325 , 328 , 330 , 334 , 337 , 340 , 343 , 345 , 348 ,,,,,,,,,,,,,,,,,,,
175,OthRet, 90 , 91 , 91 , 92 , 93 , 94 , 95 , 96 , 98 , 99 , 100 , 101 , 102 ,,,,,,,,,,,,,,,,,,,
176,OthRet, 308 , 310 , 312 , 315 , 318 , 321 , 324 , 328 , 331 , 335 , 338 , 341 , 344 ,,,,,,,,,,,,,,,,,,,
230,OthRet, 270 , 272 , 274 , 276 , 278 , 280 , 283 , 286 , 289 , 292 , 294 , 296 , 299 ,,,,,,,,,,,,,,,,,,,
232,OthRet, 31 , 31 , 31 , 32 , 32 , 32 , 33 , 33 , 33 , 34 , 34 , 34 , 35 ,,,,,,,,,,,,,,,,,,,
237,OthRet, 64 , 64 , 65 , 66 , 67 , 68 , 69 , 71 , 72 , 73 , 74 , 75 , 76 ,,,,,,,,,,,,,,,,,,,
243,OthRet, 169 , 170 , 171 , 172 , 174 , 175 , 177 , 178 , 180 , 182 , 183 , 185 , 186 ,,,,,,,,,,,,,,,,,,,
332,OthRet, 323 , 326 , 328 , 331 , 334 , 337 , 341 , 345 , 348 , 352 , 356 , 359 , 362 ,,,,,,,,,,,,,,,,,,,
376,OthRet, 436 , 440 , 444 , 448 , 453 , 458 , 463 , 469 , 475 , 481 , 486 , 491 , 496 ,,,,,,,,,,,,,,,,,,,
883,OthRet, 61 , 61 , 62 , 62 , 62 , 63 , 63 , 63 , 64 , 64 , 65 , 65 , 66 ,,,,,,,,,,,,,,,,,,,
910,OthRet, 154 , 156 , 158 , 160 , 163 , 165 , 168 , 170 , 173 , 176 , 179 , 181 , 184 ,,,,,,,,,,,,,,,,,,,
911,OthRet, 12 , 12 , 12 , 12 , 12 , 12 , 12 , 12 , 13 , 13 , 13 , 13 , 13 ,,,,,,,,,,,,,,,,,,,
924,OthRet, 112 , 112 , 113 , 114 , 115 , 115 , 116 , 117 , 118 , 119 , 120 , 121 , 122 ,,,,,,,,,,,,,,,,,,,
1013,OthRet, 78 , 79 , 80 , 81 , 82 , 83 , 85 , 86 , 88 , 89 , 91 , 92 , 93 ,,,,,,,,,,,,,,,,,,,
1044,OthRet, 195 , 196 , 197 , 199 , 200 , 202 , 204 , 206 , 208 , 209 , 211 , 213 , 214 ,,,,,,,,,,,,,,,,,,,
1112,OthRet, 26 , 27 , 27 , 27 , 27 , 27 , 27 , 28 , 28 , 28 , 28 , 28 , 29 ,,,,,,,,,,,,,,,,,,,
1152,OthRet, 54 , 54 , 54 , 55 , 56 , 56 , 57 , 57 , 58 , 59 , 59 , 60 , 61 ,,,,,,,,,,,,,,,,,,,
1220,OthRet, 106 , 107 , 108 , 109 , 110 , 111 , 112 , 113 , 114 , 115 , 116 , 117 , 118 ,,,,,,,,,,,,,,,,,,,
1221,OthRet, 85 , 86 , 86 , 86 , 87 , 87 , 88 , 88 , 89 , 89 , 90 , 90 , 91 ,,,,,,,,,,,,,,,,,,,
1258,OthRet, 232 , 234 , 235 , 237 , 239 , 241 , 243 , 245 , 248 , 250 , 252 , 254 , 256 ,,,,,,,,,,,,,,,,,,,
1314,OthRet, 393 , 396 , 400 , 404 , 409 , 414 , 418 , 424 , 430 , 435 , 440 , 445 , 450 ,,,,,,,,,,,,,,,,,,,
1316,OthRet, 160 , 162 , 165 , 167 , 169 , 172 , 175 , 178 , 181 , 184 , 187 , 190 , 192 ,,,,,,,,,,,,,,,,,,,
1317,OthRet, 44 , 45 , 45 , 45 , 45 , 46 , 46 , 46 , 47 , 47 , 47 , 48 , 48 ,,,,,,,,,,,,,,,,,,,
1401,OthRet, 97 , 98 , 99 , 100 , 101 , 101 , 102 , 104 , 105 , 106 , 107 , 108 , 109 ,,,,,,,,,,,,,,,,,,,
1560,OthRet, 212 , 213 , 215 , 216 , 218 , 220 , 222 , 224 , 227 , 229 , 231 , 233 , 235 ,,,,,,,,,,,,,,,,,,,
1789,OthRet, 99 , 99 , 100 , 101 , 102 , 103 , 105 , 106 , 107 , 108 , 110 , 111 , 112 ,,,,,,,,,,,,,,,,,,,
1830,OthRet, 144 , 145 , 146 , 147 , 149 , 150 , 152 , 153 , 155 , 157 , 158 , 159 , 161 ,,,,,,,,,,,,,,,,,,,
1896,OthRet, 38 , 39 , 39 , 39 , 40 , 40 , 40 , 41 , 41 , 42 , 42 , 42 , 43 ,,,,,,,,,,,,,,,,,,,
1919,OthRet, 103 , 104 , 105 , 106 , 107 , 108 , 109 , 110 , 111 , 113 , 114 , 115 , 116 ,,,,,,,,,,,,,,,,,,,
1931,OthRet, 152 , 153 , 155 , 156 , 158 , 159 , 161 , 163 , 165 , 167 , 169 , 170 , 172 ,,,,,,,,,,,,,,,,,,,
2098,OthRet, 55 , 56 , 56 , 56 , 57 , 57 , 58 , 59 , 59 , 60 , 60 , 61 , 62 ,,,,,,,,,,,,,,,,,,,
2286,OthRet, 130 , 131 , 132 , 134 , 136 , 137 , 139 , 141 , 143 , 146 , 147 , 149 , 151 ,,,,,,,,,,,,,,,,,,,
2287,OthRet, 114 , 115 , 116 , 117 , 118 , 120 , 121 , 123 , 124 , 126 , 127 , 128 , 130 ,,,,,,,,,,,,,,,,,,,
2288,OthRet, 41 , 41 , 42 , 42 , 43 , 44 , 44 , 45 , 46 , 47 , 47 , 48 , 49 ,,,,,,,,,,,,,,,,,,,
2461,OthRet, 107 , 108 , 110 , 111 , 113 , 115 , 117 , 119 , 121 , 123 , 125 , 127 , 128 ,,,,,,,,,,,,,,,,,,,
2464,OthRet, 114 , 115 , 115 , 116 , 117 , 117 , 118 , 119 , 120 , 121 , 122 , 122 , 123 ,,,,,,,,,,,,,,,,,,,
2574,OthRet, 125 , 126 , 127 , 129 , 130 , 131 , 133 , 134 , 136 , 138 , 139 , 141 , 142 ,,,,,,,,,,,,,,,,,,,
2685,OthRet, 71 , 72 , 73 , 74 , 75 , 76 , 76 , 78 , 79 , 80 , 81 , 82 , 83 ,,,,,,,,,,,,,,,,,,,
2686,OthRet, 40 , 41 , 41 , 41 , 42 , 42 , 43 , 43 , 44 , 45 , 45 , 46 , 46 ,,,,,,,,,,,,,,,,,,,
2702,OthRet, 37 , 37 , 37 , 38 , 38 , 39 , 40 , 40 , 41 , 41 , 42 , 43 , 43 ,,,,,,,,,,,,,,,,,,,
2703,OthRet, 147 , 148 , 148 , 149 , 150 , 151 , 152 , 153 , 155 , 156 , 157 , 158 , 159 ,,,,,,,,,,,,,,,,,,,
2704,OthRet, 17 , 18 , 18 , 18 , 18 , 19 , 19 , 19 , 19 , 20 , 20 , 20 , 21 ,,,,,,,,,,,,,,,,,,,
2705,OthRet, 49 , 50 , 50 , 51 , 52 , 52 , 53 , 54 , 55 , 56 , 56 , 57 , 58 ,,,,,,,,,,,,,,,,,,,
2706,OthRet, 57 , 57 , 58 , 59 , 60 , 61 , 62 , 63 , 64 , 65 , 66 , 67 , 68 ,,,,,,,,,,,,,,,,,,,
3164,OthRet, 48 , 49 , 50 , 50 , 51 , 52 , 52 , 53 , 54 , 55 , 56 , 56 , 57 ,,,,,,,,,,,,,,,,,,,
3165,OthRet, 79 , 80 , 81 , 81 , 82 , 83 , 84 , 85 , 86 , 88 , 89 , 89 , 90 ,,,,,,,,,,,,,,,,,,,
3166,OthRet, 73 , 74 , 75 , 75 , 76 , 77 , 78 , 79 , 80 , 81 , 82 , 83 , 84 ,,,,,,,,,,,,,,,,,,,
3346,OthRet, 25 , 26 , 26 , 26 , 26 , 27 , 27 , 27 , 28 , 28 , 28 , 28 , 29 ,,,,,,,,,,,,,,,,,,,
3347,OthRet, 49 , 50 , 50 , 51 , 51 , 52 , 53 , 53 , 54 , 55 , 56 , 56 , 57 ,,,,,,,,,,,,,,,,,,,
3436,OthRet, 62 , 62 , 63 , 63 , 64 , 64 , 65 , 66 , 67 , 67 , 68 , 68 , 69 ,,,,,,,,,,,,,,,,,,,
3437,OthRet, 61 , 62 , 63 , 63 , 64 , 65 , 66 , 68 , 69 , 70 , 71 , 72 , 73 ,,,,,,,,,,,,,,,,,,,
3548,OthRet, 41 , 41 , 42 , 42 , 43 , 43 , 44 , 44 , 45 , 45 , 46 , 46 , 47 ,,,,,,,,,,,,,,,,,,,
3549,OthRet, 158 , 161 , 163 , 165 , 167 , 170 , 173 , 176 , 179 , 182 , 185 , 188 , 190 ,,,,,,,,,,,,,,,,,,,
3920,OthRet, - , 1 , 1 , 2 , 3 , 4 , 5 , 6 , 7 , 8 , 8 , 9 , 10 ,,,,,,,,,,,,,,,,,,,
3933,OthRet, 63 , 63 , 64 , 64 , 65 , 66 , 66 , 67 , 68 , 69 , 70 , 70 , 71 ,,,,,,,,,,,,,,,,,,,
174,OthSch, 23 , 23 , 23 , 24 , 24 , 24 , 25 , 25 , 25 , 26 , 26 , 26 , 27 ,,,,,,,,,,,,,,,,,,,
175,OthSch, 18 , 18 , 18 , 18 , 18 , 19 , 19 , 19 , 19 , 20 , 20 , 20 , 20 ,,,,,,,,,,,,,,,,,,,
176,OthSch, 28 , 28 , 28 , 29 , 29 , 29 , 30 , 30 , 31 , 31 , 32 , 32 , 32 ,,,,,,,,,,,,,,,,,,,
230,OthSch, 19 , 19 , 20 , 20 , 20 , 20 , 21 , 21 , 21 , 22 , 22 , 22 , 23 ,,,,,,,,,,,,,,,,,,,
232,OthSch, 1 , 1 , 1 , 1 , 1 , 1 , 1 , 1 , 1 , 1 , 1 , 1 , 1 ,,,,,,,,,,,,,,,,,,,
237,OthSch, 41 , 42 , 44 , 45 , 47 , 48 , 50 , 52 , 54 , 56 , 57 , 59 , 61 ,,,,,,,,,,,,,,,,,,,
243,OthSch, 25 , 26 , 26 , 27 , 28 , 28 , 29 , 30 , 31 , 32 , 33 , 33 , 34 ,,,,,,,,,,,,,,,,,,,
332,OthSch, 737 , 744 , 750 , 757 , 765 , 773 , 781 , 791 , 801 , 811 , 819 , 827 , 835 ,,,,,,,,,,,,,,,,,,,
376,OthSch, 3 , 3 , 3 , 4 , 4 , 4 , 4 , 4 , 4 , 4 , 5 , 5 , 5 ,,,,,,,,,,,,,,,,,,,
883,OthSch, 27 , 28 , 29 , 29 , 31 , 32 , 33 , 34 , 35 , 37 , 38 , 39 , 40 ,,,,,,,,,,,,,,,,,,,
910,OthSch, 17 , 18 , 18 , 19 , 20 , 20 , 21 , 22 , 23 , 23 , 24 , 25 , 25 ,,,,,,,,,,,,,,,,,,,
911,OthSch, 34 , 36 , 37 , 38 , 39 , 40 , 42 , 44 , 45 , 47 , 48 , 50 , 51 ,,,,,,,,,,,,,,,,,,,
924,OthSch, 66 , 67 , 69 , 70 , 72 , 74 , 76 , 78 , 80 , 83 , 84 , 86 , 88 ,,,,,,,,,,,,,,,,,,,
1013,OthSch, 27 , 28 , 28 , 28 , 29 , 29 , 30 , 30 , 30 , 31 , 31 , 32 , 32 ,,,,,,,,,,,,,,,,,,,
1044,OthSch, 5 , 5 , 6 , 6 , 6 , 7 , 7 , 8 , 8 , 9 , 9 , 9 , 10 ,,,,,,,,,,,,,,,,,,,
1112,OthSch, 8 , 8 , 8 , 8 , 8 , 9 , 9 , 9 , 9 , 9 , 10 , 10 , 10 ,,,,,,,,,,,,,,,,,,,
1152,OthSch, 55 , 56 , 58 , 59 , 61 , 63 , 65 , 68 , 70 , 72 , 74 , 76 , 78 ,,,,,,,,,,,,,,,,,,,
1220,OthSch, 61 , 63 , 65 , 67 , 69 , 71 , 73 , 76 , 79 , 81 , 84 , 86 , 88 ,,,,,,,,,,,,,,,,,,,
1221,OthSch, 58 , 59 , 60 , 60 , 61 , 62 , 63 , 65 , 66 , 67 , 68 , 69 , 70 ,,,,,,,,,,,,,,,,,,,
1258,OthSch, 26 , 27 , 28 , 28 , 29 , 30 , 30 , 31 , 32 , 33 , 34 , 34 , 35 ,,,,,,,,,,,,,,,,,,,
1314,OthSch, 0 , 2 , 3 , 5 , 7 , 9 , 11 , 14 , 16 , 18 , 20 , 22 , 24 ,,,,,,,,,,,,,,,,,,,
1316,OthSch, 14 , 15 , 15 , 16 , 16 , 17 , 17 , 18 , 19 , 19 , 20 , 20 , 21 ,,,,,,,,,,,,,,,,,,,
1317,OthSch, 7 , 7 , 7 , 8 , 8 , 8 , 8 , 8 , 8 , 8 , 8 , 8 , 9 ,,,,,,,,,,,,,,,,,,,
1401,OthSch, 10 , 10 , 10 , 10 , 10 , 10 , 10 , 10 , 11 , 11 , 11 , 11 , 11 ,,,,,,,,,,,,,,,,,,,
1560,OthSch, 32 , 32 , 33 , 33 , 33 , 34 , 34 , 35 , 35 , 36 , 36 , 37 , 37 ,,,,,,,,,,,,,,,,,,,
1789,OthSch, 22 , 23 , 23 , 24 , 25 , 26 , 26 , 27 , 28 , 29 , 30 , 31 , 32 ,,,,,,,,,,,,,,,,,,,
1830,OthSch, 9 , 9 , 9 , 9 , 10 , 10 , 10 , 11 , 11 , 11 , 12 , 12 , 12 ,,,,,,,,,,,,,,,,,,,
1896,OthSch, 16 , 17 , 17 , 18 , 19 , 19 , 20 , 21 , 21 , 22 , 23 , 24 , 24 ,,,,,,,,,,,,,,,,,,,
1919,OthSch, 4 , 4 , 4 , 4 , 4 , 4 , 4 , 4 , 4 , 4 , 4 , 4 , 4 ,,,,,,,,,,,,,,,,,,,
1931,OthSch, 1 , 1 , 1 , 2 , 2 , 2 , 2 , 2 , 2 , 2 , 2 , 2 , 2 ,,,,,,,,,,,,,,,,,,,
2098,OthSch, - , - , - , - , - , - , - , - , - , - , - , - , - ,,,,,,,,,,,,,,,,,,,
2286,OthSch, 12 , 12 , 12 , 12 , 12 , 12 , 12 , 13 , 13 , 13 , 13 , 13 , 13 ,,,,,,,,,,,,,,,,,,,
2287,OthSch, 15 , 15 , 16 , 16 , 16 , 16 , 17 , 17 , 17 , 18 , 18 , 18 , 18 ,,,,,,,,,,,,,,,,,,,
2288,OthSch, 26 , 27 , 28 , 28 , 29 , 31 , 32 , 33 , 34 , 35 , 36 , 37 , 38 ,,,,,,,,,,,,,,,,,,,
2461,OthSch, 90 , 93 , 95 , 98 , 101 , 104 , 107 , 111 , 114 , 118 , 121 , 124 , 127 ,,,,,,,,,,,,,,,,,,,
2464,OthSch, 8 , 8 , 8 , 8 , 9 , 9 , 9 , 10 , 10 , 10 , 11 , 11 , 11 ,,,,,,,,,,,,,,,,,,,
2574,OthSch, 17 , 17 , 18 , 18 , 19 , 20 , 20 , 21 , 22 , 23 , 23 , 24 , 25 ,,,,,,,,,,,,,,,,,,,
2685,OthSch, 2 , 2 , 2 , 3 , 3 , 4 , 4 , 5 , 5 , 6 , 6 , 7 , 7 ,,,,,,,,,,,,,,,,,,,
2686,OthSch, 1 , 1 , 1 , 1 , 1 , 1 , 1 , 1 , 1 , 1 , 1 , 1 , 1 ,,,,,,,,,,,,,,,,,,,
2702,OthSch, 11 , 11 , 11 , 12 , 12 , 13 , 13 , 13 , 14 , 14 , 15 , 15 , 16 ,,,,,,,,,,,,,,,,,,,
2703,OthSch, 5 , 5 , 5 , 5 , 5 , 5 , 5 , 5 , 5 , 6 , 6 , 6 , 6 ,,,,,,,,,,,,,,,,,,,
2704,OthSch, 25 , 25 , 26 , 26 , 27 , 27 , 28 , 28 , 29 , 30 , 30 , 31 , 31 ,,,,,,,,,,,,,,,,,,,
2705,OthSch, 46 , 47 , 48 , 49 , 50 , 52 , 53 , 55 , 56 , 58 , 59 , 60 , 62 ,,,,,,,,,,,,,,,,,,,
2706,OthSch, 37 , 38 , 39 , 40 , 42 , 43 , 45 , 46 , 48 , 50 , 51 , 53 , 54 ,,,,,,,,,,,,,,,,,,,
3164,OthSch, 41 , 43 , 44 , 45 , 47 , 48 , 50 , 52 , 54 , 56 , 57 , 59 , 61 ,,,,,,,,,,,,,,,,,,,
3165,OthSch, 13 , 14 , 14 , 15 , 15 , 16 , 16 , 17 , 17 , 18 , 19 , 19 , 20 ,,,,,,,,,,,,,,,,,,,
3166,OthSch, 1 , 1 , 1 , 1 , 1 , 1 , 1 , 2 , 2 , 2 , 2 , 2 , 2 ,,,,,,,,,,,,,,,,,,,
3346,OthSch, 10 , 10 , 11 , 11 , 11 , 12 , 12 , 13 , 13 , 14 , 14 , 14 , 15 ,,,,,,,,,,,,,,,,,,,
3347,OthSch, 23 , 24 , 25 , 26 , 26 , 27 , 28 , 29 , 31 , 32 , 33 , 34 , 35 ,,,,,,,,,,,,,,,,,,,
3436,OthSch, - , 1 , 1 , 2 , 3 , 4 , 4 , 5 , 6 , 7 , 8 , 9 , 10 ,,,,,,,,,,,,,,,,,,,
3437,OthSch, 28 , 29 , 30 , 30 , 32 , 33 , 34 , 35 , 36 , 38 , 39 , 40 , 41 ,,,,,,,,,,,,,,,,,,,
3548,OthSch, 41 , 43 , 44 , 46 , 48 , 49 , 51 , 54 , 56 , 58 , 60 , 62 , 64 ,,,,,,,,,,,,,,,,,,,
3549,OthSch, 35 , 35 , 36 , 36 , 37 , 38 , 38 , 39 , 40 , 41 , 41 , 42 , 43 ,,,,,,,,,,,,,,,,,,,
3920,OthSch, - , 0 , 1 , 1 , 1 , 2 , 2 , 2 , 3 , 3 , 4 , 4 , 4 ,,,,,,,,,,,,,,,,,,,
3933,OthSch, 19 , 19 , 20 , 20 , 20 , 21 , 21 , 22 , 22 , 23 , 24 , 24 , 24 ,,,,,,,,,,,,,,,,,,,
174,PL, 163 , 166 , 169 , 173 , 177 , 181 , 185 , 190 , 195 , 200 , 204 , 208 , 212 ,,,,,,,,,,,,,,,,,,,
175,PL, 125 , 128 , 130 , 133 , 136 , 139 , 142 , 146 , 150 , 154 , 157 , 160 , 163 ,,,,,,,,,,,,,,,,,,,
176,PL, 385 , 393 , 401 , 408 , 418 , 428 , 437 , 449 , 461 , 473 , 482 , 492 , 502 ,,,,,,,,,,,,,,,,,,,
230,PL, 260 , 263 , 266 , 269 , 272 , 276 , 280 , 284 , 288 , 293 , 296 , 300 , 304 ,,,,,,,,,,,,,,,,,,,
232,PL, 26 , 26 , 27 , 27 , 28 , 29 , 29 , 30 , 31 , 32 , 32 , 33 , 34 ,,,,,,,,,,,,,,,,,,,
237,PL, 89 , 91 , 92 , 94 , 96 , 99 , 101 , 104 , 106 , 109 , 111 , 113 , 116 ,,,,,,,,,,,,,,,,,,,
243,PL, 236 , 241 , 246 , 250 , 256 , 262 , 268 , 275 , 283 , 290 , 296 , 302 , 308 ,,,,,,,,,,,,,,,,,,,
332,PL, 126 , 128 , 130 , 132 , 134 , 137 , 139 , 142 , 145 , 148 , 150 , 153 , 155 ,,,,,,,,,,,,,,,,,,,
376,PL, 886 , 900 , 914 , 929 , 946 , 964 , 982 ," 1,004 "," 1,025 "," 1,046 "," 1,064 "," 1,082 "," 1,100 ",,,,,,,,,,,,,,,,,,,
883,PL, 82 , 83 , 85 , 87 , 89 , 91 , 93 , 95 , 98 , 100 , 102 , 104 , 106 ,,,,,,,,,,,,,,,,,,,
910,PL, 26 , 27 , 27 , 28 , 29 , 29 , 30 , 31 , 32 , 32 , 33 , 34 , 34 ,,,,,,,,,,,,,,,,,,,
911,PL, 18 , 19 , 19 , 19 , 20 , 20 , 21 , 21 , 22 , 22 , 23 , 23 , 24 ,,,,,,,,,,,,,,,,,,,
924,PL, 42 , 42 , 43 , 44 , 45 , 46 , 47 , 49 , 50 , 51 , 52 , 53 , 54 ,,,,,,,,,,,,,,,,,,,
1013,PL, 42 , 43 , 44 , 45 , 46 , 47 , 48 , 49 , 50 , 52 , 53 , 54 , 55 ,,,,,,,,,,,,,,,,,,,
1044,PL, 32 , 33 , 34 , 34 , 35 , 36 , 37 , 38 , 39 , 40 , 41 , 41 , 42 ,,,,,,,,,,,,,,,,,,,
1112,PL, 4 , 4 , 4 , 4 , 4 , 4 , 4 , 4 , 4 , 4 , 4 , 4 , 4 ,,,,,,,,,,,,,,,,,,,
1152,PL, 37 , 38 , 39 , 40 , 41 , 42 , 43 , 44 , 45 , 46 , 47 , 48 , 49 ,,,,,,,,,,,,,,,,,,,
1220,PL, 22 , 22 , 23 , 23 , 23 , 24 , 24 , 24 , 25 , 25 , 25 , 26 , 26 ,,,,,,,,,,,,,,,,,,,
1221,PL, 101 , 103 , 105 , 107 , 110 , 112 , 115 , 118 , 121 , 124 , 127 , 129 , 132 ,,,,,,,,,,,,,,,,,,,
1258,PL, 108 , 110 , 112 , 115 , 117 , 120 , 123 , 126 , 129 , 133 , 135 , 138 , 141 ,,,,,,,,,,,,,,,,,,,
1314,PL, 78 , 79 , 80 , 81 , 82 , 83 , 84 , 86 , 87 , 89 , 90 , 91 , 93 ,,,,,,,,,,,,,,,,,,,
1316,PL, 67 , 69 , 70 , 71 , 73 , 75 , 76 , 78 , 80 , 82 , 84 , 86 , 88 ,,,,,,,,,,,,,,,,,,,
1317,PL, 26 , 26 , 27 , 28 , 28 , 29 , 30 , 30 , 31 , 32 , 33 , 33 , 34 ,,,,,,,,,,,,,,,,,,,
1401,PL, 97 , 99 , 101 , 103 , 106 , 108 , 110 , 113 , 116 , 119 , 122 , 124 , 127 ,,,,,,,,,,,,,,,,,,,
1560,PL, 46 , 47 , 48 , 48 , 50 , 51 , 52 , 53 , 55 , 56 , 57 , 58 , 60 ,,,,,,,,,,,,,,,,,,,
1789,PL, 427 , 436 , 444 , 453 , 464 , 475 , 485 , 498 , 511 , 524 , 535 , 546 , 557 ,,,,,,,,,,,,,,,,,,,
1830,PL, 218 , 222 , 226 , 231 , 236 , 242 , 247 , 254 , 261 , 267 , 273 , 278 , 284 ,,,,,,,,,,,,,,,,,,,
1896,PL, 520 , 530 , 541 , 551 , 565 , 578 , 591 , 607 , 622 , 638 , 651 , 664 , 678 ,,,,,,,,,,,,,,,,,,,
1919,PL, 113 , 116 , 118 , 120 , 123 , 126 , 129 , 132 , 136 , 139 , 142 , 145 , 148 ,,,,,,,,,,,,,,,,,,,
1931,PL, 15 , 15 , 15 , 15 , 16 , 16 , 17 , 17 , 17 , 18 , 18 , 19 , 19 ,,,,,,,,,,,,,,,,,,,
2098,PL, 63 , 64 , 65 , 67 , 68 , 70 , 71 , 73 , 75 , 77 , 79 , 80 , 82 ,,,,,,,,,,,,,,,,,,,
2286,PL, 37 , 37 , 38 , 39 , 40 , 41 , 42 , 43 , 44 , 45 , 46 , 47 , 48 ,,,,,,,,,,,,,,,,,,,
2287,PL, 11 , 11 , 11 , 11 , 11 , 12 , 12 , 12 , 12 , 13 , 13 , 13 , 13 ,,,,,,,,,,,,,,,,,,,
2288,PL, 16 , 16 , 16 , 17 , 17 , 18 , 18 , 18 , 19 , 19 , 20 , 20 , 21 ,,,,,,,,,,,,,,,,,,,
2461,PL, 85 , 87 , 88 , 90 , 92 , 94 , 97 , 99 , 102 , 104 , 106 , 109 , 111 ,,,,,,,,,,,,,,,,,,,
2464,PL, 198 , 202 , 206 , 210 , 215 , 220 , 225 , 231 , 237 , 243 , 248 , 253 , 258 ,,,,,,,,,,,,,,,,,,,
2574,PL, 23 , 23 , 24 , 24 , 25 , 25 , 26 , 27 , 27 , 28 , 29 , 29 , 30 ,,,,,,,,,,,,,,,,,,,
2685,PL, 85 , 86 , 88 , 90 , 92 , 94 , 96 , 99 , 101 , 104 , 106 , 108 , 110 ,,,,,,,,,,,,,,,,,,,
2686,PL, 69 , 70 , 71 , 73 , 74 , 76 , 78 , 80 , 82 , 84 , 86 , 88 , 89 ,,,,,,,,,,,,,,,,,,,
2702,PL, 13 , 13 , 13 , 14 , 14 , 14 , 15 , 15 , 15 , 16 , 16 , 16 , 17 ,,,,,,,,,,,,,,,,,,,
2703,PL, 28 , 28 , 29 , 29 , 30 , 31 , 31 , 32 , 33 , 34 , 35 , 35 , 36 ,,,,,,,,,,,,,,,,,,,
2704,PL, 2 , 2 , 2 , 3 , 3 , 3 , 3 , 3 , 3 , 3 , 3 , 3 , 3 ,,,,,,,,,,,,,,,,,,,
2705,PL, 7 , 7 , 7 , 7 , 7 , 7 , 7 , 8 , 8 , 8 , 8 , 8 , 9 ,,,,,,,,,,,,,,,,,,,
2706,PL, 26 , 26 , 27 , 27 , 28 , 28 , 29 , 29 , 30 , 31 , 31 , 32 , 32 ,,,,,,,,,,,,,,,,,,,
3164,PL, 6 , 6 , 6 , 6 , 6 , 6 , 6 , 6 , 6 , 6 , 6 , 6 , 6 ,,,,,,,,,,,,,,,,,,,
3165,PL, 114 , 116 , 119 , 121 , 124 , 127 , 130 , 133 , 137 , 140 , 143 , 146 , 149 ,,,,,,,,,,,,,,,,,,,
3166,PL, 51 , 52 , 53 , 54 , 56 , 57 , 58 , 60 , 61 , 63 , 64 , 66 , 67 ,,,,,,,,,,,,,,,,,,,
3346,PL, 21 , 22 , 22 , 22 , 23 , 24 , 24 , 25 , 25 , 26 , 27 , 27 , 28 ,,,,,,,,,,,,,,,,,,,
3347,PL, 54 , 56 , 57 , 58 , 59 , 60 , 62 , 63 , 65 , 67 , 68 , 70 , 71 ,,,,,,,,,,,,,,,,,,,
3436,PL, 5 , 5 , 5 , 5 , 5 , 5 , 5 , 6 , 6 , 6 , 6 , 6 , 6 ,,,,,,,,,,,,,,,,,,,
3437,PL, 17 , 17 , 18 , 18 , 19 , 19 , 19 , 20 , 20 , 21 , 21 , 22 , 22 ,,,,,,,,,,,,,,,,,,,
3548,PL, 19 , 19 , 20 , 20 , 21 , 21 , 22 , 22 , 23 , 23 , 24 , 24 , 25 ,,,,,,,,,,,,,,,,,,,
3549,PL, 40 , 41 , 41 , 41 , 42 , 42 , 43 , 43 , 44 , 45 , 45 , 46 , 46 ,,,,,,,,,,,,,,,,,,,
3920,PL, - , 0 , 0 , 0 , 1 , 1 , 1 , 1 , 1 , 2 , 2 , 2 , 2 ,,,,,,,,,,,,,,,,,,,
3933,PL, 54 , 55 , 56 , 57 , 58 , 60 , 61 , 62 , 64 , 65 , 67 , 68 , 69 ,,,,,,,,,,,,,,,,,,,
174,Ret," 1,869 "," 1,928 "," 1,987 "," 2,045 "," 2,119 "," 2,193 "," 2,266 "," 2,355 "," 2,443 "," 2,531 "," 2,605 "," 2,679 "," 2,752 ",,,,,,,,,,,,,,,,,,,
175,Ret, 981 ," 1,038 "," 1,094 "," 1,151 "," 1,221 "," 1,292 "," 1,362 "," 1,447 "," 1,532 "," 1,616 "," 1,687 "," 1,757 "," 1,828 ",,,,,,,,,,,,,,,,,,,
176,Ret," 1,348 "," 1,376 "," 1,405 "," 1,433 "," 1,468 "," 1,503 "," 1,538 "," 1,580 "," 1,622 "," 1,665 "," 1,700 "," 1,735 "," 1,770 ",,,,,,,,,,,,,,,,,,,
230,Ret," 1,885 "," 1,965 "," 2,046 "," 2,126 "," 2,227 "," 2,327 "," 2,428 "," 2,548 "," 2,669 "," 2,790 "," 2,890 "," 2,991 "," 3,091 ",,,,,,,,,,,,,,,,,,,
232,Ret, 718 , 785 , 853 , 921 ," 1,005 "," 1,090 "," 1,174 "," 1,276 "," 1,377 "," 1,478 "," 1,563 "," 1,647 "," 1,732 ",,,,,,,,,,,,,,,,,,,
237,Ret, 563 , 610 , 656 , 703 , 761 , 820 , 878 , 948 ," 1,018 "," 1,088 "," 1,146 "," 1,205 "," 1,263 ",,,,,,,,,,,,,,,,,,,
243,Ret," 1,438 "," 1,480 "," 1,521 "," 1,563 "," 1,615 "," 1,668 "," 1,720 "," 1,782 "," 1,845 "," 1,908 "," 1,960 "," 2,012 "," 2,064 ",,,,,,,,,,,,,,,,,,,
332,Ret," 4,914 "," 5,214 "," 5,514 "," 5,813 "," 6,188 "," 6,562 "," 6,937 "," 7,386 "," 7,835 "," 8,285 "," 8,659 "," 9,034 "," 9,408 ",,,,,,,,,,,,,,,,,,,
376,Ret," 2,264 "," 2,317 "," 2,370 "," 2,423 "," 2,489 "," 2,556 "," 2,622 "," 2,702 "," 2,781 "," 2,861 "," 2,927 "," 2,994 "," 3,060 ",,,,,,,,,,,,,,,,,,,
883,Ret, 594 , 627 , 660 , 693 , 735 , 776 , 817 , 867 , 917 , 967 ," 1,008 "," 1,050 "," 1,091 ",,,,,,,,,,,,,,,,,,,
910,Ret, 725 , 765 , 805 , 845 , 896 , 946 , 996 ," 1,056 "," 1,116 "," 1,177 "," 1,227 "," 1,277 "," 1,327 ",,,,,,,,,,,,,,,,,,,
911,Ret, 420 , 460 , 500 , 540 , 591 , 641 , 691 , 752 , 812 , 873 , 923 , 973 ," 1,024 ",,,,,,,,,,,,,,,,,,,
924,Ret, 821 , 878 , 935 , 992 ," 1,064 "," 1,136 "," 1,207 "," 1,293 "," 1,379 "," 1,465 "," 1,537 "," 1,608 "," 1,680 ",,,,,,,,,,,,,,,,,,,
1013,Ret, 400 , 426 , 451 , 476 , 507 , 539 , 570 , 608 , 646 , 683 , 715 , 746 , 778 ,,,,,,,,,,,,,,,,,,,
1044,Ret, 987 ," 1,038 "," 1,089 "," 1,141 "," 1,205 "," 1,269 "," 1,333 "," 1,410 "," 1,487 "," 1,564 "," 1,628 "," 1,692 "," 1,756 ",,,,,,,,,,,,,,,,,,,
1112,Ret, 277 , 302 , 327 , 352 , 384 , 415 , 446 , 484 , 522 , 559 , 591 , 622 , 654 ,,,,,,,,,,,,,,,,,,,
1152,Ret, 559 , 598 , 637 , 676 , 725 , 774 , 823 , 882 , 941 , 999 ," 1,048 "," 1,097 "," 1,146 ",,,,,,,,,,,,,,,,,,,
1220,Ret, 827 , 865 , 903 , 941 , 988 ," 1,035 "," 1,083 "," 1,139 "," 1,196 "," 1,253 "," 1,300 "," 1,347 "," 1,394 ",,,,,,,,,,,,,,,,,,,
1221,Ret, 292 , 307 , 322 , 336 , 354 , 373 , 391 , 413 , 435 , 456 , 475 , 493 , 511 ,,,,,,,,,,,,,,,,,,,
1258,Ret," 1,570 "," 1,632 "," 1,693 "," 1,755 "," 1,832 "," 1,909 "," 1,986 "," 2,079 "," 2,171 "," 2,264 "," 2,341 "," 2,418 "," 2,495 ",,,,,,,,,,,,,,,,,,,
1314,Ret," 4,071 "," 4,433 "," 4,796 "," 5,158 "," 5,611 "," 6,064 "," 6,517 "," 7,061 "," 7,604 "," 8,148 "," 8,601 "," 9,054 "," 9,507 ",,,,,,,,,,,,,,,,,,,
1316,Ret, 615 , 660 , 705 , 750 , 807 , 863 , 919 , 987 ," 1,055 "," 1,123 "," 1,179 "," 1,235 "," 1,292 ",,,,,,,,,,,,,,,,,,,
1317,Ret, 355 , 374 , 392 , 410 , 433 , 456 , 479 , 507 , 534 , 561 , 584 , 607 , 630 ,,,,,,,,,,,,,,,,,,,
1401,Ret, 923 , 994 ," 1,066 "," 1,138 "," 1,227 "," 1,317 "," 1,406 "," 1,514 "," 1,621 "," 1,729 "," 1,818 "," 1,908 "," 1,997 ",,,,,,,,,,,,,,,,,,,
1560,Ret, 755 , 772 , 788 , 805 , 825 , 846 , 867 , 891 , 916 , 941 , 961 , 982 ," 1,003 ",,,,,,,,,,,,,,,,,,,
1789,Ret," 1,591 "," 1,630 "," 1,669 "," 1,708 "," 1,758 "," 1,807 "," 1,856 "," 1,915 "," 1,974 "," 2,033 "," 2,082 "," 2,131 "," 2,180 ",,,,,,,,,,,,,,,,,,,
1830,Ret," 2,094 "," 2,242 "," 2,391 "," 2,539 "," 2,725 "," 2,911 "," 3,096 "," 3,319 "," 3,542 "," 3,765 "," 3,950 "," 4,136 "," 4,322 ",,,,,,,,,,,,,,,,,,,
1896,Ret," 1,370 "," 1,403 "," 1,435 "," 1,468 "," 1,509 "," 1,549 "," 1,590 "," 1,639 "," 1,687 "," 1,736 "," 1,777 "," 1,818 "," 1,858 ",,,,,,,,,,,,,,,,,,,
1919,Ret, 866 , 911 , 956 ," 1,000 "," 1,056 "," 1,112 "," 1,168 "," 1,235 "," 1,302 "," 1,368 "," 1,424 "," 1,480 "," 1,536 ",,,,,,,,,,,,,,,,,,,
1931,Ret, 665 , 692 , 720 , 747 , 781 , 815 , 849 , 890 , 931 , 972 ," 1,006 "," 1,040 "," 1,074 ",,,,,,,,,,,,,,,,,,,
2098,Ret," 4,163 "," 4,273 "," 4,382 "," 4,491 "," 4,628 "," 4,765 "," 4,901 "," 5,065 "," 5,229 "," 5,393 "," 5,530 "," 5,667 "," 5,804 ",,,,,,,,,,,,,,,,,,,
2286,Ret," 1,458 "," 1,567 "," 1,676 "," 1,786 "," 1,922 "," 2,059 "," 2,196 "," 2,360 "," 2,524 "," 2,687 "," 2,824 "," 2,961 "," 3,097 ",,,,,,,,,,,,,,,,,,,
2287,Ret, 808 , 867 , 927 , 986 ," 1,060 "," 1,134 "," 1,208 "," 1,297 "," 1,385 "," 1,474 "," 1,548 "," 1,622 "," 1,696 ",,,,,,,,,,,,,,,,,,,
2288,Ret, 875 , 942 ," 1,009 "," 1,077 "," 1,161 "," 1,245 "," 1,329 "," 1,431 "," 1,532 "," 1,633 "," 1,717 "," 1,801 "," 1,885 ",,,,,,,,,,,,,,,,,,,
2461,Ret, 567 , 585 , 602 , 619 , 641 , 663 , 684 , 710 , 736 , 762 , 784 , 806 , 828 ,,,,,,,,,,,,,,,,,,,
2464,Ret," 1,085 "," 1,115 "," 1,145 "," 1,174 "," 1,211 "," 1,248 "," 1,286 "," 1,330 "," 1,375 "," 1,419 "," 1,456 "," 1,493 "," 1,530 ",,,,,,,,,,,,,,,,,,,
2574,Ret, 956 , 992 ," 1,028 "," 1,064 "," 1,109 "," 1,155 "," 1,200 "," 1,254 "," 1,308 "," 1,362 "," 1,407 "," 1,453 "," 1,498 ",,,,,,,,,,,,,,,,,,,
2685,Ret," 1,906 "," 2,085 "," 2,263 "," 2,442 "," 2,665 "," 2,889 "," 3,112 "," 3,380 "," 3,648 "," 3,916 "," 4,139 "," 4,363 "," 4,586 ",,,,,,,,,,,,,,,,,,,
2686,Ret, 691 , 712 , 734 , 755 , 781 , 808 , 835 , 867 , 898 , 930 , 957 , 984 ," 1,010 ",,,,,,,,,,,,,,,,,,,
2702,Ret, 400 , 423 , 446 , 469 , 497 , 526 , 555 , 590 , 624 , 659 , 688 , 716 , 745 ,,,,,,,,,,,,,,,,,,,
2703,Ret," 1,309 "," 1,404 "," 1,500 "," 1,595 "," 1,715 "," 1,834 "," 1,954 "," 2,097 "," 2,241 "," 2,384 "," 2,503 "," 2,623 "," 2,742 ",,,,,,,,,,,,,,,,,,,
2704,Ret, 212 , 224 , 236 , 247 , 262 , 277 , 292 , 310 , 327 , 345 , 360 , 375 , 390 ,,,,,,,,,,,,,,,,,,,
2705,Ret, 400 , 414 , 428 , 442 , 460 , 477 , 495 , 516 , 537 , 558 , 576 , 593 , 611 ,,,,,,,,,,,,,,,,,,,
2706,Ret, 656 , 700 , 743 , 786 , 840 , 894 , 948 ," 1,013 "," 1,078 "," 1,143 "," 1,197 "," 1,251 "," 1,306 ",,,,,,,,,,,,,,,,,,,
3164,Ret, 432 , 470 , 508 , 546 , 593 , 641 , 688 , 746 , 803 , 860 , 907 , 955 ," 1,002 ",,,,,,,,,,,,,,,,,,,
3165,Ret, 745 , 764 , 784 , 803 , 827 , 852 , 876 , 905 , 935 , 964 , 988 ," 1,012 "," 1,037 ",,,,,,,,,,,,,,,,,,,
3166,Ret, 459 , 477 , 495 , 513 , 535 , 557 , 580 , 607 , 633 , 660 , 683 , 705 , 727 ,,,,,,,,,,,,,,,,,,,
3346,Ret, 121 , 133 , 145 , 156 , 171 , 185 , 199 , 217 , 234 , 251 , 266 , 280 , 295 ,,,,,,,,,,,,,,,,,,,
3347,Ret, 567 , 599 , 632 , 664 , 705 , 746 , 787 , 836 , 885 , 933 , 974 ," 1,015 "," 1,056 ",,,,,,,,,,,,,,,,,,,
3436,Ret, 627 , 671 , 716 , 760 , 816 , 871 , 927 , 994 ," 1,060 "," 1,127 "," 1,183 "," 1,238 "," 1,294 ",,,,,,,,,,,,,,,,,,,
3437,Ret, 251 , 258 , 266 , 273 , 282 , 291 , 300 , 311 , 322 , 333 , 342 , 351 , 360 ,,,,,,,,,,,,,,,,,,,
3548,Ret, 594 , 632 , 670 , 709 , 757 , 805 , 853 , 911 , 969 ," 1,026 "," 1,075 "," 1,123 "," 1,171 ",,,,,,,,,,,,,,,,,,,
3549,Ret, 393 , 401 , 409 , 416 , 426 , 436 , 445 , 457 , 469 , 480 , 490 , 500 , 509 ,,,,,,,,,,,,,,,,,,,
3920,Ret, 15 , 38 , 61 , 83 , 112 , 140 , 169 , 203 , 237 , 272 , 300 , 329 , 357 ,,,,,,,,,,,,,,,,,,,
3933,Ret, 564 , 595 , 625 , 655 , 693 , 731 , 768 , 814 , 859 , 904 , 942 , 980 ," 1,018 ",,,,,,,,,,,,,,,,,,,
174,Ret_TD," 3,271 "," 3,308 "," 3,344 "," 3,381 "," 3,466 "," 3,551 "," 3,637 "," 3,673 "," 3,710 "," 3,746 "," 3,831 "," 3,917 "," 4,002 ",,,,,,,,,,,,,,,,,,,
175,Ret_TD," 2,386 "," 2,406 "," 2,426 "," 2,445 "," 2,491 "," 2,538 "," 2,584 "," 2,603 "," 2,623 "," 2,643 "," 2,689 "," 2,735 "," 2,781 ",,,,,,,,,,,,,,,,,,,
176,Ret_TD," 1,685 "," 1,693 "," 1,701 "," 1,710 "," 1,729 "," 1,748 "," 1,767 "," 1,776 "," 1,784 "," 1,792 "," 1,811 "," 1,830 "," 1,850 ",,,,,,,,,,,,,,,,,,,
230,Ret_TD," 2,712 "," 2,729 "," 2,746 "," 2,764 "," 2,804 "," 2,844 "," 2,884 "," 2,901 "," 2,918 "," 2,935 "," 2,975 "," 3,015 "," 3,055 ",,,,,,,,,,,,,,,,,,,
232,Ret_TD, 659 , 666 , 674 , 681 , 697 , 714 , 731 , 738 , 745 , 752 , 769 , 786 , 802 ,,,,,,,,,,,,,,,,,,,
237,Ret_TD, 801 , 808 , 814 , 821 , 837 , 852 , 868 , 875 , 881 , 888 , 904 , 919 , 935 ,,,,,,,,,,,,,,,,,,,
243,Ret_TD," 2,800 "," 2,828 "," 2,857 "," 2,885 "," 2,950 "," 3,016 "," 3,082 "," 3,110 "," 3,138 "," 3,166 "," 3,232 "," 3,298 "," 3,364 ",,,,,,,,,,,,,,,,,,,
332,Ret_TD," 5,188 "," 5,215 "," 5,242 "," 5,269 "," 5,332 "," 5,395 "," 5,458 "," 5,485 "," 5,512 "," 5,539 "," 5,602 "," 5,666 "," 5,729 ",,,,,,,,,,,,,,,,,,,
376,Ret_TD," 8,597 "," 8,647 "," 8,697 "," 8,747 "," 8,864 "," 8,980 "," 9,097 "," 9,147 "," 9,197 "," 9,247 "," 9,363 "," 9,480 "," 9,596 ",,,,,,,,,,,,,,,,,,,
883,Ret_TD," 1,419 "," 1,430 "," 1,441 "," 1,452 "," 1,478 "," 1,504 "," 1,530 "," 1,541 "," 1,552 "," 1,563 "," 1,588 "," 1,614 "," 1,640 ",,,,,,,,,,,,,,,,,,,
910,Ret_TD," 1,379 "," 1,391 "," 1,403 "," 1,414 "," 1,442 "," 1,470 "," 1,497 "," 1,509 "," 1,521 "," 1,533 "," 1,560 "," 1,588 "," 1,615 ",,,,,,,,,,,,,,,,,,,
911,Ret_TD," 2,631 "," 2,655 "," 2,678 "," 2,701 "," 2,755 "," 2,809 "," 2,863 "," 2,886 "," 2,910 "," 2,933 "," 2,987 "," 3,041 "," 3,095 ",,,,,,,,,,,,,,,,,,,
924,Ret_TD," 2,749 "," 2,765 "," 2,782 "," 2,798 "," 2,836 "," 2,874 "," 2,911 "," 2,928 "," 2,944 "," 2,960 "," 2,998 "," 3,036 "," 3,074 ",,,,,,,,,,,,,,,,,,,
1013,Ret_TD, 998 ," 1,006 "," 1,013 "," 1,021 "," 1,038 "," 1,056 "," 1,074 "," 1,081 "," 1,089 "," 1,096 "," 1,114 "," 1,131 "," 1,149 ",,,,,,,,,,,,,,,,,,,
1044,Ret_TD," 3,261 "," 3,296 "," 3,331 "," 3,366 "," 3,447 "," 3,528 "," 3,610 "," 3,645 "," 3,680 "," 3,714 "," 3,796 "," 3,877 "," 3,959 ",,,,,,,,,,,,,,,,,,,
1112,Ret_TD, 951 , 960 , 969 , 977 , 998 ," 1,019 "," 1,039 "," 1,048 "," 1,057 "," 1,066 "," 1,086 "," 1,107 "," 1,127 ",,,,,,,,,,,,,,,,,,,
1152,Ret_TD," 1,723 "," 1,739 "," 1,755 "," 1,771 "," 1,809 "," 1,847 "," 1,884 "," 1,900 "," 1,916 "," 1,932 "," 1,970 "," 2,007 "," 2,045 ",,,,,,,,,,,,,,,,,,,
1220,Ret_TD," 2,365 "," 2,383 "," 2,401 "," 2,418 "," 2,460 "," 2,501 "," 2,542 "," 2,560 "," 2,577 "," 2,595 "," 2,636 "," 2,677 "," 2,719 ",,,,,,,,,,,,,,,,,,,
1221,Ret_TD, 994 ," 1,000 "," 1,007 "," 1,013 "," 1,029 "," 1,044 "," 1,059 "," 1,066 "," 1,072 "," 1,079 "," 1,094 "," 1,109 "," 1,124 ",,,,,,,,,,,,,,,,,,,
1258,Ret_TD," 2,932 "," 2,948 "," 2,963 "," 2,979 "," 3,016 "," 3,053 "," 3,090 "," 3,106 "," 3,122 "," 3,138 "," 3,175 "," 3,211 "," 3,248 ",,,,,,,,,,,,,,,,,,,
1314,Ret_TD," 5,550 "," 5,572 "," 5,595 "," 5,617 "," 5,670 "," 5,722 "," 5,775 "," 5,797 "," 5,820 "," 5,842 "," 5,895 "," 5,947 "," 6,000 ",,,,,,,,,,,,,,,,,,,
1316,Ret_TD," 1,720 "," 1,730 "," 1,741 "," 1,751 "," 1,776 "," 1,800 "," 1,824 "," 1,835 "," 1,845 "," 1,856 "," 1,880 "," 1,905 "," 1,929 ",,,,,,,,,,,,,,,,,,,
1317,Ret_TD, 514 , 516 , 519 , 521 , 526 , 532 , 537 , 540 , 542 , 544 , 550 , 555 , 561 ,,,,,,,,,,,,,,,,,,,
1401,Ret_TD," 1,193 "," 1,198 "," 1,204 "," 1,210 "," 1,223 "," 1,237 "," 1,250 "," 1,256 "," 1,262 "," 1,268 "," 1,281 "," 1,295 "," 1,308 ",,,,,,,,,,,,,,,,,,,
1560,Ret_TD," 1,643 "," 1,654 "," 1,664 "," 1,675 "," 1,700 "," 1,725 "," 1,750 "," 1,761 "," 1,771 "," 1,782 "," 1,807 "," 1,832 "," 1,857 ",,,,,,,,,,,,,,,,,,,
1789,Ret_TD," 2,726 "," 2,744 "," 2,763 "," 2,782 "," 2,825 "," 2,869 "," 2,913 "," 2,931 "," 2,950 "," 2,969 "," 3,013 "," 3,056 "," 3,100 ",,,,,,,,,,,,,,,,,,,
1830,Ret_TD," 2,376 "," 2,399 "," 2,421 "," 2,444 "," 2,498 "," 2,551 "," 2,604 "," 2,627 "," 2,650 "," 2,673 "," 2,726 "," 2,779 "," 2,833 ",,,,,,,,,,,,,,,,,,,
1896,Ret_TD, 680 , 687 , 694 , 701 , 718 , 735 , 751 , 758 , 765 , 773 , 789 , 806 , 822 ,,,,,,,,,,,,,,,,,,,
1919,Ret_TD," 1,188 "," 1,193 "," 1,199 "," 1,205 "," 1,218 "," 1,231 "," 1,244 "," 1,249 "," 1,255 "," 1,260 "," 1,273 "," 1,287 "," 1,300 ",,,,,,,,,,,,,,,,,,,
1931,Ret_TD," 1,512 "," 1,526 "," 1,540 "," 1,555 "," 1,588 "," 1,621 "," 1,654 "," 1,668 "," 1,682 "," 1,697 "," 1,730 "," 1,763 "," 1,796 ",,,,,,,,,,,,,,,,,,,
2098,Ret_TD," 2,425 "," 2,439 "," 2,453 "," 2,467 "," 2,500 "," 2,533 "," 2,566 "," 2,580 "," 2,594 "," 2,608 "," 2,641 "," 2,674 "," 2,707 ",,,,,,,,,,,,,,,,,,,
2286,Ret_TD," 1,007 "," 1,016 "," 1,025 "," 1,034 "," 1,056 "," 1,077 "," 1,098 "," 1,107 "," 1,116 "," 1,125 "," 1,147 "," 1,168 "," 1,189 ",,,,,,,,,,,,,,,,,,,
2287,Ret_TD, 868 , 878 , 888 , 899 , 923 , 947 , 970 , 981 , 991 ," 1,001 "," 1,025 "," 1,049 "," 1,073 ",,,,,,,,,,,,,,,,,,,
2288,Ret_TD," 1,319 "," 1,332 "," 1,344 "," 1,357 "," 1,387 "," 1,416 "," 1,446 "," 1,458 "," 1,471 "," 1,484 "," 1,513 "," 1,543 "," 1,573 ",,,,,,,,,,,,,,,,,,,
2461,Ret_TD, 942 , 950 , 958 , 965 , 984 ," 1,002 "," 1,021 "," 1,028 "," 1,036 "," 1,044 "," 1,063 "," 1,081 "," 1,099 ",,,,,,,,,,,,,,,,,,,
2464,Ret_TD," 1,316 "," 1,322 "," 1,328 "," 1,334 "," 1,349 "," 1,363 "," 1,377 "," 1,383 "," 1,389 "," 1,395 "," 1,410 "," 1,424 "," 1,438 ",,,,,,,,,,,,,,,,,,,
2574,Ret_TD," 2,536 "," 2,561 "," 2,585 "," 2,610 "," 2,667 "," 2,725 "," 2,782 "," 2,807 "," 2,831 "," 2,856 "," 2,913 "," 2,971 "," 3,028 ",,,,,,,,,,,,,,,,,,,
2685,Ret_TD," 1,302 "," 1,311 "," 1,320 "," 1,328 "," 1,349 "," 1,369 "," 1,390 "," 1,399 "," 1,407 "," 1,416 "," 1,436 "," 1,457 "," 1,477 ",,,,,,,,,,,,,,,,,,,
2686,Ret_TD, 970 , 982 , 995 ," 1,007 "," 1,037 "," 1,066 "," 1,095 "," 1,107 "," 1,120 "," 1,132 "," 1,161 "," 1,190 "," 1,220 ",,,,,,,,,,,,,,,,,,,
2702,Ret_TD, 529 , 537 , 544 , 552 , 570 , 588 , 606 , 614 , 622 , 629 , 647 , 665 , 683 ,,,,,,,,,,,,,,,,,,,
2703,Ret_TD," 1,194 "," 1,207 "," 1,220 "," 1,233 "," 1,263 "," 1,293 "," 1,323 "," 1,335 "," 1,348 "," 1,361 "," 1,391 "," 1,421 "," 1,451 ",,,,,,,,,,,,,,,,,,,
2704,Ret_TD, 268 , 271 , 274 , 277 , 284 , 291 , 298 , 301 , 304 , 306 , 313 , 320 , 327 ,,,,,,,,,,,,,,,,,,,
2705,Ret_TD, 567 , 569 , 572 , 575 , 582 , 588 , 595 , 598 , 601 , 603 , 610 , 617 , 623 ,,,,,,,,,,,,,,,,,,,
2706,Ret_TD, 954 , 959 , 963 , 967 , 978 , 988 , 998 ," 1,003 "," 1,007 "," 1,011 "," 1,022 "," 1,032 "," 1,042 ",,,,,,,,,,,,,,,,,,,
3164,Ret_TD, 461 , 466 , 470 , 475 , 486 , 496 , 507 , 511 , 516 , 521 , 531 , 542 , 552 ,,,,,,,,,,,,,,,,,,,
3165,Ret_TD," 1,061 "," 1,074 "," 1,087 "," 1,101 "," 1,131 "," 1,162 "," 1,193 "," 1,207 "," 1,220 "," 1,233 "," 1,264 "," 1,295 "," 1,326 ",,,,,,,,,,,,,,,,,,,
3166,Ret_TD, 678 , 683 , 689 , 695 , 709 , 723 , 736 , 742 , 748 , 754 , 768 , 782 , 795 ,,,,,,,,,,,,,,,,,,,
3346,Ret_TD, 141 , 143 , 145 , 147 , 152 , 156 , 161 , 163 , 165 , 167 , 172 , 176 , 181 ,,,,,,,,,,,,,,,,,,,
3347,Ret_TD, 236 , 239 , 242 , 245 , 251 , 258 , 264 , 267 , 270 , 272 , 279 , 285 , 292 ,,,,,,,,,,,,,,,,,,,
3436,Ret_TD, 479 , 483 , 488 , 493 , 503 , 514 , 525 , 529 , 534 , 539 , 549 , 560 , 571 ,,,,,,,,,,,,,,,,,,,
3437,Ret_TD," 1,084 "," 1,091 "," 1,099 "," 1,106 "," 1,123 "," 1,141 "," 1,158 "," 1,165 "," 1,173 "," 1,180 "," 1,197 "," 1,215 "," 1,232 ",,,,,,,,,,,,,,,,,,,
3548,Ret_TD, 262 , 266 , 271 , 276 , 287 , 298 , 309 , 313 , 318 , 323 , 334 , 345 , 356 ,,,,,,,,,,,,,,,,,,,
3549,Ret_TD," 2,766 "," 2,791 "," 2,816 "," 2,841 "," 2,899 "," 2,956 "," 3,014 "," 3,039 "," 3,064 "," 3,089 "," 3,147 "," 3,205 "," 3,263 ",,,,,,,,,,,,,,,,,,,
3920,Ret_TD, 6 , 21 , 37 , 52 , 88 , 124 , 160 , 176 , 191 , 207 , 243 , 279 , 314 ,,,,,,,,,,,,,,,,,,,
3933,Ret_TD, 920 , 927 , 934 , 941 , 958 , 974 , 991 , 998 ," 1,005 "," 1,012 "," 1,029 "," 1,046 "," 1,062 ",,,,,,,,,,,,,,,,,,,
174,Ret-Gold, 275 , 314 , 354 , 393 , 443 , 492 , 541 , 600 , 659 , 719 , 768 , 817 , 866 ,,,,,,,,,,,,,,,,,,,
175,Ret-Gold, 314 , 359 , 404 , 449 , 505 , 561 , 617 , 685 , 752 , 819 , 876 , 932 , 988 ,,,,,,,,,,,,,,,,,,,
176,Ret-Gold, 77 , 88 , 99 , 110 , 124 , 138 , 152 , 169 , 185 , 202 , 216 , 230 , 243 ,,,,,,,,,,,,,,,,,,,
230,Ret-Gold, 463 , 529 , 595 , 662 , 745 , 827 , 910 ," 1,010 "," 1,109 "," 1,209 "," 1,292 "," 1,374 "," 1,457 ",,,,,,,,,,,,,,,,,,,
232,Ret-Gold, 469 , 533 , 597 , 661 , 741 , 821 , 901 , 997 ," 1,093 "," 1,190 "," 1,270 "," 1,350 "," 1,430 ",,,,,,,,,,,,,,,,,,,
237,Ret-Gold, 290 , 332 , 374 , 415 , 467 , 519 , 571 , 634 , 696 , 758 , 810 , 862 , 914 ,,,,,,,,,,,,,,,,,,,
243,Ret-Gold, 160 , 182 , 204 , 226 , 253 , 280 , 308 , 340 , 373 , 406 , 433 , 461 , 488 ,,,,,,,,,,,,,,,,,,,
332,Ret-Gold," 1,842 "," 2,106 "," 2,370 "," 2,634 "," 2,964 "," 3,293 "," 3,623 "," 4,019 "," 4,415 "," 4,811 "," 5,141 "," 5,471 "," 5,801 ",,,,,,,,,,,,,,,,,,,
376,Ret-Gold, 125 , 143 , 161 , 178 , 201 , 223 , 246 , 272 , 299 , 326 , 348 , 371 , 393 ,,,,,,,,,,,,,,,,,,,
883,Ret-Gold, 201 , 229 , 256 , 284 , 318 , 353 , 387 , 428 , 470 , 511 , 545 , 580 , 614 ,,,,,,,,,,,,,,,,,,,
910,Ret-Gold, 233 , 266 , 299 , 333 , 375 , 416 , 458 , 508 , 558 , 608 , 650 , 691 , 733 ,,,,,,,,,,,,,,,,,,,
911,Ret-Gold, 275 , 312 , 350 , 387 , 434 , 481 , 528 , 584 , 641 , 697 , 744 , 791 , 838 ,,,,,,,,,,,,,,,,,,,
924,Ret-Gold, 376 , 430 , 484 , 538 , 605 , 673 , 740 , 821 , 902 , 983 ," 1,050 "," 1,117 "," 1,185 ",,,,,,,,,,,,,,,,,,,
1013,Ret-Gold, 152 , 172 , 193 , 214 , 240 , 266 , 291 , 323 , 354 , 385 , 411 , 437 , 462 ,,,,,,,,,,,,,,,,,,,
1044,Ret-Gold, 237 , 271 , 305 , 339 , 381 , 423 , 466 , 517 , 568 , 619 , 661 , 703 , 746 ,,,,,,,,,,,,,,,,,,,
1112,Ret-Gold, 173 , 197 , 221 , 244 , 274 , 304 , 333 , 369 , 404 , 440 , 470 , 499 , 529 ,,,,,,,,,,,,,,,,,,,
1152,Ret-Gold, 249 , 283 , 317 , 351 , 394 , 436 , 479 , 530 , 581 , 632 , 675 , 717 , 760 ,,,,,,,,,,,,,,,,,,,
1220,Ret-Gold, 208 , 238 , 267 , 297 , 334 , 372 , 409 , 453 , 498 , 543 , 580 , 617 , 655 ,,,,,,,,,,,,,,,,,,,
1221,Ret-Gold, 72 , 82 , 92 , 102 , 114 , 126 , 139 , 153 , 168 , 183 , 195 , 207 , 220 ,,,,,,,,,,,,,,,,,,,
1258,Ret-Gold, 315 , 361 , 406 , 451 , 507 , 564 , 620 , 688 , 756 , 824 , 880 , 937 , 993 ,,,,,,,,,,,,,,,,,,,
1314,Ret-Gold," 2,336 "," 2,671 "," 3,006 "," 3,341 "," 3,759 "," 4,178 "," 4,596 "," 5,098 "," 5,600 "," 6,103 "," 6,521 "," 6,940 "," 7,358 ",,,,,,,,,,,,,,,,,,,
1316,Ret-Gold, 278 , 318 , 358 , 398 , 447 , 497 , 547 , 607 , 667 , 726 , 776 , 826 , 876 ,,,,,,,,,,,,,,,,,,,
1317,Ret-Gold, 108 , 122 , 137 , 152 , 170 , 189 , 207 , 229 , 251 , 273 , 292 , 310 , 329 ,,,,,,,,,,,,,,,,,,,
1401,Ret-Gold, 454 , 519 , 584 , 649 , 730 , 811 , 892 , 990 ," 1,087 "," 1,185 "," 1,266 "," 1,347 "," 1,429 ",,,,,,,,,,,,,,,,,,,
1560,Ret-Gold, 66 , 76 , 85 , 95 , 107 , 119 , 131 , 145 , 159 , 174 , 185 , 197 , 209 ,,,,,,,,,,,,,,,,,,,
1789,Ret-Gold, 128 , 146 , 165 , 183 , 206 , 229 , 252 , 279 , 307 , 334 , 357 , 380 , 403 ,,,,,,,,,,,,,,,,,,,
1830,Ret-Gold, 938 ," 1,072 "," 1,206 "," 1,341 "," 1,509 "," 1,677 "," 1,845 "," 2,046 "," 2,248 "," 2,449 "," 2,617 "," 2,785 "," 2,953 ",,,,,,,,,,,,,,,,,,,
1896,Ret-Gold, 76 , 86 , 97 , 108 , 122 , 135 , 149 , 165 , 181 , 197 , 211 , 225 , 238 ,,,,,,,,,,,,,,,,,,,
1919,Ret-Gold, 260 , 297 , 334 , 372 , 418 , 465 , 511 , 567 , 623 , 679 , 725 , 772 , 818 ,,,,,,,,,,,,,,,,,,,
1931,Ret-Gold, 135 , 154 , 174 , 193 , 217 , 241 , 266 , 295 , 324 , 353 , 377 , 401 , 425 ,,,,,,,,,,,,,,,,,,,
2098,Ret-Gold, 544 , 622 , 700 , 777 , 875 , 972 ," 1,070 "," 1,187 "," 1,303 "," 1,420 "," 1,518 "," 1,615 "," 1,712 ",,,,,,,,,,,,,,,,,,,
2286,Ret-Gold, 698 , 799 , 899 , 999 ," 1,124 "," 1,249 "," 1,374 "," 1,524 "," 1,674 "," 1,824 "," 1,949 "," 2,075 "," 2,200 ",,,,,,,,,,,,,,,,,,,
2287,Ret-Gold, 379 , 433 , 487 , 542 , 610 , 677 , 745 , 827 , 908 , 990 ," 1,058 "," 1,125 "," 1,193 ",,,,,,,,,,,,,,,,,,,
2288,Ret-Gold, 425 , 486 , 547 , 608 , 685 , 761 , 837 , 929 ," 1,020 "," 1,111 "," 1,188 "," 1,264 "," 1,340 ",,,,,,,,,,,,,,,,,,,
2461,Ret-Gold, 46 , 53 , 60 , 66 , 75 , 83 , 91 , 101 , 111 , 121 , 129 , 138 , 146 ,,,,,,,,,,,,,,,,,,,
2464,Ret-Gold, 70 , 80 , 90 , 100 , 112 , 125 , 137 , 152 , 167 , 182 , 195 , 207 , 220 ,,,,,,,,,,,,,,,,,,,
2574,Ret-Gold, 127 , 146 , 164 , 182 , 205 , 228 , 251 , 278 , 306 , 333 , 356 , 379 , 401 ,,,,,,,,,,,,,,,,,,,
2685,Ret-Gold," 1,161 "," 1,327 "," 1,494 "," 1,660 "," 1,868 "," 2,076 "," 2,284 "," 2,533 "," 2,783 "," 3,032 "," 3,240 "," 3,448 "," 3,656 ",,,,,,,,,,,,,,,,,,,
2686,Ret-Gold, 83 , 95 , 107 , 119 , 134 , 149 , 163 , 181 , 199 , 217 , 232 , 247 , 262 ,,,,,,,,,,,,,,,,,,,
2702,Ret-Gold, 137 , 156 , 176 , 196 , 220 , 244 , 269 , 298 , 328 , 357 , 382 , 406 , 431 ,,,,,,,,,,,,,,,,,,,
2703,Ret-Gold, 614 , 702 , 790 , 878 , 987 ," 1,097 "," 1,207 "," 1,339 "," 1,471 "," 1,603 "," 1,713 "," 1,823 "," 1,933 ",,,,,,,,,,,,,,,,,,,
2704,Ret-Gold, 68 , 78 , 87 , 97 , 109 , 121 , 133 , 148 , 163 , 177 , 189 , 201 , 214 ,,,,,,,,,,,,,,,,,,,
2705,Ret-Gold, 60 , 69 , 77 , 86 , 97 , 107 , 118 , 131 , 144 , 157 , 168 , 178 , 189 ,,,,,,,,,,,,,,,,,,,
2706,Ret-Gold, 276 , 313 , 351 , 389 , 436 , 483 , 530 , 586 , 643 , 699 , 747 , 794 , 841 ,,,,,,,,,,,,,,,,,,,
3164,Ret-Gold, 248 , 284 , 320 , 355 , 400 , 444 , 489 , 542 , 595 , 649 , 693 , 738 , 782 ,,,,,,,,,,,,,,,,,,,
3165,Ret-Gold, 60 , 69 , 78 , 86 , 97 , 108 , 119 , 132 , 145 , 158 , 169 , 179 , 190 ,,,,,,,,,,,,,,,,,,,
3166,Ret-Gold, 80 , 92 , 103 , 115 , 129 , 143 , 158 , 175 , 192 , 209 , 224 , 238 , 252 ,,,,,,,,,,,,,,,,,,,
3346,Ret-Gold, 64 , 73 , 81 , 90 , 101 , 112 , 123 , 136 , 149 , 162 , 173 , 184 , 195 ,,,,,,,,,,,,,,,,,,,
3347,Ret-Gold, 194 , 221 , 248 , 274 , 307 , 341 , 374 , 414 , 454 , 493 , 527 , 560 , 593 ,,,,,,,,,,,,,,,,,,,
3436,Ret-Gold, 276 , 316 , 355 , 395 , 444 , 494 , 543 , 602 , 662 , 721 , 771 , 820 , 870 ,,,,,,,,,,,,,,,,,,,
3437,Ret-Gold, 21 , 24 , 28 , 31 , 34 , 38 , 42 , 47 , 51 , 56 , 60 , 64 , 67 ,,,,,,,,,,,,,,,,,,,
3548,Ret-Gold, 242 , 277 , 312 , 347 , 390 , 433 , 477 , 529 , 581 , 633 , 677 , 720 , 763 ,,,,,,,,,,,,,,,,,,,
3549,Ret-Gold, 16 , 18 , 20 , 22 , 25 , 27 , 30 , 33 , 36 , 40 , 42 , 45 , 48 ,,,,,,,,,,,,,,,,,,,
3920,Ret-Gold, - , 17 , 33 , 50 , 71 , 92 , 113 , 138 , 163 , 188 , 208 , 229 , 250 ,,,,,,,,,,,,,,,,,,,
3933,Ret-Gold, 172 , 196 , 221 , 246 , 276 , 307 , 338 , 375 , 412 , 449 , 479 , 510 , 541 ,,,,,,,,,,,,,,,,,,,
174,SB," 3,598 "," 3,624 "," 3,649 "," 3,675 "," 3,707 "," 3,739 "," 3,770 "," 3,809 "," 3,847 "," 3,885 "," 3,917 "," 3,949 "," 3,981 ",,,,,,,,,,,,,,,,,,,
175,SB," 2,146 "," 2,159 "," 2,173 "," 2,186 "," 2,203 "," 2,220 "," 2,236 "," 2,256 "," 2,276 "," 2,296 "," 2,313 "," 2,330 "," 2,347 ",,,,,,,,,,,,,,,,,,,
176,SB," 2,316 "," 2,331 "," 2,345 "," 2,359 "," 2,377 "," 2,395 "," 2,413 "," 2,435 "," 2,456 "," 2,478 "," 2,495 "," 2,513 "," 2,531 ",,,,,,,,,,,,,,,,,,,
230,SB," 3,494 "," 3,512 "," 3,531 "," 3,549 "," 3,572 "," 3,595 "," 3,618 "," 3,645 "," 3,673 "," 3,700 "," 3,723 "," 3,746 "," 3,769 ",,,,,,,,,,,,,,,,,,,
232,SB," 1,383 "," 1,389 "," 1,395 "," 1,401 "," 1,408 "," 1,415 "," 1,423 "," 1,431 "," 1,440 "," 1,449 "," 1,456 "," 1,463 "," 1,471 ",,,,,,,,,,,,,,,,,,,
237,SB," 1,901 "," 1,912 "," 1,923 "," 1,934 "," 1,947 "," 1,961 "," 1,975 "," 1,991 "," 2,007 "," 2,024 "," 2,037 "," 2,051 "," 2,064 ",,,,,,,,,,,,,,,,,,,
243,SB," 2,534 "," 2,550 "," 2,565 "," 2,581 "," 2,600 "," 2,619 "," 2,639 "," 2,662 "," 2,685 "," 2,709 "," 2,728 "," 2,748 "," 2,767 ",,,,,,,,,,,,,,,,,,,
332,SB," 5,491 "," 5,525 "," 5,558 "," 5,592 "," 5,634 "," 5,676 "," 5,718 "," 5,768 "," 5,818 "," 5,869 "," 5,911 "," 5,953 "," 5,994 ",,,,,,,,,,,,,,,,,,,
376,SB," 7,092 "," 7,115 "," 7,138 "," 7,161 "," 7,190 "," 7,218 "," 7,247 "," 7,281 "," 7,316 "," 7,350 "," 7,379 "," 7,407 "," 7,436 ",,,,,,,,,,,,,,,,,,,
883,SB," 1,841 "," 1,859 "," 1,877 "," 1,894 "," 1,916 "," 1,938 "," 1,961 "," 1,987 "," 2,013 "," 2,040 "," 2,062 "," 2,084 "," 2,106 ",,,,,,,,,,,,,,,,,,,
910,SB," 2,164 "," 2,174 "," 2,185 "," 2,195 "," 2,208 "," 2,221 "," 2,233 "," 2,249 "," 2,264 "," 2,280 "," 2,292 "," 2,305 "," 2,318 ",,,,,,,,,,,,,,,,,,,
911,SB," 1,250 "," 1,257 "," 1,265 "," 1,272 "," 1,281 "," 1,291 "," 1,300 "," 1,311 "," 1,322 "," 1,333 "," 1,343 "," 1,352 "," 1,361 ",,,,,,,,,,,,,,,,,,,
924,SB," 1,742 "," 1,753 "," 1,764 "," 1,776 "," 1,790 "," 1,804 "," 1,819 "," 1,836 "," 1,853 "," 1,870 "," 1,884 "," 1,898 "," 1,912 ",,,,,,,,,,,,,,,,,,,
1013,SB," 1,490 "," 1,497 "," 1,505 "," 1,513 "," 1,522 "," 1,532 "," 1,541 "," 1,553 "," 1,564 "," 1,575 "," 1,585 "," 1,595 "," 1,604 ",,,,,,,,,,,,,,,,,,,
1044,SB," 2,861 "," 2,885 "," 2,910 "," 2,935 "," 2,966 "," 2,997 "," 3,028 "," 3,065 "," 3,103 "," 3,140 "," 3,171 "," 3,202 "," 3,233 ",,,,,,,,,,,,,,,,,,,
1112,SB, 952 , 959 , 965 , 972 , 980 , 988 , 996 ," 1,006 "," 1,015 "," 1,025 "," 1,033 "," 1,041 "," 1,049 ",,,,,,,,,,,,,,,,,,,
1152,SB," 1,494 "," 1,502 "," 1,510 "," 1,519 "," 1,529 "," 1,540 "," 1,550 "," 1,563 "," 1,576 "," 1,588 "," 1,599 "," 1,609 "," 1,620 ",,,,,,,,,,,,,,,,,,,
1220,SB," 1,699 "," 1,712 "," 1,725 "," 1,739 "," 1,755 "," 1,772 "," 1,788 "," 1,808 "," 1,828 "," 1,848 "," 1,864 "," 1,881 "," 1,897 ",,,,,,,,,,,,,,,,,,,
1221,SB, 862 , 867 , 872 , 878 , 884 , 891 , 897 , 905 , 913 , 921 , 927 , 934 , 941 ,,,,,,,,,,,,,,,,,,,
1258,SB," 2,470 "," 2,483 "," 2,496 "," 2,510 "," 2,527 "," 2,544 "," 2,560 "," 2,581 "," 2,601 "," 2,621 "," 2,638 "," 2,655 "," 2,672 ",,,,,,,,,,,,,,,,,,,
1314,SB," 5,575 "," 5,622 "," 5,669 "," 5,716 "," 5,775 "," 5,834 "," 5,893 "," 5,964 "," 6,035 "," 6,106 "," 6,165 "," 6,224 "," 6,283 ",,,,,,,,,,,,,,,,,,,
1316,SB," 1,497 "," 1,506 "," 1,515 "," 1,524 "," 1,535 "," 1,547 "," 1,558 "," 1,572 "," 1,585 "," 1,599 "," 1,610 "," 1,622 "," 1,633 ",,,,,,,,,,,,,,,,,,,
1317,SB, 741 , 746 , 750 , 754 , 760 , 765 , 770 , 777 , 783 , 790 , 795 , 801 , 806 ,,,,,,,,,,,,,,,,,,,
1401,SB," 1,391 "," 1,398 "," 1,405 "," 1,412 "," 1,420 "," 1,428 "," 1,437 "," 1,447 "," 1,457 "," 1,467 "," 1,475 "," 1,483 "," 1,492 ",,,,,,,,,,,,,,,,,,,
1560,SB," 2,070 "," 2,088 "," 2,106 "," 2,124 "," 2,147 "," 2,170 "," 2,192 "," 2,219 "," 2,247 "," 2,274 "," 2,297 "," 2,319 "," 2,342 ",,,,,,,,,,,,,,,,,,,
1789,SB," 1,418 "," 1,429 "," 1,440 "," 1,452 "," 1,466 "," 1,480 "," 1,494 "," 1,511 "," 1,528 "," 1,545 "," 1,559 "," 1,573 "," 1,587 ",,,,,,,,,,,,,,,,,,,
1830,SB," 3,174 "," 3,192 "," 3,211 "," 3,230 "," 3,254 "," 3,278 "," 3,301 "," 3,330 "," 3,358 "," 3,387 "," 3,410 "," 3,434 "," 3,458 ",,,,,,,,,,,,,,,,,,,
1896,SB," 2,146 "," 2,162 "," 2,178 "," 2,193 "," 2,213 "," 2,232 "," 2,251 "," 2,275 "," 2,298 "," 2,321 "," 2,341 "," 2,360 "," 2,380 ",,,,,,,,,,,,,,,,,,,
1919,SB," 2,059 "," 2,081 "," 2,103 "," 2,125 "," 2,153 "," 2,181 "," 2,208 "," 2,242 "," 2,275 "," 2,308 "," 2,336 "," 2,364 "," 2,392 ",,,,,,,,,,,,,,,,,,,
1931,SB," 1,298 "," 1,309 "," 1,320 "," 1,332 "," 1,346 "," 1,361 "," 1,375 "," 1,392 "," 1,409 "," 1,426 "," 1,441 "," 1,455 "," 1,469 ",,,,,,,,,,,,,,,,,,,
2098,SB," 2,295 "," 2,312 "," 2,329 "," 2,346 "," 2,368 "," 2,389 "," 2,411 "," 2,437 "," 2,462 "," 2,488 "," 2,510 "," 2,531 "," 2,553 ",,,,,,,,,,,,,,,,,,,
2286,SB," 2,106 "," 2,117 "," 2,127 "," 2,138 "," 2,151 "," 2,165 "," 2,178 "," 2,194 "," 2,210 "," 2,226 "," 2,239 "," 2,252 "," 2,266 ",,,,,,,,,,,,,,,,,,,
2287,SB," 1,131 "," 1,142 "," 1,153 "," 1,164 "," 1,178 "," 1,192 "," 1,206 "," 1,223 "," 1,239 "," 1,256 "," 1,270 "," 1,284 "," 1,297 ",,,,,,,,,,,,,,,,,,,
2288,SB," 1,854 "," 1,867 "," 1,879 "," 1,891 "," 1,906 "," 1,922 "," 1,937 "," 1,955 "," 1,974 "," 1,992 "," 2,008 "," 2,023 "," 2,038 ",,,,,,,,,,,,,,,,,,,
2461,SB," 1,952 "," 1,960 "," 1,969 "," 1,977 "," 1,987 "," 1,997 "," 2,008 "," 2,020 "," 2,032 "," 2,045 "," 2,055 "," 2,065 "," 2,076 ",,,,,,,,,,,,,,,,,,,
2464,SB," 1,815 "," 1,824 "," 1,833 "," 1,841 "," 1,852 "," 1,863 "," 1,874 "," 1,887 "," 1,900 "," 1,913 "," 1,924 "," 1,934 "," 1,945 ",,,,,,,,,,,,,,,,,,,
2574,SB," 2,352 "," 2,379 "," 2,405 "," 2,431 "," 2,464 "," 2,497 "," 2,530 "," 2,570 "," 2,609 "," 2,649 "," 2,682 "," 2,714 "," 2,747 ",,,,,,,,,,,,,,,,,,,
2685,SB," 1,792 "," 1,801 "," 1,810 "," 1,819 "," 1,831 "," 1,843 "," 1,854 "," 1,868 "," 1,882 "," 1,896 "," 1,908 "," 1,919 "," 1,931 ",,,,,,,,,,,,,,,,,,,
2686,SB, 830 , 836 , 842 , 848 , 855 , 862 , 870 , 878 , 887 , 896 , 903 , 910 , 918 ,,,,,,,,,,,,,,,,,,,
2702,SB, 876 , 885 , 893 , 902 , 913 , 924 , 934 , 947 , 960 , 973 , 984 , 995 ," 1,006 ",,,,,,,,,,,,,,,,,,,
2703,SB," 1,292 "," 1,298 "," 1,304 "," 1,310 "," 1,318 "," 1,325 "," 1,333 "," 1,342 "," 1,351 "," 1,360 "," 1,367 "," 1,375 "," 1,382 ",,,,,,,,,,,,,,,,,,,
2704,SB, 593 , 597 , 601 , 605 , 610 , 615 , 620 , 626 , 632 , 638 , 643 , 648 , 654 ,,,,,,,,,,,,,,,,,,,
2705,SB," 1,530 "," 1,536 "," 1,542 "," 1,548 "," 1,556 "," 1,563 "," 1,571 "," 1,580 "," 1,589 "," 1,598 "," 1,605 "," 1,613 "," 1,620 ",,,,,,,,,,,,,,,,,,,
2706,SB," 1,457 "," 1,465 "," 1,473 "," 1,480 "," 1,490 "," 1,500 "," 1,510 "," 1,522 "," 1,534 "," 1,546 "," 1,555 "," 1,565 "," 1,575 ",,,,,,,,,,,,,,,,,,,
3164,SB," 1,090 "," 1,095 "," 1,100 "," 1,105 "," 1,111 "," 1,117 "," 1,124 "," 1,131 "," 1,139 "," 1,147 "," 1,153 "," 1,159 "," 1,166 ",,,,,,,,,,,,,,,,,,,
3165,SB," 1,180 "," 1,186 "," 1,191 "," 1,196 "," 1,203 "," 1,209 "," 1,216 "," 1,224 "," 1,232 "," 1,239 "," 1,246 "," 1,253 "," 1,259 ",,,,,,,,,,,,,,,,,,,
3166,SB," 1,173 "," 1,184 "," 1,195 "," 1,205 "," 1,219 "," 1,232 "," 1,246 "," 1,262 "," 1,278 "," 1,294 "," 1,307 "," 1,321 "," 1,334 ",,,,,,,,,,,,,,,,,,,
3346,SB, 533 , 536 , 539 , 542 , 546 , 550 , 554 , 559 , 564 , 569 , 573 , 577 , 581 ,,,,,,,,,,,,,,,,,,,
3347,SB, 486 , 488 , 491 , 494 , 497 , 501 , 504 , 508 , 512 , 516 , 520 , 523 , 527 ,,,,,,,,,,,,,,,,,,,
3436,SB, 537 , 542 , 548 , 553 , 560 , 567 , 574 , 582 , 590 , 598 , 605 , 612 , 618 ,,,,,,,,,,,,,,,,,,,
3437,SB," 1,391 "," 1,399 "," 1,408 "," 1,417 "," 1,428 "," 1,439 "," 1,450 "," 1,463 "," 1,476 "," 1,489 "," 1,500 "," 1,511 "," 1,522 ",,,,,,,,,,,,,,,,,,,
3548,SB, 609 , 614 , 620 , 625 , 632 , 639 , 645 , 653 , 662 , 670 , 676 , 683 , 690 ,,,,,,,,,,,,,,,,,,,
3549,SB," 1,414 "," 1,430 "," 1,446 "," 1,462 "," 1,482 "," 1,502 "," 1,522 "," 1,546 "," 1,570 "," 1,594 "," 1,614 "," 1,634 "," 1,654 ",,,,,,,,,,,,,,,,,,,
3920,SB, 7 , 21 , 34 , 48 , 65 , 83 , 100 , 121 , 141 , 162 , 179 , 196 , 213 ,,,,,,,,,,,,,,,,,,,
3933,SB," 1,004 "," 1,011 "," 1,018 "," 1,025 "," 1,033 "," 1,041 "," 1,050 "," 1,060 "," 1,070 "," 1,080 "," 1,088 "," 1,096 "," 1,105 ",,,,,,,,,,,,,,,,,,,
174,SHG, 417 , 431 , 445 , 458 , 475 , 492 , 509 , 529 , 550 , 570 , 587 , 604 , 621 ,,,,,,,,,,,,,,,,,,,
175,SHG, 21 , 21 , 22 , 22 , 23 , 23 , 23 , 24 , 24 , 25 , 25 , 26 , 26 ,,,,,,,,,,,,,,,,,,,
176,SHG, - , 1 , 1 , 2 , 3 , 4 , 5 , 6 , 7 , 8 , 9 , 10 , 11 ,,,,,,,,,,,,,,,,,,,
230,SHG, 327 , 338 , 349 , 360 , 374 , 388 , 402 , 419 , 435 , 452 , 466 , 480 , 494 ,,,,,,,,,,,,,,,,,,,
232,SHG, 28 , 29 , 30 , 31 , 32 , 33 , 35 , 36 , 37 , 39 , 40 , 41 , 42 ,,,,,,,,,,,,,,,,,,,
237,SHG, - , 1 , 1 , 2 , 3 , 4 , 5 , 6 , 7 , 8 , 9 , 10 , 11 ,,,,,,,,,,,,,,,,,,,
243,SHG, 14 , 14 , 14 , 15 , 15 , 16 , 17 , 17 , 18 , 19 , 19 , 20 , 20 ,,,,,,,,,,,,,,,,,,,
332,SHG, 20 , 20 , 21 , 22 , 22 , 23 , 24 , 25 , 26 , 27 , 28 , 29 , 30 ,,,,,,,,,,,,,,,,,,,
376,SHG, 200 , 207 , 214 , 220 , 229 , 237 , 246 , 256 , 266 , 276 , 285 , 293 , 302 ,,,,,,,,,,,,,,,,,,,
883,SHG, 878 , 887 , 897 , 906 , 918 , 930 , 942 , 956 , 970 , 984 , 996 ," 1,008 "," 1,020 ",,,,,,,,,,,,,,,,,,,
910,SHG, 14 , 14 , 15 , 15 , 16 , 17 , 17 , 18 , 19 , 19 , 20 , 21 , 21 ,,,,,,,,,,,,,,,,,,,
911,SHG, 10 , 10 , 10 , 10 , 11 , 11 , 11 , 12 , 12 , 13 , 13 , 13 , 14 ,,,,,,,,,,,,,,,,,,,
924,SHG, 92 , 96 , 99 , 102 , 106 , 110 , 114 , 118 , 123 , 128 , 132 , 136 , 139 ,,,,,,,,,,,,,,,,,,,
1013,SHG, 170 , 175 , 181 , 187 , 194 , 201 , 208 , 217 , 226 , 234 , 242 , 249 , 256 ,,,,,,,,,,,,,,,,,,,
1044,SHG, 119 , 123 , 127 , 131 , 136 , 141 , 146 , 152 , 158 , 164 , 169 , 174 , 179 ,,,,,,,,,,,,,,,,,,,
1112,SHG, 17 , 18 , 18 , 19 , 20 , 21 , 21 , 22 , 23 , 24 , 25 , 25 , 26 ,,,,,,,,,,,,,,,,,,,
1152,SHG, 475 , 491 , 507 , 523 , 543 , 564 , 584 , 608 , 632 , 656 , 676 , 696 , 716 ,,,,,,,,,,,,,,,,,,,
1220,SHG, 39 , 39 , 40 , 41 , 42 , 42 , 43 , 44 , 45 , 46 , 47 , 48 , 49 ,,,,,,,,,,,,,,,,,,,
1221,SHG, 83 , 86 , 89 , 92 , 95 , 99 , 103 , 107 , 111 , 115 , 119 , 122 , 126 ,,,,,,,,,,,,,,,,,,,
1258,SHG, 60 , 62 , 64 , 66 , 69 , 71 , 74 , 77 , 80 , 83 , 85 , 88 , 90 ,,,,,,,,,,,,,,,,,,,
1314,SHG, 31 , 32 , 34 , 35 , 36 , 37 , 39 , 40 , 42 , 43 , 45 , 46 , 47 ,,,,,,,,,,,,,,,,,,,
1316,SHG, 68 , 70 , 73 , 75 , 78 , 81 , 84 , 87 , 91 , 94 , 97 , 100 , 103 ,,,,,,,,,,,,,,,,,,,
1317,SHG, - , 1 , 1 , 2 , 3 , 4 , 5 , 6 , 7 , 8 , 9 , 10 , 11 ,,,,,,,,,,,,,,,,,,,
1401,SHG, 11 , 11 , 11 , 12 , 12 , 13 , 13 , 14 , 14 , 15 , 15 , 15 , 16 ,,,,,,,,,,,,,,,,,,,
1560,SHG, 19 , 20 , 20 , 21 , 21 , 22 , 22 , 23 , 24 , 24 , 25 , 25 , 26 ,,,,,,,,,,,,,,,,,,,
1789,SHG, 53 , 55 , 57 , 59 , 61 , 63 , 65 , 68 , 71 , 73 , 76 , 78 , 80 ,,,,,,,,,,,,,,,,,,,
1830,SHG, 82 , 85 , 87 , 90 , 94 , 97 , 101 , 105 , 109 , 113 , 117 , 120 , 124 ,,,,,,,,,,,,,,,,,,,
1896,SHG, 45 , 46 , 48 , 49 , 51 , 53 , 55 , 57 , 60 , 62 , 64 , 66 , 68 ,,,,,,,,,,,,,,,,,,,
1919,SHG, 6 , 6 , 6 , 6 , 6 , 6 , 6 , 7 , 7 , 7 , 7 , 7 , 7 ,,,,,,,,,,,,,,,,,,,
1931,SHG, 38 , 39 , 40 , 42 , 43 , 45 , 46 , 48 , 50 , 52 , 54 , 55 , 57 ,,,,,,,,,,,,,,,,,,,
2098,SHG, - , 1 , 1 , 2 , 3 , 4 , 5 , 6 , 7 , 8 , 9 , 10 , 11 ,,,,,,,,,,,,,,,,,,,
2286,SHG, 27 , 27 , 28 , 28 , 28 , 29 , 29 , 30 , 30 , 31 , 31 , 32 , 32 ,,,,,,,,,,,,,,,,,,,
2287,SHG, 49 , 50 , 51 , 51 , 52 , 53 , 54 , 55 , 55 , 56 , 57 , 58 , 59 ,,,,,,,,,,,,,,,,,,,
2288,SHG, 66 , 68 , 70 , 72 , 74 , 76 , 79 , 81 , 84 , 87 , 89 , 91 , 94 ,,,,,,,,,,,,,,,,,,,
2461,SHG, 7 , 8 , 8 , 9 , 10 , 10 , 11 , 12 , 12 , 13 , 14 , 14 , 15 ,,,,,,,,,,,,,,,,,,,
2464,SHG, 8 , 8 , 8 , 8 , 8 , 9 , 9 , 9 , 9 , 9 , 9 , 10 , 10 ,,,,,,,,,,,,,,,,,,,
2574,SHG, 74 , 75 , 76 , 78 , 79 , 81 , 83 , 84 , 86 , 88 , 90 , 92 , 93 ,,,,,,,,,,,,,,,,,,,
2685,SHG, 42 , 43 , 45 , 46 , 48 , 49 , 51 , 53 , 55 , 57 , 59 , 61 , 62 ,,,,,,,,,,,,,,,,,,,
2686,SHG, - , 1 , 1 , 2 , 3 , 4 , 5 , 6 , 7 , 8 , 9 , 10 , 11 ,,,,,,,,,,,,,,,,,,,
2702,SHG, 3 , 4 , 4 , 4 , 4 , 4 , 5 , 5 , 5 , 5 , 6 , 6 , 6 ,,,,,,,,,,,,,,,,,,,
2703,SHG, - , 1 , 1 , 2 , 3 , 4 , 5 , 6 , 7 , 8 , 9 , 10 , 11 ,,,,,,,,,,,,,,,,,,,
2704,SHG, 56 , 58 , 60 , 62 , 64 , 66 , 69 , 72 , 74 , 77 , 80 , 82 , 84 ,,,,,,,,,,,,,,,,,,,
2705,SHG, 12 , 12 , 13 , 13 , 13 , 14 , 14 , 15 , 15 , 15 , 16 , 16 , 17 ,,,,,,,,,,,,,,,,,,,
2706,SHG, 11 , 11 , 11 , 11 , 12 , 12 , 12 , 12 , 12 , 13 , 13 , 13 , 13 ,,,,,,,,,,,,,,,,,,,
3164,SHG, 69 , 71 , 72 , 74 , 76 , 78 , 80 , 82 , 85 , 87 , 89 , 91 , 93 ,,,,,,,,,,,,,,,,,,,
3165,SHG, 19 , 19 , 19 , 19 , 20 , 20 , 20 , 21 , 21 , 22 , 22 , 22 , 23 ,,,,,,,,,,,,,,,,,,,
3166,SHG, 18 , 19 , 20 , 20 , 21 , 22 , 23 , 23 , 24 , 25 , 26 , 27 , 28 ,,,,,,,,,,,,,,,,,,,
3346,SHG, 2 , 2 , 3 , 3 , 3 , 3 , 3 , 3 , 3 , 4 , 4 , 4 , 4 ,,,,,,,,,,,,,,,,,,,
3347,SHG, - , 1 , 1 , 2 , 3 , 4 , 5 , 6 , 7 , 8 , 9 , 10 , 11 ,,,,,,,,,,,,,,,,,,,
3436,SHG, - , 1 , 1 , 2 , 3 , 4 , 5 , 6 , 7 , 8 , 9 , 10 , 11 ,,,,,,,,,,,,,,,,,,,
3437,SHG, 32 , 33 , 35 , 36 , 37 , 38 , 40 , 41 , 43 , 45 , 46 , 47 , 49 ,,,,,,,,,,,,,,,,,,,
3548,SHG, 19 , 19 , 20 , 21 , 22 , 22 , 23 , 24 , 25 , 26 , 27 , 28 , 28 ,,,,,,,,,,,,,,,,,,,
3549,SHG, 25 , 25 , 26 , 26 , 27 , 27 , 28 , 29 , 29 , 30 , 31 , 31 , 32 ,,,,,,,,,,,,,,,,,,,
3920,SHG, - , 1 , 1 , 2 , 3 , 4 , 5 , 6 , 7 , 8 , 9 , 10 , 11 ,,,,,,,,,,,,,,,,,,,
3933,SHG, 39 , 40 , 41 , 42 , 43 , 45 , 46 , 48 , 50 , 51 , 53 , 54 , 55 ,,,,,,,,,,,,,,,,,,,
174,TD," 3,271 "," 3,308 "," 3,344 "," 3,381 "," 3,466 "," 3,551 "," 3,637 "," 3,673 "," 3,710 "," 3,746 "," 3,831 "," 3,917 "," 4,002 ",,,,,,,,,,,,,,,,,,,
175,TD," 2,386 "," 2,406 "," 2,426 "," 2,445 "," 2,491 "," 2,538 "," 2,584 "," 2,603 "," 2,623 "," 2,643 "," 2,689 "," 2,735 "," 2,781 ",,,,,,,,,,,,,,,,,,,
176,TD," 1,685 "," 1,693 "," 1,701 "," 1,710 "," 1,729 "," 1,748 "," 1,767 "," 1,776 "," 1,784 "," 1,792 "," 1,811 "," 1,830 "," 1,850 ",,,,,,,,,,,,,,,,,,,
230,TD," 2,712 "," 2,729 "," 2,746 "," 2,764 "," 2,804 "," 2,844 "," 2,884 "," 2,901 "," 2,918 "," 2,935 "," 2,975 "," 3,015 "," 3,055 ",,,,,,,,,,,,,,,,,,,
232,TD, 659 , 666 , 674 , 681 , 697 , 714 , 731 , 738 , 745 , 752 , 769 , 786 , 802 ,,,,,,,,,,,,,,,,,,,
237,TD, 801 , 808 , 814 , 821 , 837 , 852 , 868 , 875 , 881 , 888 , 904 , 919 , 935 ,,,,,,,,,,,,,,,,,,,
243,TD," 2,800 "," 2,828 "," 2,857 "," 2,885 "," 2,950 "," 3,016 "," 3,082 "," 3,110 "," 3,138 "," 3,166 "," 3,232 "," 3,298 "," 3,364 ",,,,,,,,,,,,,,,,,,,
332,TD," 5,188 "," 5,215 "," 5,242 "," 5,269 "," 5,332 "," 5,395 "," 5,458 "," 5,485 "," 5,512 "," 5,539 "," 5,602 "," 5,666 "," 5,729 ",,,,,,,,,,,,,,,,,,,
376,TD," 8,597 "," 8,647 "," 8,697 "," 8,747 "," 8,864 "," 8,980 "," 9,097 "," 9,147 "," 9,197 "," 9,247 "," 9,363 "," 9,480 "," 9,596 ",,,,,,,,,,,,,,,,,,,
883,TD," 1,419 "," 1,430 "," 1,441 "," 1,452 "," 1,478 "," 1,504 "," 1,530 "," 1,541 "," 1,552 "," 1,563 "," 1,588 "," 1,614 "," 1,640 ",,,,,,,,,,,,,,,,,,,
910,TD," 1,379 "," 1,391 "," 1,403 "," 1,414 "," 1,442 "," 1,470 "," 1,497 "," 1,509 "," 1,521 "," 1,533 "," 1,560 "," 1,588 "," 1,615 ",,,,,,,,,,,,,,,,,,,
911,TD," 2,631 "," 2,655 "," 2,678 "," 2,701 "," 2,755 "," 2,809 "," 2,863 "," 2,886 "," 2,910 "," 2,933 "," 2,987 "," 3,041 "," 3,095 ",,,,,,,,,,,,,,,,,,,
924,TD," 2,749 "," 2,765 "," 2,782 "," 2,798 "," 2,836 "," 2,874 "," 2,911 "," 2,928 "," 2,944 "," 2,960 "," 2,998 "," 3,036 "," 3,074 ",,,,,,,,,,,,,,,,,,,
1013,TD, 998 ," 1,006 "," 1,013 "," 1,021 "," 1,038 "," 1,056 "," 1,074 "," 1,081 "," 1,089 "," 1,096 "," 1,114 "," 1,131 "," 1,149 ",,,,,,,,,,,,,,,,,,,
1044,TD," 3,261 "," 3,296 "," 3,331 "," 3,366 "," 3,447 "," 3,528 "," 3,610 "," 3,645 "," 3,680 "," 3,714 "," 3,796 "," 3,877 "," 3,959 ",,,,,,,,,,,,,,,,,,,
1112,TD, 951 , 960 , 969 , 977 , 998 ," 1,019 "," 1,039 "," 1,048 "," 1,057 "," 1,066 "," 1,086 "," 1,107 "," 1,127 ",,,,,,,,,,,,,,,,,,,
1152,TD," 1,723 "," 1,739 "," 1,755 "," 1,771 "," 1,809 "," 1,847 "," 1,884 "," 1,900 "," 1,916 "," 1,932 "," 1,970 "," 2,007 "," 2,045 ",,,,,,,,,,,,,,,,,,,
1220,TD," 2,365 "," 2,383 "," 2,401 "," 2,418 "," 2,460 "," 2,501 "," 2,542 "," 2,560 "," 2,577 "," 2,595 "," 2,636 "," 2,677 "," 2,719 ",,,,,,,,,,,,,,,,,,,
1221,TD, 994 ," 1,000 "," 1,007 "," 1,013 "," 1,029 "," 1,044 "," 1,059 "," 1,066 "," 1,072 "," 1,079 "," 1,094 "," 1,109 "," 1,124 ",,,,,,,,,,,,,,,,,,,
1258,TD," 2,932 "," 2,948 "," 2,963 "," 2,979 "," 3,016 "," 3,053 "," 3,090 "," 3,106 "," 3,122 "," 3,138 "," 3,175 "," 3,211 "," 3,248 ",,,,,,,,,,,,,,,,,,,
1314,TD," 5,550 "," 5,572 "," 5,595 "," 5,617 "," 5,670 "," 5,722 "," 5,775 "," 5,797 "," 5,820 "," 5,842 "," 5,895 "," 5,947 "," 6,000 ",,,,,,,,,,,,,,,,,,,
1316,TD," 1,720 "," 1,730 "," 1,741 "," 1,751 "," 1,776 "," 1,800 "," 1,824 "," 1,835 "," 1,845 "," 1,856 "," 1,880 "," 1,905 "," 1,929 ",,,,,,,,,,,,,,,,,,,
1317,TD, 514 , 516 , 519 , 521 , 526 , 532 , 537 , 540 , 542 , 544 , 550 , 555 , 561 ,,,,,,,,,,,,,,,,,,,
1401,TD," 1,193 "," 1,198 "," 1,204 "," 1,210 "," 1,223 "," 1,237 "," 1,250 "," 1,256 "," 1,262 "," 1,268 "," 1,281 "," 1,295 "," 1,308 ",,,,,,,,,,,,,,,,,,,
1560,TD," 1,643 "," 1,654 "," 1,664 "," 1,675 "," 1,700 "," 1,725 "," 1,750 "," 1,761 "," 1,771 "," 1,782 "," 1,807 "," 1,832 "," 1,857 ",,,,,,,,,,,,,,,,,,,
1789,TD," 2,726 "," 2,744 "," 2,763 "," 2,782 "," 2,825 "," 2,869 "," 2,913 "," 2,931 "," 2,950 "," 2,969 "," 3,013 "," 3,056 "," 3,100 ",,,,,,,,,,,,,,,,,,,
1830,TD," 2,376 "," 2,399 "," 2,421 "," 2,444 "," 2,498 "," 2,551 "," 2,604 "," 2,627 "," 2,650 "," 2,673 "," 2,726 "," 2,779 "," 2,833 ",,,,,,,,,,,,,,,,,,,
1896,TD, 680 , 687 , 694 , 701 , 718 , 735 , 751 , 758 , 765 , 773 , 789 , 806 , 822 ,,,,,,,,,,,,,,,,,,,
1919,TD," 1,188 "," 1,193 "," 1,199 "," 1,205 "," 1,218 "," 1,231 "," 1,244 "," 1,249 "," 1,255 "," 1,260 "," 1,273 "," 1,287 "," 1,300 ",,,,,,,,,,,,,,,,,,,
1931,TD," 1,512 "," 1,526 "," 1,540 "," 1,555 "," 1,588 "," 1,621 "," 1,654 "," 1,668 "," 1,682 "," 1,697 "," 1,730 "," 1,763 "," 1,796 ",,,,,,,,,,,,,,,,,,,
2098,TD," 2,425 "," 2,439 "," 2,453 "," 2,467 "," 2,500 "," 2,533 "," 2,566 "," 2,580 "," 2,594 "," 2,608 "," 2,641 "," 2,674 "," 2,707 ",,,,,,,,,,,,,,,,,,,
2286,TD," 1,007 "," 1,016 "," 1,025 "," 1,034 "," 1,056 "," 1,077 "," 1,098 "," 1,107 "," 1,116 "," 1,125 "," 1,147 "," 1,168 "," 1,189 ",,,,,,,,,,,,,,,,,,,
2287,TD, 868 , 878 , 888 , 899 , 923 , 947 , 970 , 981 , 991 ," 1,001 "," 1,025 "," 1,049 "," 1,073 ",,,,,,,,,,,,,,,,,,,
2288,TD," 1,319 "," 1,332 "," 1,344 "," 1,357 "," 1,387 "," 1,416 "," 1,446 "," 1,458 "," 1,471 "," 1,484 "," 1,513 "," 1,543 "," 1,573 ",,,,,,,,,,,,,,,,,,,
2461,TD, 942 , 950 , 958 , 965 , 984 ," 1,002 "," 1,021 "," 1,028 "," 1,036 "," 1,044 "," 1,063 "," 1,081 "," 1,099 ",,,,,,,,,,,,,,,,,,,
2464,TD," 1,316 "," 1,322 "," 1,328 "," 1,334 "," 1,349 "," 1,363 "," 1,377 "," 1,383 "," 1,389 "," 1,395 "," 1,410 "," 1,424 "," 1,438 ",,,,,,,,,,,,,,,,,,,
2574,TD," 2,536 "," 2,561 "," 2,585 "," 2,610 "," 2,667 "," 2,725 "," 2,782 "," 2,807 "," 2,831 "," 2,856 "," 2,913 "," 2,971 "," 3,028 ",,,,,,,,,,,,,,,,,,,
2685,TD," 1,302 "," 1,311 "," 1,320 "," 1,328 "," 1,349 "," 1,369 "," 1,390 "," 1,399 "," 1,407 "," 1,416 "," 1,436 "," 1,457 "," 1,477 ",,,,,,,,,,,,,,,,,,,
2686,TD, 970 , 982 , 995 ," 1,007 "," 1,037 "," 1,066 "," 1,095 "," 1,107 "," 1,120 "," 1,132 "," 1,161 "," 1,190 "," 1,220 ",,,,,,,,,,,,,,,,,,,
2702,TD, 529 , 537 , 544 , 552 , 570 , 588 , 606 , 614 , 622 , 629 , 647 , 665 , 683 ,,,,,,,,,,,,,,,,,,,
2703,TD," 1,194 "," 1,207 "," 1,220 "," 1,233 "," 1,263 "," 1,293 "," 1,323 "," 1,335 "," 1,348 "," 1,361 "," 1,391 "," 1,421 "," 1,451 ",,,,,,,,,,,,,,,,,,,
2704,TD, 268 , 271 , 274 , 277 , 284 , 291 , 298 , 301 , 304 , 306 , 313 , 320 , 327 ,,,,,,,,,,,,,,,,,,,
2705,TD, 567 , 569 , 572 , 575 , 582 , 588 , 595 , 598 , 601 , 603 , 610 , 617 , 623 ,,,,,,,,,,,,,,,,,,,
2706,TD, 954 , 959 , 963 , 967 , 978 , 988 , 998 ," 1,003 "," 1,007 "," 1,011 "," 1,022 "," 1,032 "," 1,042 ",,,,,,,,,,,,,,,,,,,
3164,TD, 461 , 466 , 470 , 475 , 486 , 496 , 507 , 511 , 516 , 521 , 531 , 542 , 552 ,,,,,,,,,,,,,,,,,,,
3165,TD," 1,061 "," 1,074 "," 1,087 "," 1,101 "," 1,131 "," 1,162 "," 1,193 "," 1,207 "," 1,220 "," 1,233 "," 1,264 "," 1,295 "," 1,326 ",,,,,,,,,,,,,,,,,,,
3166,TD, 678 , 683 , 689 , 695 , 709 , 723 , 736 , 742 , 748 , 754 , 768 , 782 , 795 ,,,,,,,,,,,,,,,,,,,
3346,TD, 141 , 143 , 145 , 147 , 152 , 156 , 161 , 163 , 165 , 167 , 172 , 176 , 181 ,,,,,,,,,,,,,,,,,,,
3347,TD, 236 , 239 , 242 , 245 , 251 , 258 , 264 , 267 , 270 , 272 , 279 , 285 , 292 ,,,,,,,,,,,,,,,,,,,
3436,TD, 479 , 483 , 488 , 493 , 503 , 514 , 525 , 529 , 534 , 539 , 549 , 560 , 571 ,,,,,,,,,,,,,,,,,,,
3437,TD," 1,084 "," 1,091 "," 1,099 "," 1,106 "," 1,123 "," 1,141 "," 1,158 "," 1,165 "," 1,173 "," 1,180 "," 1,197 "," 1,215 "," 1,232 ",,,,,,,,,,,,,,,,,,,
3548,TD, 262 , 266 , 271 , 276 , 287 , 298 , 309 , 313 , 318 , 323 , 334 , 345 , 356 ,,,,,,,,,,,,,,,,,,,
3549,TD," 2,766 "," 2,791 "," 2,816 "," 2,841 "," 2,899 "," 2,956 "," 3,014 "," 3,039 "," 3,064 "," 3,089 "," 3,147 "," 3,205 "," 3,263 ",,,,,,,,,,,,,,,,,,,
3920,TD, 6 , 21 , 37 , 52 , 88 , 124 , 160 , 176 , 191 , 207 , 243 , 279 , 314 ,,,,,,,,,,,,,,,,,,,
3933,TD, 920 , 927 , 934 , 941 , 958 , 974 , 991 , 998 ," 1,005 "," 1,012 "," 1,029 "," 1,046 "," 1,062 ",,,,,,,,,,,,,,,,,,,
174,VL, 96 , 97 , 98 , 99 , 100 , 101 , 103 , 104 , 105 , 107 , 108 , 109 , 110 ,,,,,,,,,,,,,,,,,,,
175,VL, 17 , 17 , 18 , 18 , 18 , 18 , 19 , 19 , 20 , 20 , 20 , 21 , 21 ,,,,,,,,,,,,,,,,,,,
176,VL, 73 , 74 , 75 , 76 , 77 , 78 , 79 , 80 , 81 , 82 , 83 , 84 , 85 ,,,,,,,,,,,,,,,,,,,
230,VL, 89 , 90 , 90 , 91 , 92 , 93 , 94 , 95 , 96 , 97 , 98 , 99 , 99 ,,,,,,,,,,,,,,,,,,,
232,VL, 1 , 1 , 1 , 1 , 1 , 1 , 1 , 2 , 2 , 2 , 2 , 2 , 2 ,,,,,,,,,,,,,,,,,,,
237,VL, 31 , 31 , 31 , 31 , 32 , 32 , 32 , 32 , 33 , 33 , 33 , 34 , 34 ,,,,,,,,,,,,,,,,,,,
243,VL, 59 , 59 , 60 , 60 , 61 , 61 , 62 , 62 , 63 , 64 , 64 , 65 , 65 ,,,,,,,,,,,,,,,,,,,
332,VL, 159 , 161 , 164 , 166 , 169 , 172 , 175 , 179 , 183 , 186 , 189 , 192 , 195 ,,,,,,,,,,,,,,,,,,,
376,VL, 104 , 105 , 106 , 107 , 108 , 109 , 110 , 111 , 113 , 114 , 115 , 116 , 117 ,,,,,,,,,,,,,,,,,,,
883,VL, 12 , 12 , 12 , 12 , 12 , 12 , 13 , 13 , 13 , 13 , 13 , 13 , 14 ,,,,,,,,,,,,,,,,,,,
910,VL, 31 , 31 , 32 , 32 , 32 , 33 , 33 , 33 , 34 , 34 , 34 , 35 , 35 ,,,,,,,,,,,,,,,,,,,
911,VL, 26 , 26 , 26 , 26 , 26 , 27 , 27 , 27 , 28 , 28 , 28 , 28 , 29 ,,,,,,,,,,,,,,,,,,,
924,VL, 37 , 37 , 37 , 38 , 38 , 38 , 39 , 39 , 40 , 40 , 40 , 41 , 41 ,,,,,,,,,,,,,,,,,,,
1013,VL, 38 , 39 , 39 , 39 , 40 , 40 , 40 , 41 , 41 , 42 , 42 , 43 , 43 ,,,,,,,,,,,,,,,,,,,
1044,VL, 72 , 72 , 73 , 73 , 74 , 75 , 76 , 77 , 77 , 78 , 79 , 80 , 81 ,,,,,,,,,,,,,,,,,,,
1112,VL, 16 , 17 , 17 , 17 , 17 , 17 , 18 , 18 , 18 , 18 , 19 , 19 , 19 ,,,,,,,,,,,,,,,,,,,
1152,VL, 13 , 14 , 14 , 14 , 14 , 15 , 15 , 15 , 16 , 16 , 16 , 17 , 17 ,,,,,,,,,,,,,,,,,,,
1220,VL, 60 , 60 , 60 , 61 , 61 , 62 , 62 , 62 , 63 , 63 , 64 , 64 , 65 ,,,,,,,,,,,,,,,,,,,
1221,VL, 21 , 22 , 22 , 22 , 23 , 23 , 24 , 24 , 24 , 25 , 25 , 26 , 26 ,,,,,,,,,,,,,,,,,,,
1258,VL, 115 , 116 , 117 , 118 , 119 , 120 , 121 , 123 , 124 , 125 , 127 , 128 , 129 ,,,,,,,,,,,,,,,,,,,
1314,VL, 70 , 73 , 76 , 79 , 82 , 86 , 89 , 93 , 98 , 102 , 106 , 109 , 113 ,,,,,,,,,,,,,,,,,,,
1316,VL, 11 , 11 , 11 , 11 , 12 , 12 , 12 , 12 , 13 , 13 , 13 , 14 , 14 ,,,,,,,,,,,,,,,,,,,
1317,VL, 12 , 12 , 12 , 12 , 12 , 13 , 13 , 13 , 14 , 14 , 14 , 14 , 15 ,,,,,,,,,,,,,,,,,,,
1401,VL, 40 , 41 , 41 , 41 , 42 , 42 , 42 , 43 , 43 , 44 , 44 , 44 , 45 ,,,,,,,,,,,,,,,,,,,
1560,VL, 38 , 38 , 39 , 39 , 39 , 40 , 40 , 41 , 41 , 42 , 42 , 43 , 43 ,,,,,,,,,,,,,,,,,,,
1789,VL, 65 , 65 , 66 , 66 , 67 , 67 , 68 , 69 , 69 , 70 , 71 , 71 , 72 ,,,,,,,,,,,,,,,,,,,
1830,VL, 45 , 47 , 48 , 49 , 51 , 52 , 54 , 56 , 57 , 59 , 61 , 62 , 64 ,,,,,,,,,,,,,,,,,,,
1896,VL, 103 , 104 , 105 , 106 , 107 , 108 , 109 , 110 , 111 , 113 , 114 , 115 , 116 ,,,,,,,,,,,,,,,,,,,
1919,VL, 33 , 33 , 33 , 33 , 34 , 34 , 34 , 34 , 35 , 35 , 35 , 36 , 36 ,,,,,,,,,,,,,,,,,,,
1931,VL, 46 , 47 , 47 , 47 , 48 , 48 , 49 , 49 , 50 , 51 , 51 , 51 , 52 ,,,,,,,,,,,,,,,,,,,
2098,VL, 255 , 257 , 259 , 261 , 263 , 265 , 267 , 270 , 272 , 275 , 277 , 279 , 281 ,,,,,,,,,,,,,,,,,,,
2286,VL, 11 , 11 , 12 , 12 , 13 , 13 , 13 , 14 , 14 , 15 , 15 , 16 , 16 ,,,,,,,,,,,,,,,,,,,
2287,VL, 15 , 15 , 15 , 15 , 15 , 16 , 16 , 16 , 16 , 16 , 17 , 17 , 17 ,,,,,,,,,,,,,,,,,,,
2288,VL, 55 , 55 , 56 , 56 , 57 , 57 , 58 , 59 , 59 , 60 , 61 , 61 , 62 ,,,,,,,,,,,,,,,,,,,
2461,VL, 26 , 26 , 26 , 26 , 26 , 26 , 27 , 27 , 27 , 27 , 28 , 28 , 28 ,,,,,,,,,,,,,,,,,,,
2464,VL, 84 , 85 , 85 , 86 , 87 , 88 , 89 , 90 , 91 , 92 , 92 , 93 , 94 ,,,,,,,,,,,,,,,,,,,
2574,VL, 48 , 48 , 49 , 49 , 50 , 50 , 51 , 51 , 52 , 53 , 53 , 54 , 54 ,,,,,,,,,,,,,,,,,,,
2685,VL, 78 , 79 , 79 , 80 , 80 , 81 , 82 , 82 , 83 , 84 , 85 , 85 , 86 ,,,,,,,,,,,,,,,,,,,
2686,VL, 34 , 34 , 34 , 35 , 35 , 35 , 36 , 36 , 36 , 37 , 37 , 37 , 38 ,,,,,,,,,,,,,,,,,,,
2702,VL, 6 , 6 , 6 , 6 , 7 , 7 , 7 , 7 , 7 , 8 , 8 , 8 , 8 ,,,,,,,,,,,,,,,,,,,
2703,VL, 35 , 35 , 35 , 35 , 35 , 36 , 36 , 36 , 37 , 37 , 37 , 37 , 38 ,,,,,,,,,,,,,,,,,,,
2704,VL, - , 0 , 0 , 0 , 1 , 1 , 1 , 1 , 1 , 2 , 2 , 2 , 2 ,,,,,,,,,,,,,,,,,,,
2705,VL, 13 , 13 , 13 , 14 , 14 , 14 , 14 , 14 , 15 , 15 , 15 , 15 , 15 ,,,,,,,,,,,,,,,,,,,
2706,VL, 58 , 58 , 59 , 59 , 60 , 60 , 61 , 61 , 62 , 63 , 63 , 64 , 64 ,,,,,,,,,,,,,,,,,,,
3164,VL, 14 , 14 , 15 , 15 , 15 , 15 , 15 , 15 , 15 , 16 , 16 , 16 , 16 ,,,,,,,,,,,,,,,,,,,
3165,VL, 47 , 47 , 48 , 48 , 49 , 49 , 50 , 50 , 51 , 51 , 52 , 52 , 53 ,,,,,,,,,,,,,,,,,,,
3166,VL, 10 , 10 , 10 , 10 , 11 , 11 , 11 , 11 , 12 , 12 , 12 , 12 , 13 ,,,,,,,,,,,,,,,,,,,
3346,VL, - , 0 , 0 , 0 , 1 , 1 , 1 , 1 , 1 , 2 , 2 , 2 , 2 ,,,,,,,,,,,,,,,,,,,
3347,VL, 30 , 31 , 31 , 31 , 31 , 32 , 32 , 32 , 33 , 33 , 33 , 34 , 34 ,,,,,,,,,,,,,,,,,,,
3436,VL, 45 , 45 , 46 , 46 , 46 , 47 , 47 , 48 , 48 , 49 , 49 , 50 , 50 ,,,,,,,,,,,,,,,,,,,
3437,VL, 9 , 10 , 10 , 10 , 10 , 10 , 11 , 11 , 11 , 12 , 12 , 12 , 12 ,,,,,,,,,,,,,,,,,,,
3548,VL, 26 , 26 , 27 , 27 , 27 , 27 , 28 , 28 , 28 , 29 , 29 , 29 , 30 ,,,,,,,,,,,,,,,,,,,
3549,VL, 3 , 3 , 3 , 3 , 4 , 4 , 4 , 4 , 4 , 4 , 4 , 4 , 5 ,,,,,,,,,,,,,,,,,,,
3920,VL, - , 1 , 1 , 2 , 3 , 4 , 5 , 6 , 7 , 8 , 8 , 9 , 10 ,,,,,,,,,,,,,,,,,,,
3933,VL, 24 , 25 , 25 , 25 , 25 , 26 , 26 , 26 , 27 , 27 , 28 , 28 , 28 ,,,,,,,,,,,,,,,,,,,
174,Core Ret," 1,594 "," 1,613 "," 1,633 "," 1,652 "," 1,676 "," 1,701 "," 1,725 "," 1,754 "," 1,784 "," 1,813 "," 1,837 "," 1,862 "," 1,886 ",,,,,,,,,,,,,,,,,,,
175,Core Ret, 667 , 679 , 690 , 702 , 716 , 731 , 745 , 762 , 780 , 797 , 811 , 826 , 840 ,,,,,,,,,,,,,,,,,,,
176,Core Ret," 1,271 "," 1,288 "," 1,305 "," 1,322 "," 1,343 "," 1,365 "," 1,386 "," 1,412 "," 1,437 "," 1,463 "," 1,484 "," 1,505 "," 1,527 ",,,,,,,,,,,,,,,,,,,
230,Core Ret," 1,422 "," 1,436 "," 1,450 "," 1,464 "," 1,482 "," 1,500 "," 1,517 "," 1,539 "," 1,560 "," 1,581 "," 1,599 "," 1,616 "," 1,634 ",,,,,,,,,,,,,,,,,,,
232,Core Ret, 249 , 253 , 256 , 260 , 264 , 269 , 273 , 278 , 284 , 289 , 293 , 298 , 302 ,,,,,,,,,,,,,,,,,,,
237,Core Ret, 273 , 278 , 283 , 288 , 294 , 301 , 307 , 314 , 322 , 330 , 336 , 342 , 349 ,,,,,,,,,,,,,,,,,,,
243,Core Ret," 1,278 "," 1,298 "," 1,318 "," 1,338 "," 1,363 "," 1,387 "," 1,412 "," 1,442 "," 1,472 "," 1,502 "," 1,527 "," 1,552 "," 1,576 ",,,,,,,,,,,,,,,,,,,
332,Core Ret," 3,072 "," 3,108 "," 3,144 "," 3,180 "," 3,224 "," 3,269 "," 3,313 "," 3,367 "," 3,420 "," 3,474 "," 3,518 "," 3,563 "," 3,608 ",,,,,,,,,,,,,,,,,,,
376,Core Ret," 2,139 "," 2,174 "," 2,209 "," 2,245 "," 2,289 "," 2,333 "," 2,377 "," 2,429 "," 2,482 "," 2,535 "," 2,579 "," 2,623 "," 2,667 ",,,,,,,,,,,,,,,,,,,
883,Core Ret, 392 , 398 , 404 , 409 , 416 , 423 , 430 , 439 , 447 , 456 , 463 , 470 , 477 ,,,,,,,,,,,,,,,,,,,
910,Core Ret, 492 , 499 , 506 , 513 , 521 , 530 , 538 , 548 , 558 , 568 , 577 , 585 , 594 ,,,,,,,,,,,,,,,,,,,
911,Core Ret, 145 , 148 , 150 , 153 , 157 , 160 , 163 , 167 , 171 , 175 , 179 , 182 , 186 ,,,,,,,,,,,,,,,,,,,
924,Core Ret, 444 , 448 , 451 , 455 , 459 , 463 , 467 , 472 , 477 , 483 , 487 , 491 , 495 ,,,,,,,,,,,,,,,,,,,
1013,Core Ret, 249 , 253 , 258 , 262 , 268 , 273 , 279 , 285 , 292 , 299 , 304 , 310 , 315 ,,,,,,,,,,,,,,,,,,,
1044,Core Ret, 750 , 767 , 785 , 802 , 824 , 845 , 867 , 893 , 919 , 945 , 967 , 989 ," 1,011 ",,,,,,,,,,,,,,,,,,,
1112,Core Ret, 104 , 105 , 106 , 108 , 110 , 111 , 113 , 115 , 117 , 119 , 121 , 123 , 125 ,,,,,,,,,,,,,,,,,,,
1152,Core Ret, 310 , 315 , 320 , 325 , 332 , 338 , 344 , 352 , 360 , 367 , 374 , 380 , 387 ,,,,,,,,,,,,,,,,,,,
1220,Core Ret, 620 , 628 , 636 , 644 , 654 , 664 , 674 , 686 , 698 , 710 , 720 , 730 , 740 ,,,,,,,,,,,,,,,,,,,
1221,Core Ret, 220 , 225 , 230 , 235 , 240 , 246 , 252 , 259 , 266 , 274 , 279 , 285 , 291 ,,,,,,,,,,,,,,,,,,,
1258,Core Ret," 1,254 "," 1,271 "," 1,287 "," 1,304 "," 1,324 "," 1,345 "," 1,366 "," 1,390 "," 1,415 "," 1,440 "," 1,460 "," 1,481 "," 1,502 ",,,,,,,,,,,,,,,,,,,
1314,Core Ret," 1,735 "," 1,762 "," 1,790 "," 1,817 "," 1,852 "," 1,886 "," 1,921 "," 1,962 "," 2,004 "," 2,045 "," 2,080 "," 2,114 "," 2,149 ",,,,,,,,,,,,,,,,,,,
1316,Core Ret, 337 , 342 , 347 , 353 , 359 , 366 , 372 , 380 , 388 , 396 , 403 , 409 , 416 ,,,,,,,,,,,,,,,,,,,
1317,Core Ret, 248 , 251 , 255 , 258 , 263 , 267 , 272 , 277 , 283 , 288 , 293 , 297 , 302 ,,,,,,,,,,,,,,,,,,,
1401,Core Ret, 469 , 476 , 482 , 489 , 497 , 506 , 514 , 524 , 534 , 544 , 552 , 560 , 569 ,,,,,,,,,,,,,,,,,,,
1560,Core Ret, 689 , 696 , 703 , 710 , 718 , 727 , 736 , 746 , 757 , 767 , 776 , 785 , 793 ,,,,,,,,,,,,,,,,,,,
1789,Core Ret," 1,463 "," 1,484 "," 1,504 "," 1,525 "," 1,552 "," 1,578 "," 1,604 "," 1,635 "," 1,667 "," 1,698 "," 1,724 "," 1,751 "," 1,777 ",,,,,,,,,,,,,,,,,,,
1830,Core Ret," 1,156 "," 1,170 "," 1,184 "," 1,199 "," 1,216 "," 1,234 "," 1,252 "," 1,273 "," 1,294 "," 1,315 "," 1,333 "," 1,351 "," 1,369 ",,,,,,,,,,,,,,,,,,,
1896,Core Ret," 1,295 "," 1,317 "," 1,338 "," 1,360 "," 1,387 "," 1,414 "," 1,441 "," 1,474 "," 1,506 "," 1,539 "," 1,566 "," 1,593 "," 1,620 ",,,,,,,,,,,,,,,,,,,
1919,Core Ret, 607 , 614 , 621 , 629 , 638 , 647 , 656 , 668 , 679 , 690 , 699 , 708 , 717 ,,,,,,,,,,,,,,,,,,,
1931,Core Ret, 530 , 538 , 546 , 554 , 564 , 574 , 584 , 596 , 607 , 619 , 629 , 639 , 649 ,,,,,,,,,,,,,,,,,,,
2098,Core Ret," 3,619 "," 3,651 "," 3,682 "," 3,714 "," 3,753 "," 3,792 "," 3,832 "," 3,879 "," 3,926 "," 3,973 "," 4,012 "," 4,052 "," 4,091 ",,,,,,,,,,,,,,,,,,,
2286,Core Ret, 759 , 769 , 778 , 787 , 799 , 810 , 822 , 835 , 849 , 863 , 875 , 886 , 898 ,,,,,,,,,,,,,,,,,,,
2287,Core Ret, 429 , 434 , 439 , 444 , 450 , 456 , 462 , 470 , 477 , 485 , 491 , 497 , 503 ,,,,,,,,,,,,,,,,,,,
2288,Core Ret, 449 , 455 , 462 , 468 , 476 , 484 , 492 , 502 , 512 , 521 , 529 , 537 , 545 ,,,,,,,,,,,,,,,,,,,
2461,Core Ret, 521 , 532 , 542 , 553 , 566 , 580 , 593 , 609 , 625 , 641 , 655 , 668 , 681 ,,,,,,,,,,,,,,,,,,,
2464,Core Ret," 1,016 "," 1,035 "," 1,055 "," 1,075 "," 1,099 "," 1,124 "," 1,148 "," 1,178 "," 1,207 "," 1,237 "," 1,261 "," 1,286 "," 1,311 ",,,,,,,,,,,,,,,,,,,
2574,Core Ret, 828 , 846 , 864 , 882 , 904 , 927 , 949 , 976 ," 1,003 "," 1,029 "," 1,052 "," 1,074 "," 1,096 ",,,,,,,,,,,,,,,,,,,
2685,Core Ret, 745 , 757 , 770 , 782 , 798 , 813 , 828 , 847 , 865 , 884 , 899 , 914 , 930 ,,,,,,,,,,,,,,,,,,,
2686,Core Ret, 608 , 617 , 627 , 636 , 648 , 660 , 671 , 685 , 699 , 713 , 725 , 737 , 749 ,,,,,,,,,,,,,,,,,,,
2702,Core Ret, 263 , 266 , 270 , 273 , 277 , 282 , 286 , 291 , 296 , 302 , 306 , 310 , 315 ,,,,,,,,,,,,,,,,,,,
2703,Core Ret, 695 , 703 , 710 , 718 , 727 , 737 , 746 , 758 , 769 , 781 , 790 , 800 , 810 ,,,,,,,,,,,,,,,,,,,
2704,Core Ret, 144 , 146 , 148 , 150 , 153 , 156 , 158 , 162 , 165 , 168 , 171 , 173 , 176 ,,,,,,,,,,,,,,,,,,,
2705,Core Ret, 340 , 346 , 351 , 356 , 363 , 370 , 377 , 385 , 393 , 401 , 408 , 415 , 422 ,,,,,,,,,,,,,,,,,,,
2706,Core Ret, 381 , 386 , 392 , 398 , 405 , 412 , 419 , 427 , 435 , 444 , 451 , 458 , 465 ,,,,,,,,,,,,,,,,,,,
3164,Core Ret, 183 , 186 , 188 , 191 , 194 , 197 , 200 , 204 , 207 , 211 , 214 , 217 , 220 ,,,,,,,,,,,,,,,,,,,
3165,Core Ret, 684 , 695 , 706 , 717 , 730 , 744 , 757 , 774 , 790 , 806 , 820 , 833 , 847 ,,,,,,,,,,,,,,,,,,,
3166,Core Ret, 379 , 385 , 392 , 398 , 406 , 414 , 422 , 432 , 441 , 451 , 459 , 467 , 475 ,,,,,,,,,,,,,,,,,,,
3346,Core Ret, 57 , 60 , 63 , 66 , 69 , 73 , 76 , 81 , 85 , 89 , 93 , 96 , 100 ,,,,,,,,,,,,,,,,,,,
3347,Core Ret, 372 , 378 , 384 , 390 , 398 , 405 , 413 , 422 , 431 , 440 , 448 , 455 , 463 ,,,,,,,,,,,,,,,,,,,
3436,Core Ret, 351 , 356 , 361 , 366 , 372 , 378 , 384 , 391 , 399 , 406 , 412 , 418 , 424 ,,,,,,,,,,,,,,,,,,,
3437,Core Ret, 230 , 234 , 238 , 242 , 248 , 253 , 258 , 264 , 271 , 277 , 282 , 287 , 293 ,,,,,,,,,,,,,,,,,,,
3548,Core Ret, 351 , 355 , 359 , 362 , 367 , 372 , 376 , 382 , 388 , 393 , 398 , 403 , 407 ,,,,,,,,,,,,,,,,,,,
3549,Core Ret, 378 , 383 , 389 , 394 , 401 , 408 , 415 , 424 , 432 , 441 , 448 , 455 , 462 ,,,,,,,,,,,,,,,,,,,
3920,Core Ret, 15 , 21 , 27 , 33 , 41 , 49 , 56 , 66 , 75 , 84 , 92 , 99 , 107 ,,,,,,,,,,,,,,,,,,,
3933,Core Ret, 393 , 398 , 404 , 409 , 416 , 423 , 430 , 439 , 447 , 456 , 463 , 470 , 477 ,,,,,,,,,,,,,,,,,,,
174,Adv," 7,927 "," 8,032 "," 8,138 "," 8,244 "," 8,376 "," 8,509 "," 8,641 "," 8,800 "," 8,958 "," 9,117 "," 9,249 "," 9,382 "," 9,514 ",,,,,,,,,,,,,,,,,,,
175,Adv," 3,797 "," 3,873 "," 3,950 "," 4,026 "," 4,121 "," 4,217 "," 4,312 "," 4,426 "," 4,541 "," 4,655 "," 4,751 "," 4,846 "," 4,942 ",,,,,,,,,,,,,,,,,,,
176,Adv," 6,331 "," 6,482 "," 6,633 "," 6,784 "," 6,973 "," 7,161 "," 7,350 "," 7,576 "," 7,803 "," 8,029 "," 8,218 "," 8,406 "," 8,595 ",,,,,,,,,,,,,,,,,,,
230,Adv," 5,777 "," 5,948 "," 6,119 "," 6,290 "," 6,504 "," 6,718 "," 6,933 "," 7,189 "," 7,446 "," 7,703 "," 7,917 "," 8,131 "," 8,345 ",,,,,,,,,,,,,,,,,,,
232,Adv," 4,610 "," 4,732 "," 4,854 "," 4,976 "," 5,129 "," 5,281 "," 5,434 "," 5,617 "," 5,800 "," 5,983 "," 6,136 "," 6,288 "," 6,441 ",,,,,,,,,,,,,,,,,,,
237,Adv," 3,978 "," 4,123 "," 4,269 "," 4,415 "," 4,597 "," 4,780 "," 4,962 "," 5,181 "," 5,400 "," 5,618 "," 5,801 "," 5,983 "," 6,165 ",,,,,,,,,,,,,,,,,,,
243,Adv," 5,159 "," 5,273 "," 5,387 "," 5,502 "," 5,644 "," 5,787 "," 5,930 "," 6,102 "," 6,273 "," 6,445 "," 6,588 "," 6,730 "," 6,873 ",,,,,,,,,,,,,,,,,,,
332,Adv," 11,265 "," 11,558 "," 11,851 "," 12,145 "," 12,511 "," 12,878 "," 13,245 "," 13,685 "," 14,125 "," 14,565 "," 14,931 "," 15,298 "," 15,665 ",,,,,,,,,,,,,,,,,,,
376,Adv," 7,539 "," 7,709 "," 7,879 "," 8,049 "," 8,262 "," 8,474 "," 8,687 "," 8,942 "," 9,197 "," 9,453 "," 9,665 "," 9,878 "," 10,091 ",,,,,,,,,,,,,,,,,,,
883,Adv," 5,358 "," 5,457 "," 5,556 "," 5,655 "," 5,778 "," 5,902 "," 6,025 "," 6,174 "," 6,322 "," 6,470 "," 6,594 "," 6,717 "," 6,841 ",,,,,,,,,,,,,,,,,,,
910,Adv," 3,370 "," 3,424 "," 3,478 "," 3,532 "," 3,600 "," 3,668 "," 3,736 "," 3,817 "," 3,898 "," 3,980 "," 4,048 "," 4,115 "," 4,183 ",,,,,,,,,,,,,,,,,,,
911,Adv," 2,857 "," 2,927 "," 2,997 "," 3,068 "," 3,156 "," 3,244 "," 3,332 "," 3,437 "," 3,543 "," 3,649 "," 3,737 "," 3,825 "," 3,913 ",,,,,,,,,,,,,,,,,,,
924,Adv," 3,908 "," 3,998 "," 4,087 "," 4,177 "," 4,290 "," 4,402 "," 4,515 "," 4,650 "," 4,785 "," 4,919 "," 5,032 "," 5,144 "," 5,257 ",,,,,,,,,,,,,,,,,,,
1013,Adv," 8,798 "," 8,926 "," 9,055 "," 9,184 "," 9,345 "," 9,505 "," 9,666 "," 9,859 "," 10,052 "," 10,245 "," 10,406 "," 10,567 "," 10,728 ",,,,,,,,,,,,,,,,,,,
1044,Adv," 7,087 "," 7,211 "," 7,335 "," 7,459 "," 7,614 "," 7,769 "," 7,924 "," 8,110 "," 8,296 "," 8,483 "," 8,638 "," 8,793 "," 8,948 ",,,,,,,,,,,,,,,,,,,
1112,Adv," 2,170 "," 2,216 "," 2,262 "," 2,308 "," 2,366 "," 2,424 "," 2,482 "," 2,551 "," 2,621 "," 2,690 "," 2,748 "," 2,806 "," 2,863 ",,,,,,,,,,,,,,,,,,,
1152,Adv," 3,583 "," 3,683 "," 3,783 "," 3,883 "," 4,008 "," 4,132 "," 4,257 "," 4,407 "," 4,557 "," 4,706 "," 4,831 "," 4,956 "," 5,081 ",,,,,,,,,,,,,,,,,,,
1220,Adv," 5,147 "," 5,242 "," 5,337 "," 5,432 "," 5,551 "," 5,670 "," 5,789 "," 5,932 "," 6,075 "," 6,217 "," 6,336 "," 6,455 "," 6,574 ",,,,,,,,,,,,,,,,,,,
1221,Adv," 3,411 "," 3,485 "," 3,560 "," 3,634 "," 3,727 "," 3,820 "," 3,914 "," 4,025 "," 4,137 "," 4,249 "," 4,342 "," 4,435 "," 4,528 ",,,,,,,,,,,,,,,,,,,
1258,Adv," 4,074 "," 4,177 "," 4,281 "," 4,384 "," 4,513 "," 4,643 "," 4,772 "," 4,927 "," 5,083 "," 5,238 "," 5,367 "," 5,497 "," 5,626 ",,,,,,,,,,,,,,,,,,,
1314,Adv," 6,725 "," 7,001 "," 7,278 "," 7,555 "," 7,900 "," 8,246 "," 8,592 "," 9,007 "," 9,421 "," 9,836 "," 10,182 "," 10,528 "," 10,873 ",,,,,,,,,,,,,,,,,,,
1316,Adv," 3,198 "," 3,266 "," 3,333 "," 3,401 "," 3,486 "," 3,571 "," 3,656 "," 3,757 "," 3,859 "," 3,961 "," 4,046 "," 4,131 "," 4,215 ",,,,,,,,,,,,,,,,,,,
1317,Adv," 2,488 "," 2,542 "," 2,596 "," 2,649 "," 2,716 "," 2,783 "," 2,850 "," 2,931 "," 3,011 "," 3,091 "," 3,158 "," 3,225 "," 3,292 ",,,,,,,,,,,,,,,,,,,
1401,Adv," 5,476 "," 5,611 "," 5,746 "," 5,881 "," 6,050 "," 6,219 "," 6,388 "," 6,591 "," 6,794 "," 6,997 "," 7,166 "," 7,335 "," 7,504 ",,,,,,,,,,,,,,,,,,,
1560,Adv," 5,725 "," 5,842 "," 5,959 "," 6,075 "," 6,221 "," 6,367 "," 6,513 "," 6,688 "," 6,863 "," 7,038 "," 7,183 "," 7,329 "," 7,475 ",,,,,,,,,,,,,,,,,,,
1789,Adv," 5,085 "," 5,200 "," 5,315 "," 5,430 "," 5,574 "," 5,718 "," 5,862 "," 6,035 "," 6,207 "," 6,380 "," 6,524 "," 6,668 "," 6,812 ",,,,,,,,,,,,,,,,,,,
1830,Adv," 5,936 "," 6,084 "," 6,232 "," 6,380 "," 6,565 "," 6,750 "," 6,935 "," 7,157 "," 7,379 "," 7,601 "," 7,786 "," 7,971 "," 8,156 ",,,,,,,,,,,,,,,,,,,
1896,Adv," 6,353 "," 6,499 "," 6,645 "," 6,790 "," 6,973 "," 7,155 "," 7,338 "," 7,557 "," 7,776 "," 7,994 "," 8,177 "," 8,359 "," 8,542 ",,,,,,,,,,,,,,,,,,,
1919,Adv," 5,013 "," 5,104 "," 5,196 "," 5,287 "," 5,402 "," 5,516 "," 5,630 "," 5,768 "," 5,905 "," 6,042 "," 6,156 "," 6,271 "," 6,385 ",,,,,,,,,,,,,,,,,,,
1931,Adv," 4,783 "," 4,863 "," 4,944 "," 5,024 "," 5,125 "," 5,225 "," 5,326 "," 5,447 "," 5,567 "," 5,688 "," 5,789 "," 5,889 "," 5,990 ",,,,,,,,,,,,,,,,,,,
2098,Adv," 9,187 "," 9,337 "," 9,486 "," 9,635 "," 9,822 "," 10,009 "," 10,196 "," 10,420 "," 10,644 "," 10,868 "," 11,054 "," 11,241 "," 11,428 ",,,,,,,,,,,,,,,,,,,
2286,Adv," 5,677 "," 5,831 "," 5,985 "," 6,139 "," 6,331 "," 6,524 "," 6,716 "," 6,947 "," 7,178 "," 7,409 "," 7,601 "," 7,794 "," 7,986 ",,,,,,,,,,,,,,,,,,,
2287,Adv," 4,141 "," 4,231 "," 4,321 "," 4,411 "," 4,524 "," 4,637 "," 4,749 "," 4,884 "," 5,020 "," 5,155 "," 5,267 "," 5,380 "," 5,492 ",,,,,,,,,,,,,,,,,,,
2288,Adv," 4,722 "," 4,836 "," 4,949 "," 5,063 "," 5,205 "," 5,348 "," 5,490 "," 5,661 "," 5,831 "," 6,002 "," 6,144 "," 6,287 "," 6,429 ",,,,,,,,,,,,,,,,,,,
2461,Adv," 7,075 "," 7,292 "," 7,509 "," 7,726 "," 7,997 "," 8,268 "," 8,539 "," 8,865 "," 9,190 "," 9,516 "," 9,787 "," 10,058 "," 10,329 ",,,,,,,,,,,,,,,,,,,
2464,Adv," 4,945 "," 5,078 "," 5,211 "," 5,344 "," 5,510 "," 5,677 "," 5,843 "," 6,043 "," 6,242 "," 6,442 "," 6,608 "," 6,775 "," 6,941 ",,,,,,,,,,,,,,,,,,,
2574,Adv," 9,389 "," 9,536 "," 9,684 "," 9,832 "," 10,016 "," 10,201 "," 10,386 "," 10,607 "," 10,829 "," 11,050 "," 11,235 "," 11,420 "," 11,604 ",,,,,,,,,,,,,,,,,,,
2685,Adv," 6,080 "," 6,282 "," 6,484 "," 6,686 "," 6,939 "," 7,191 "," 7,444 "," 7,747 "," 8,050 "," 8,353 "," 8,606 "," 8,858 "," 9,111 ",,,,,,,,,,,,,,,,,,,
2686,Adv," 3,306 "," 3,340 "," 3,374 "," 3,407 "," 3,450 "," 3,492 "," 3,534 "," 3,584 "," 3,635 "," 3,685 "," 3,728 "," 3,770 "," 3,812 ",,,,,,,,,,,,,,,,,,,
2702,Adv," 4,083 "," 4,204 "," 4,324 "," 4,445 "," 4,596 "," 4,747 "," 4,897 "," 5,078 "," 5,259 "," 5,440 "," 5,591 "," 5,742 "," 5,892 ",,,,,,,,,,,,,,,,,,,
2703,Adv," 7,065 "," 7,313 "," 7,560 "," 7,808 "," 8,117 "," 8,427 "," 8,736 "," 9,108 "," 9,479 "," 9,850 "," 10,160 "," 10,469 "," 10,779 ",,,,,,,,,,,,,,,,,,,
2704,Adv," 3,050 "," 3,096 "," 3,143 "," 3,189 "," 3,247 "," 3,305 "," 3,364 "," 3,433 "," 3,503 "," 3,572 "," 3,631 "," 3,689 "," 3,747 ",,,,,,,,,,,,,,,,,,,
2705,Adv," 6,974 "," 7,128 "," 7,282 "," 7,435 "," 7,627 "," 7,819 "," 8,011 "," 8,242 "," 8,472 "," 8,703 "," 8,895 "," 9,087 "," 9,279 ",,,,,,,,,,,,,,,,,,,
2706,Adv," 4,454 "," 4,504 "," 4,555 "," 4,605 "," 4,669 "," 4,732 "," 4,795 "," 4,871 "," 4,947 "," 5,023 "," 5,086 "," 5,149 "," 5,212 ",,,,,,,,,,,,,,,,,,,
3164,Adv," 5,658 "," 5,803 "," 5,949 "," 6,094 "," 6,276 "," 6,458 "," 6,640 "," 6,858 "," 7,076 "," 7,295 "," 7,476 "," 7,658 "," 7,840 ",,,,,,,,,,,,,,,,,,,
3165,Adv," 5,573 "," 5,679 "," 5,786 "," 5,892 "," 6,026 "," 6,159 "," 6,292 "," 6,452 "," 6,611 "," 6,771 "," 6,904 "," 7,038 "," 7,171 ",,,,,,,,,,,,,,,,,,,
3166,Adv," 3,151 "," 3,217 "," 3,283 "," 3,349 "," 3,431 "," 3,513 "," 3,596 "," 3,695 "," 3,794 "," 3,893 "," 3,975 "," 4,058 "," 4,140 ",,,,,,,,,,,,,,,,,,,
3346,Adv," 2,042 "," 2,104 "," 2,165 "," 2,227 "," 2,304 "," 2,381 "," 2,458 "," 2,550 "," 2,642 "," 2,735 "," 2,811 "," 2,888 "," 2,965 ",,,,,,,,,,,,,,,,,,,
3347,Adv," 3,541 "," 3,664 "," 3,787 "," 3,911 "," 4,065 "," 4,219 "," 4,373 "," 4,558 "," 4,743 "," 4,928 "," 5,082 "," 5,236 "," 5,391 ",,,,,,,,,,,,,,,,,,,
3436,Adv," 1,958 "," 2,010 "," 2,062 "," 2,114 "," 2,180 "," 2,245 "," 2,311 "," 2,389 "," 2,468 "," 2,546 "," 2,611 "," 2,677 "," 2,742 ",,,,,,,,,,,,,,,,,,,
3437,Adv," 4,452 "," 4,524 "," 4,595 "," 4,666 "," 4,755 "," 4,844 "," 4,933 "," 5,040 "," 5,147 "," 5,254 "," 5,343 "," 5,432 "," 5,521 ",,,,,,,,,,,,,,,,,,,
3548,Adv," 3,587 "," 3,675 "," 3,764 "," 3,853 "," 3,964 "," 4,075 "," 4,186 "," 4,320 "," 4,453 "," 4,586 "," 4,697 "," 4,808 "," 4,920 ",,,,,,,,,,,,,,,,,,,
3549,Adv," 2,662 "," 2,696 "," 2,731 "," 2,766 "," 2,809 "," 2,852 "," 2,896 "," 2,948 "," 3,000 "," 3,052 "," 3,095 "," 3,139 "," 3,182 ",,,,,,,,,,,,,,,,,,,
3920,Adv, 15 , 59 , 103 , 147 , 202 , 257 , 312 , 378 , 443 , 509 , 564 , 619 , 674 ,,,,,,,,,,,,,,,,,,,
3933,Adv," 2,697 "," 2,759 "," 2,821 "," 2,884 "," 2,961 "," 3,039 "," 3,117 "," 3,210 "," 3,303 "," 3,397 "," 3,475 "," 3,552 "," 3,630 ",,,,,,,,,,,,,,,,,,,
174,Bus," 15,041 "," 15,213 "," 15,384 "," 15,556 "," 15,810 "," 16,063 "," 16,317 "," 16,556 "," 16,795 "," 17,034 "," 17,288 "," 17,542 "," 17,795 ",,,,,,,,,,,,,,,,,,,
175,Bus," 8,345 "," 8,455 "," 8,565 "," 8,674 "," 8,833 "," 8,992 "," 9,150 "," 9,305 "," 9,460 "," 9,614 "," 9,773 "," 9,931 "," 10,090 ",,,,,,,,,,,,,,,,,,,
176,Bus," 10,602 "," 10,779 "," 10,955 "," 11,132 "," 11,362 "," 11,592 "," 11,822 "," 12,083 "," 12,344 "," 12,606 "," 12,836 "," 13,066 "," 13,296 ",,,,,,,,,,,,,,,,,,,
230,Bus," 12,065 "," 12,272 "," 12,480 "," 12,688 "," 12,966 "," 13,244 "," 13,522 "," 13,825 "," 14,128 "," 14,431 "," 14,709 "," 14,987 "," 15,265 ",,,,,,,,,,,,,,,,,,,
232,Bus," 6,686 "," 6,822 "," 6,958 "," 7,093 "," 7,271 "," 7,448 "," 7,626 "," 7,826 "," 8,026 "," 8,226 "," 8,404 "," 8,581 "," 8,759 ",,,,,,,,,,,,,,,,,,,
237,Bus," 6,794 "," 6,959 "," 7,125 "," 7,290 "," 7,503 "," 7,717 "," 7,931 "," 8,175 "," 8,420 "," 8,664 "," 8,878 "," 9,092 "," 9,306 ",,,,,,,,,,,,,,,,,,,
243,Bus," 10,666 "," 10,826 "," 10,985 "," 11,145 "," 11,375 "," 11,605 "," 11,835 "," 12,061 "," 12,286 "," 12,512 "," 12,742 "," 12,972 "," 13,202 ",,,,,,,,,,,,,,,,,,,
332,Bus," 22,678 "," 23,041 "," 23,403 "," 23,766 "," 24,248 "," 24,731 "," 25,214 "," 25,744 "," 26,274 "," 26,805 "," 27,288 "," 27,770 "," 28,253 ",,,,,,,,,,,,,,,,,,,
376,Bus," 23,580 "," 23,831 "," 24,082 "," 24,332 "," 24,700 "," 25,067 "," 25,434 "," 25,785 "," 26,136 "," 26,487 "," 26,854 "," 27,222 "," 27,589 ",,,,,,,,,,,,,,,,,,,
883,Bus," 8,660 "," 8,788 "," 8,916 "," 9,044 "," 9,216 "," 9,388 "," 9,560 "," 9,747 "," 9,933 "," 10,120 "," 10,292 "," 10,464 "," 10,636 ",,,,,,,,,,,,,,,,,,,
910,Bus," 7,004 "," 7,081 "," 7,159 "," 7,237 "," 7,347 "," 7,457 "," 7,568 "," 7,679 "," 7,789 "," 7,900 "," 8,010 "," 8,121 "," 8,231 ",,,,,,,,,,,,,,,,,,,
911,Bus," 6,759 "," 6,860 "," 6,961 "," 7,063 "," 7,214 "," 7,366 "," 7,518 "," 7,658 "," 7,799 "," 7,939 "," 8,091 "," 8,242 "," 8,394 ",,,,,,,,,,,,,,,,,,,
924,Bus," 8,517 "," 8,636 "," 8,756 "," 8,875 "," 9,042 "," 9,208 "," 9,375 "," 9,546 "," 9,717 "," 9,888 "," 10,054 "," 10,221 "," 10,388 ",,,,,,,,,,,,,,,,,,,
1013,Bus," 11,381 "," 11,527 "," 11,672 "," 11,818 "," 12,008 "," 12,199 "," 12,389 "," 12,604 "," 12,818 "," 13,033 "," 13,223 "," 13,414 "," 13,604 ",,,,,,,,,,,,,,,,,,,
1044,Bus," 13,402 "," 13,587 "," 13,773 "," 13,959 "," 14,229 "," 14,499 "," 14,769 "," 15,030 "," 15,291 "," 15,553 "," 15,823 "," 16,093 "," 16,363 ",,,,,,,,,,,,,,,,,,,
1112,Bus," 4,124 "," 4,186 "," 4,248 "," 4,310 "," 4,397 "," 4,485 "," 4,572 "," 4,661 "," 4,749 "," 4,838 "," 4,925 "," 5,013 "," 5,100 ",,,,,,,,,,,,,,,,,,,
1152,Bus," 6,814 "," 6,938 "," 7,063 "," 7,188 "," 7,361 "," 7,534 "," 7,707 "," 7,886 "," 8,065 "," 8,244 "," 8,417 "," 8,591 "," 8,764 ",,,,,,,,,,,,,,,,,,,
1220,Bus," 9,291 "," 9,418 "," 9,545 "," 9,672 "," 9,850 "," 10,028 "," 10,205 "," 10,387 "," 10,569 "," 10,750 "," 10,928 "," 11,106 "," 11,283 ",,,,,,,,,,,,,,,,,,,
1221,Bus," 5,286 "," 5,372 "," 5,459 "," 5,545 "," 5,660 "," 5,776 "," 5,891 "," 6,017 "," 6,144 "," 6,270 "," 6,386 "," 6,501 "," 6,616 ",,,,,,,,,,,,,,,,,,,
1258,Bus," 9,778 "," 9,917 "," 10,056 "," 10,195 "," 10,386 "," 10,576 "," 10,767 "," 10,967 "," 11,168 "," 11,368 "," 11,559 "," 11,750 "," 11,940 ",,,,,,,,,,,,,,,,,,,
1314,Bus," 18,146 "," 18,498 "," 18,850 "," 19,203 "," 19,667 "," 20,132 "," 20,596 "," 21,113 "," 21,630 "," 22,147 "," 22,612 "," 23,076 "," 23,541 ",,,,,,,,,,,,,,,,,,,
1316,Bus," 6,520 "," 6,608 "," 6,697 "," 6,785 "," 6,907 "," 7,029 "," 7,150 "," 7,278 "," 7,405 "," 7,533 "," 7,654 "," 7,776 "," 7,898 ",,,,,,,,,,,,,,,,,,,
1317,Bus," 3,767 "," 3,828 "," 3,888 "," 3,949 "," 4,027 "," 4,105 "," 4,183 "," 4,273 "," 4,362 "," 4,452 "," 4,530 "," 4,608 "," 4,686 ",,,,,,,,,,,,,,,,,,,
1401,Bus," 8,129 "," 8,278 "," 8,426 "," 8,575 "," 8,767 "," 8,960 "," 9,152 "," 9,372 "," 9,592 "," 9,812 "," 10,005 "," 10,197 "," 10,389 ",,,,,,,,,,,,,,,,,,,
1560,Bus," 9,501 "," 9,647 "," 9,793 "," 9,940 "," 10,134 "," 10,328 "," 10,522 "," 10,736 "," 10,949 "," 11,163 "," 11,357 "," 11,551 "," 11,745 ",,,,,,,,,,,,,,,,,,,
1789,Bus," 9,259 "," 9,404 "," 9,550 "," 9,696 "," 9,898 "," 10,101 "," 10,303 "," 10,512 "," 10,721 "," 10,931 "," 11,133 "," 11,335 "," 11,538 ",,,,,,,,,,,,,,,,,,,
1830,Bus," 11,784 "," 11,976 "," 12,169 "," 12,361 "," 12,626 "," 12,892 "," 13,157 "," 13,434 "," 13,711 "," 13,988 "," 14,254 "," 14,519 "," 14,784 ",,,,,,,,,,,,,,,,,,,
1896,Bus," 9,240 "," 9,409 "," 9,579 "," 9,748 "," 9,968 "," 10,187 "," 10,407 "," 10,657 "," 10,908 "," 11,159 "," 11,378 "," 11,598 "," 11,818 ",,,,,,,,,,,,,,,,,,,
1919,Bus," 8,727 "," 8,855 "," 8,984 "," 9,112 "," 9,279 "," 9,445 "," 9,612 "," 9,801 "," 9,991 "," 10,181 "," 10,348 "," 10,514 "," 10,681 ",,,,,,,,,,,,,,,,,,,
1931,Bus," 7,625 "," 7,732 "," 7,839 "," 7,945 "," 8,094 "," 8,242 "," 8,391 "," 8,544 "," 8,697 "," 8,850 "," 8,998 "," 9,147 "," 9,295 ",,,,,,,,,,,,,,,,,,,
2098,Bus," 14,632 "," 14,822 "," 15,011 "," 15,200 "," 15,452 "," 15,704 "," 15,956 "," 16,233 "," 16,510 "," 16,787 "," 17,039 "," 17,291 "," 17,543 ",,,,,,,,,,,,,,,,,,,
2286,Bus," 8,990 "," 9,166 "," 9,342 "," 9,518 "," 9,748 "," 9,978 "," 10,208 "," 10,467 "," 10,726 "," 10,986 "," 11,216 "," 11,446 "," 11,676 ",,,,,,,,,,,,,,,,,,,
2287,Bus," 6,169 "," 6,281 "," 6,393 "," 6,505 "," 6,656 "," 6,807 "," 6,959 "," 7,121 "," 7,284 "," 7,447 "," 7,598 "," 7,750 "," 7,901 ",,,,,,,,,,,,,,,,,,,
2288,Bus," 8,034 "," 8,174 "," 8,315 "," 8,455 "," 8,644 "," 8,834 "," 9,023 "," 9,227 "," 9,431 "," 9,636 "," 9,825 "," 10,014 "," 10,204 ",,,,,,,,,,,,,,,,,,,
2461,Bus," 10,024 "," 10,257 "," 10,491 "," 10,725 "," 11,026 "," 11,327 "," 11,628 "," 11,975 "," 12,321 "," 12,668 "," 12,969 "," 13,270 "," 13,571 ",,,,,,,,,,,,,,,,,,,
2464,Bus," 8,131 "," 8,280 "," 8,429 "," 8,578 "," 8,770 "," 8,963 "," 9,156 "," 9,376 "," 9,596 "," 9,817 "," 10,009 "," 10,202 "," 10,395 ",,,,,,,,,,,,,,,,,,,
2574,Bus," 14,315 "," 14,514 "," 14,714 "," 14,913 "," 15,189 "," 15,465 "," 15,741 "," 16,027 "," 16,314 "," 16,601 "," 16,877 "," 17,153 "," 17,429 ",,,,,,,,,,,,,,,,,,,
2685,Bus," 9,299 "," 9,521 "," 9,743 "," 9,964 "," 10,251 "," 10,538 "," 10,825 "," 11,153 "," 11,482 "," 11,810 "," 12,097 "," 12,384 "," 12,671 ",,,,,,,,,,,,,,,,,,,
2686,Bus," 5,142 "," 5,194 "," 5,246 "," 5,298 "," 5,377 "," 5,456 "," 5,535 "," 5,607 "," 5,679 "," 5,752 "," 5,830 "," 5,909 "," 5,988 ",,,,,,,,,,,,,,,,,,,
2702,Bus," 5,574 "," 5,711 "," 5,849 "," 5,987 "," 6,168 "," 6,348 "," 6,529 "," 6,732 "," 6,935 "," 7,138 "," 7,319 "," 7,499 "," 7,680 ",,,,,,,,,,,,,,,,,,,
2703,Bus," 9,595 "," 9,862 "," 10,129 "," 10,397 "," 10,745 "," 11,093 "," 11,441 "," 11,836 "," 12,230 "," 12,625 "," 12,973 "," 13,321 "," 13,669 ",,,,,,,,,,,,,,,,,,,
2704,Bus," 3,921 "," 3,974 "," 4,028 "," 4,082 "," 4,152 "," 4,222 "," 4,293 "," 4,372 "," 4,451 "," 4,530 "," 4,600 "," 4,670 "," 4,740 ",,,,,,,,,,,,,,,,,,,
2705,Bus," 9,148 "," 9,311 "," 9,475 "," 9,638 "," 9,845 "," 10,053 "," 10,260 "," 10,503 "," 10,747 "," 10,990 "," 11,198 "," 11,405 "," 11,612 ",,,,,,,,,,,,,,,,,,,
2706,Bus," 6,962 "," 7,026 "," 7,091 "," 7,155 "," 7,240 "," 7,326 "," 7,411 "," 7,505 "," 7,599 "," 7,694 "," 7,779 "," 7,864 "," 7,949 ",,,,,,,,,,,,,,,,,,,
3164,Bus," 7,293 "," 7,449 "," 7,605 "," 7,761 "," 7,961 "," 8,161 "," 8,362 "," 8,593 "," 8,825 "," 9,057 "," 9,257 "," 9,457 "," 9,657 ",,,,,,,,,,,,,,,,,,,
3165,Bus," 7,879 "," 8,005 "," 8,131 "," 8,258 "," 8,430 "," 8,602 "," 8,775 "," 8,958 "," 9,140 "," 9,323 "," 9,496 "," 9,668 "," 9,840 ",,,,,,,,,,,,,,,,,,,
3166,Bus," 5,022 "," 5,105 "," 5,187 "," 5,270 "," 5,380 "," 5,490 "," 5,599 "," 5,721 "," 5,842 "," 5,963 "," 6,073 "," 6,183 "," 6,292 ",,,,,,,,,,,,,,,,,,,
3346,Bus," 2,722 "," 2,788 "," 2,855 "," 2,922 "," 3,008 "," 3,093 "," 3,179 "," 3,278 "," 3,377 "," 3,477 "," 3,562 "," 3,648 "," 3,734 ",,,,,,,,,,,,,,,,,,,
3347,Bus," 4,275 "," 4,404 "," 4,533 "," 4,662 "," 4,826 "," 4,990 "," 5,155 "," 5,347 "," 5,539 "," 5,731 "," 5,895 "," 6,059 "," 6,224 ",,,,,,,,,,,,,,,,,,,
3436,Bus," 3,153 "," 3,217 "," 3,282 "," 3,347 "," 3,433 "," 3,518 "," 3,604 "," 3,699 "," 3,794 "," 3,888 "," 3,974 "," 4,060 "," 4,146 ",,,,,,,,,,,,,,,,,,,
3437,Bus," 6,978 "," 7,066 "," 7,155 "," 7,243 "," 7,362 "," 7,481 "," 7,600 "," 7,729 "," 7,858 "," 7,987 "," 8,106 "," 8,225 "," 8,344 ",,,,,,,,,,,,,,,,,,,
3548,Bus," 4,572 "," 4,673 "," 4,774 "," 4,875 "," 5,006 "," 5,137 "," 5,268 "," 5,416 "," 5,565 "," 5,714 "," 5,845 "," 5,976 "," 6,107 ",,,,,,,,,,,,,,,,,,,
3549,Bus," 6,900 "," 6,976 "," 7,052 "," 7,128 "," 7,250 "," 7,372 "," 7,494 "," 7,596 "," 7,697 "," 7,799 "," 7,921 "," 8,043 "," 8,165 ",,,,,,,,,,,,,,,,,,,
3920,Bus, 28 , 103 , 178 , 254 , 364 , 475 , 586 , 691 , 796 , 901 ," 1,011 "," 1,122 "," 1,233 ",,,,,,,,,,,,,,,,,,,
3933,Bus," 4,689 "," 4,766 "," 4,843 "," 4,920 "," 5,024 "," 5,128 "," 5,232 "," 5,344 "," 5,456 "," 5,568 "," 5,672 "," 5,776 "," 5,880 ",,,,,,,,,,,,,,,,,,,
174,CASA," 3,844 "," 3,873 "," 3,902 "," 3,931 "," 3,967 "," 4,004 "," 4,040 "," 4,083 "," 4,127 "," 4,171 "," 4,207 "," 4,243 "," 4,279 ",,,,,,,,,,,,,,,,,,,
175,CASA," 2,162 "," 2,176 "," 2,190 "," 2,203 "," 2,220 "," 2,237 "," 2,254 "," 2,275 "," 2,295 "," 2,316 "," 2,333 "," 2,350 "," 2,367 ",,,,,,,,,,,,,,,,,,,
176,CASA," 2,586 "," 2,603 "," 2,621 "," 2,639 "," 2,661 "," 2,683 "," 2,705 "," 2,731 "," 2,758 "," 2,784 "," 2,807 "," 2,829 "," 2,851 ",,,,,,,,,,,,,,,,,,,
230,CASA," 3,576 "," 3,595 "," 3,614 "," 3,634 "," 3,658 "," 3,682 "," 3,706 "," 3,735 "," 3,763 "," 3,792 "," 3,816 "," 3,840 "," 3,864 ",,,,,,,,,,,,,,,,,,,
232,CASA," 1,417 "," 1,424 "," 1,430 "," 1,437 "," 1,445 "," 1,453 "," 1,461 "," 1,471 "," 1,481 "," 1,491 "," 1,499 "," 1,507 "," 1,516 ",,,,,,,,,,,,,,,,,,,
237,CASA," 2,015 "," 2,028 "," 2,041 "," 2,053 "," 2,069 "," 2,085 "," 2,101 "," 2,120 "," 2,139 "," 2,158 "," 2,174 "," 2,190 "," 2,206 ",,,,,,,,,,,,,,,,,,,
243,CASA," 2,707 "," 2,724 "," 2,741 "," 2,759 "," 2,780 "," 2,802 "," 2,823 "," 2,849 "," 2,875 "," 2,901 "," 2,922 "," 2,944 "," 2,966 ",,,,,,,,,,,,,,,,,,,
332,CASA," 6,226 "," 6,268 "," 6,310 "," 6,352 "," 6,405 "," 6,458 "," 6,511 "," 6,574 "," 6,638 "," 6,701 "," 6,754 "," 6,807 "," 6,859 ",,,,,,,,,,,,,,,,,,,
376,CASA," 7,445 "," 7,475 "," 7,506 "," 7,536 "," 7,574 "," 7,613 "," 7,651 "," 7,696 "," 7,742 "," 7,788 "," 7,826 "," 7,864 "," 7,902 ",,,,,,,,,,,,,,,,,,,
883,CASA," 1,882 "," 1,900 "," 1,919 "," 1,937 "," 1,960 "," 1,982 "," 2,005 "," 2,033 "," 2,060 "," 2,087 "," 2,110 "," 2,133 "," 2,156 ",,,,,,,,,,,,,,,,,,,
910,CASA," 2,255 "," 2,267 "," 2,279 "," 2,290 "," 2,305 "," 2,320 "," 2,335 "," 2,352 "," 2,370 "," 2,388 "," 2,403 "," 2,417 "," 2,432 ",,,,,,,,,,,,,,,,,,,
911,CASA," 1,270 "," 1,278 "," 1,286 "," 1,294 "," 1,303 "," 1,313 "," 1,323 "," 1,334 "," 1,346 "," 1,358 "," 1,367 "," 1,377 "," 1,387 ",,,,,,,,,,,,,,,,,,,
924,CASA," 1,860 "," 1,873 "," 1,886 "," 1,900 "," 1,916 "," 1,932 "," 1,949 "," 1,969 "," 1,988 "," 2,008 "," 2,025 "," 2,041 "," 2,057 ",,,,,,,,,,,,,,,,,,,
1013,CASA," 1,585 "," 1,595 "," 1,604 "," 1,613 "," 1,625 "," 1,637 "," 1,649 "," 1,663 "," 1,677 "," 1,691 "," 1,703 "," 1,715 "," 1,727 ",,,,,,,,,,,,,,,,,,,
1044,CASA," 3,054 "," 3,081 "," 3,108 "," 3,134 "," 3,168 "," 3,201 "," 3,235 "," 3,275 "," 3,315 "," 3,356 "," 3,389 "," 3,423 "," 3,456 ",,,,,,,,,,,,,,,,,,,
1112,CASA," 1,003 "," 1,010 "," 1,017 "," 1,024 "," 1,033 "," 1,042 "," 1,051 "," 1,061 "," 1,072 "," 1,083 "," 1,091 "," 1,100 "," 1,109 ",,,,,,,,,,,,,,,,,,,
1152,CASA," 1,507 "," 1,516 "," 1,525 "," 1,533 "," 1,544 "," 1,555 "," 1,566 "," 1,579 "," 1,592 "," 1,605 "," 1,616 "," 1,627 "," 1,638 ",,,,,,,,,,,,,,,,,,,
1220,CASA," 1,779 "," 1,793 "," 1,808 "," 1,822 "," 1,839 "," 1,857 "," 1,874 "," 1,896 "," 1,917 "," 1,938 "," 1,955 "," 1,973 "," 1,991 ",,,,,,,,,,,,,,,,,,,
1221,CASA, 881 , 887 , 892 , 898 , 904 , 911 , 918 , 926 , 935 , 943 , 950 , 956 , 963 ,,,,,,,,,,,,,,,,,,,
1258,CASA," 2,773 "," 2,792 "," 2,812 "," 2,831 "," 2,856 "," 2,880 "," 2,905 "," 2,934 "," 2,963 "," 2,993 "," 3,017 "," 3,042 "," 3,066 ",,,,,,,,,,,,,,,,,,,
1314,CASA," 5,871 "," 5,924 "," 5,977 "," 6,031 "," 6,097 "," 6,163 "," 6,230 "," 6,309 "," 6,389 "," 6,468 "," 6,535 "," 6,601 "," 6,667 ",,,,,,,,,,,,,,,,,,,
1316,CASA," 1,602 "," 1,612 "," 1,623 "," 1,633 "," 1,645 "," 1,658 "," 1,670 "," 1,686 "," 1,701 "," 1,716 "," 1,728 "," 1,741 "," 1,754 ",,,,,,,,,,,,,,,,,,,
1317,CASA, 765 , 770 , 774 , 779 , 784 , 790 , 796 , 803 , 809 , 816 , 822 , 828 , 833 ,,,,,,,,,,,,,,,,,,,
1401,CASA," 1,461 "," 1,469 "," 1,476 "," 1,484 "," 1,494 "," 1,503 "," 1,513 "," 1,525 "," 1,536 "," 1,548 "," 1,558 "," 1,567 "," 1,577 ",,,,,,,,,,,,,,,,,,,
1560,CASA," 2,133 "," 2,152 "," 2,171 "," 2,189 "," 2,213 "," 2,236 "," 2,259 "," 2,287 "," 2,315 "," 2,343 "," 2,367 "," 2,390 "," 2,413 ",,,,,,,,,,,,,,,,,,,
1789,CASA," 1,448 "," 1,460 "," 1,472 "," 1,484 "," 1,499 "," 1,513 "," 1,528 "," 1,546 "," 1,564 "," 1,582 "," 1,596 "," 1,611 "," 1,626 ",,,,,,,,,,,,,,,,,,,
1830,CASA," 3,472 "," 3,494 "," 3,515 "," 3,537 "," 3,564 "," 3,591 "," 3,618 "," 3,650 "," 3,682 "," 3,715 "," 3,742 "," 3,769 "," 3,796 ",,,,,,,,,,,,,,,,,,,
1896,CASA," 2,207 "," 2,223 "," 2,240 "," 2,256 "," 2,277 "," 2,297 "," 2,318 "," 2,342 "," 2,367 "," 2,392 "," 2,412 "," 2,433 "," 2,453 ",,,,,,,,,,,,,,,,,,,
1919,CASA," 2,526 "," 2,558 "," 2,589 "," 2,620 "," 2,659 "," 2,699 "," 2,738 "," 2,785 "," 2,832 "," 2,878 "," 2,918 "," 2,957 "," 2,996 ",,,,,,,,,,,,,,,,,,,
1931,CASA," 1,331 "," 1,343 "," 1,355 "," 1,366 "," 1,381 "," 1,396 "," 1,411 "," 1,429 "," 1,447 "," 1,465 "," 1,480 "," 1,495 "," 1,510 ",,,,,,,,,,,,,,,,,,,
2098,CASA," 3,020 "," 3,046 "," 3,072 "," 3,098 "," 3,130 "," 3,162 "," 3,195 "," 3,234 "," 3,273 "," 3,311 "," 3,344 "," 3,376 "," 3,408 ",,,,,,,,,,,,,,,,,,,
2286,CASA," 2,306 "," 2,319 "," 2,332 "," 2,345 "," 2,361 "," 2,377 "," 2,393 "," 2,413 "," 2,432 "," 2,451 "," 2,468 "," 2,484 "," 2,500 ",,,,,,,,,,,,,,,,,,,
2287,CASA," 1,160 "," 1,172 "," 1,183 "," 1,195 "," 1,210 "," 1,224 "," 1,239 "," 1,256 "," 1,274 "," 1,291 "," 1,306 "," 1,321 "," 1,335 ",,,,,,,,,,,,,,,,,,,
2288,CASA," 1,993 "," 2,007 "," 2,021 "," 2,035 "," 2,052 "," 2,070 "," 2,087 "," 2,108 "," 2,129 "," 2,150 "," 2,167 "," 2,185 "," 2,202 ",,,,,,,,,,,,,,,,,,,
2461,CASA," 2,007 "," 2,016 "," 2,025 "," 2,034 "," 2,045 "," 2,057 "," 2,068 "," 2,081 "," 2,095 "," 2,109 "," 2,120 "," 2,131 "," 2,142 ",,,,,,,,,,,,,,,,,,,
2464,CASA," 1,871 "," 1,880 "," 1,890 "," 1,900 "," 1,912 "," 1,924 "," 1,936 "," 1,950 "," 1,965 "," 1,979 "," 1,991 "," 2,003 "," 2,015 ",,,,,,,,,,,,,,,,,,,
2574,CASA," 2,390 "," 2,417 "," 2,444 "," 2,471 "," 2,505 "," 2,539 "," 2,573 "," 2,613 "," 2,654 "," 2,695 "," 2,728 "," 2,762 "," 2,796 ",,,,,,,,,,,,,,,,,,,
2685,CASA," 1,917 "," 1,928 "," 1,939 "," 1,950 "," 1,964 "," 1,978 "," 1,991 "," 2,008 "," 2,025 "," 2,041 "," 2,055 "," 2,069 "," 2,083 ",,,,,,,,,,,,,,,,,,,
2686,CASA, 865 , 871 , 877 , 884 , 891 , 899 , 906 , 916 , 925 , 934 , 942 , 949 , 957 ,,,,,,,,,,,,,,,,,,,
2702,CASA, 961 , 971 , 980 , 990 ," 1,002 "," 1,014 "," 1,026 "," 1,040 "," 1,054 "," 1,069 "," 1,081 "," 1,092 "," 1,104 ",,,,,,,,,,,,,,,,,,,
2703,CASA," 1,335 "," 1,342 "," 1,349 "," 1,356 "," 1,365 "," 1,373 "," 1,382 "," 1,393 "," 1,403 "," 1,413 "," 1,422 "," 1,431 "," 1,439 ",,,,,,,,,,,,,,,,,,,
2704,CASA, 603 , 607 , 611 , 616 , 621 , 626 , 631 , 638 , 644 , 651 , 656 , 661 , 666 ,,,,,,,,,,,,,,,,,,,
2705,CASA," 1,607 "," 1,614 "," 1,621 "," 1,628 "," 1,636 "," 1,645 "," 1,653 "," 1,664 "," 1,674 "," 1,684 "," 1,693 "," 1,701 "," 1,710 ",,,,,,,,,,,,,,,,,,,
2706,CASA," 1,554 "," 1,564 "," 1,573 "," 1,582 "," 1,594 "," 1,606 "," 1,617 "," 1,632 "," 1,646 "," 1,660 "," 1,671 "," 1,683 "," 1,695 ",,,,,,,,,,,,,,,,,,,
3164,CASA," 1,174 "," 1,180 "," 1,186 "," 1,192 "," 1,200 "," 1,207 "," 1,215 "," 1,224 "," 1,233 "," 1,242 "," 1,250 "," 1,257 "," 1,265 ",,,,,,,,,,,,,,,,,,,
3165,CASA," 1,245 "," 1,252 "," 1,258 "," 1,265 "," 1,273 "," 1,281 "," 1,289 "," 1,299 "," 1,309 "," 1,319 "," 1,327 "," 1,336 "," 1,344 ",,,,,,,,,,,,,,,,,,,
3166,CASA," 1,194 "," 1,204 "," 1,215 "," 1,226 "," 1,240 "," 1,253 "," 1,267 "," 1,283 "," 1,300 "," 1,316 "," 1,330 "," 1,343 "," 1,357 ",,,,,,,,,,,,,,,,,,,
3346,CASA, 538 , 542 , 545 , 548 , 552 , 556 , 560 , 565 , 570 , 575 , 579 , 583 , 587 ,,,,,,,,,,,,,,,,,,,
3347,CASA, 498 , 501 , 504 , 507 , 510 , 514 , 518 , 522 , 526 , 530 , 534 , 538 , 541 ,,,,,,,,,,,,,,,,,,,
3436,CASA, 716 , 724 , 732 , 740 , 749 , 759 , 769 , 780 , 792 , 804 , 813 , 823 , 833 ,,,,,,,,,,,,,,,,,,,
3437,CASA," 1,441 "," 1,451 "," 1,461 "," 1,471 "," 1,484 "," 1,496 "," 1,509 "," 1,524 "," 1,539 "," 1,554 "," 1,566 "," 1,579 "," 1,591 ",,,,,,,,,,,,,,,,,,,
3548,CASA, 724 , 731 , 738 , 746 , 755 , 764 , 773 , 783 , 794 , 805 , 814 , 823 , 832 ,,,,,,,,,,,,,,,,,,,
3549,CASA," 1,472 "," 1,489 "," 1,505 "," 1,522 "," 1,542 "," 1,563 "," 1,584 "," 1,608 "," 1,633 "," 1,658 "," 1,679 "," 1,699 "," 1,720 ",,,,,,,,,,,,,,,,,,,
3920,CASA, 7 , 23 , 39 , 55 , 74 , 94 , 114 , 137 , 161 , 185 , 204 , 224 , 244 ,,,,,,,,,,,,,,,,,,,
3933,CASA," 1,072 "," 1,080 "," 1,088 "," 1,096 "," 1,105 "," 1,115 "," 1,124 "," 1,136 "," 1,147 "," 1,159 "," 1,169 "," 1,178 "," 1,188 ",,,,,,,,,,,,,,,,,,,
,,,,,,,,,,,,,,,,,,,,,,,,,,,,,,,,,
1,2,3,4,5,6,7,8,9,10,11,12,13,14,15,,,,,,,,,,,,,,,,,,,
