id,unitId,status,filename,meta,createdAt,importLogId
f2bb16c6-81c9-4d97-97f5-0c8097463b2c,d865afb7-ff85-4c9b-bfd7-9a32f4664e34,PROCESSED,20240331.xlsx,[object Object],2026-02-25T10:48:44.145Z,
1ef880c5-b748-49cc-aa9f-314ccaf40899,e169de9b-e18f-4a53-aade-923b0f360a35,PROCESSED,20240331.xlsx,[object Object],2026-02-25T10:48:44.373Z,
f1dbe5b4-a2ca-42bc-9afe-039172c7fd8d,c8a6b511-1a98-482f-9d84-5be9ad456e11,PROCESSED,20240331.xlsx,[object Object],2026-02-25T10:48:44.561Z,
6a0bd885-4bd9-4092-9ba2-1a7d9f5d98fa,4a736fae-a521-4c88-9beb-63af15c44cd4,PROCESSED,20240331.xlsx,[object Object],2026-02-25T10:48:44.743Z,
54b92a14-c053-4ac8-8763-4339d189f560,43ec63eb-aa87-4ae6-88d6-8a1a8e4fb38a,PROCESSED,20240331.xlsx,[object Object],2026-02-25T10:48:44.925Z,
55f49664-b46d-4a25-a188-48a7a2d21112,1744f22b-1e05-4e64-9d13-68614215e5c0,PROCESSED,20240331.xlsx,[object Object],2026-02-25T10:48:45.078Z,
e271ed8f-51b6-4f4d-8f17-7f1f8ef94e79,3cc2177f-b5f0-44d1-8342-4cd437892828,PROCESSED,20240331.xlsx,[object Object],2026-02-25T10:48:45.263Z,
4b09814b-775b-472c-a0e9-1f3988799191,e99f625c-0658-4f50-8184-a276c14c9b25,PROCESSED,20240331.xlsx,[object Object],2026-02-25T10:48:45.422Z,
22cceda3-d08b-42fa-bc95-ff5d39b39257,cc0f7bae-8255-42a7-b03b-d77b900261e9,PROCESSED,20240331.xlsx,[object Object],2026-02-25T10:48:45.548Z,
865d9449-7bdf-47b1-9824-78dd02cd366c,7cd4d25e-f97b-4449-9eda-6a4590249fdd,PROCESSED,20240331.xlsx,[object Object],2026-02-25T10:48:45.680Z,
f5cec93c-9789-4df4-8732-f5f8e272dfa4,33a64bc4-3c58-4561-a6ba-fe58c4ececc4,PROCESSED,20240331.xlsx,[object Object],2026-02-25T10:48:45.794Z,
59fc845f-109b-4c7e-9d0e-1c5947d8a22f,151c5a52-830c-431d-88f6-4059c627c357,PROCESSED,20240331.xlsx,[object Object],2026-02-25T10:48:45.911Z,
68d2ce0e-7909-4b65-8d77-a0686ee09fbf,2bf0e6a8-a208-4a0a-92fb-baeb3fde3184,PROCESSED,20240331.xlsx,[object Object],2026-02-25T10:48:46.018Z,
b4251df6-fba1-4315-b9e1-89a4da079872,4f2f65b0-9f03-4c12-9137-600b40de011a,PROCESSED,20240331.xlsx,[object Object],2026-02-25T10:48:46.124Z,
beb8d82d-2da0-4ee2-8c66-9c96f6dfc088,ab6798cb-4ced-40ab-af53-721bbe784fe3,PROCESSED,20240331.xlsx,[object Object],2026-02-25T10:48:46.224Z,
c8fc105b-5936-47ec-948a-d5fee7090e82,70746c9d-9baf-484b-a95a-b9735e392b06,PROCESSED,20240331.xlsx,[object Object],2026-02-25T10:48:46.403Z,
ae48fe18-456a-42d5-8af0-e6485b75517c,f3893a81-9a2d-46b3-a4d6-a12766aac9c1,PROCESSED,20240331.xlsx,[object Object],2026-02-25T10:48:46.586Z,
f67024de-5185-46e2-a14e-fdc98081ede3,f7e34c11-78ed-4d49-bc12-c462a36e8f5b,PROCESSED,20240331.xlsx,[object Object],2026-02-25T10:48:46.762Z,
348a3285-55f9-4b4b-a5b9-a0cb36068be0,943a2e0b-7399-4f7e-9fd2-77bcfc913d31,PROCESSED,20240331.xlsx,[object Object],2026-02-25T10:48:46.944Z,
420c6e87-fd51-42c1-8ad6-f77fe1cad4d1,317c7cdc-7af5-40bc-beab-899d5a9cde51,PROCESSED,20240331.xlsx,[object Object],2026-02-25T10:48:47.143Z,
669c1f5c-b769-4864-b58f-d87f51ec94bb,74534fe1-9098-4180-8f8f-609f848aa1ef,PROCESSED,20240331.xlsx,[object Object],2026-02-25T10:48:47.357Z,
643705bc-0eaa-4eb5-8b75-cd52943a3213,6cec69c8-d400-4431-9502-c0808a146513,PROCESSED,20240331.xlsx,[object Object],2026-02-25T10:48:47.496Z,
42f016e6-27d3-4e82-8c8c-537e8e335eb7,6d50ff1e-edfd-40f5-bbce-bb7757380e3c,PROCESSED,20240331.xlsx,[object Object],2026-02-25T10:48:47.611Z,
5febd797-4c01-4164-8c01-f3cbe0dbccbd,ea4ffcc2-ded5-435f-b8ab-c6dbd6e0fb75,PROCESSED,20240331.xlsx,[object Object],2026-02-25T10:48:47.703Z,
c158d7c4-5f59-4c22-9307-7515c5118ce5,eef3414e-4689-476c-8f73-0664224bd5d6,PROCESSED,20240331.xlsx,[object Object],2026-02-25T10:48:47.819Z,
c2db9c40-de2f-46cd-a497-be77b0539e28,0c380b1b-b48f-47b2-8bd6-67b5bf24da2f,PROCESSED,20240331.xlsx,[object Object],2026-02-25T10:48:47.926Z,
665219da-fbfc-437d-bcca-827ff3315ecf,8777447e-bacc-4b8f-b92a-72cacfad3da0,PROCESSED,20240331.xlsx,[object Object],2026-02-25T10:48:48.029Z,
127a9016-7c2a-4656-acf3-ff01baaa166f,73da49cc-153d-49b9-adc7-3916f32face9,PROCESSED,20240331.xlsx,[object Object],2026-02-25T10:48:48.127Z,
68417b57-43b3-42b1-a2bb-61896e1fe856,4bb61e22-be75-47fb-99c9-ca0536267639,PROCESSED,20240331.xlsx,[object Object],2026-02-25T10:48:48.220Z,
d29c7a85-c6b9-4a66-9ca9-09e30aa39d6a,0fd5ed76-a523-413a-a34c-2a1a5c120b3f,PROCESSED,20240331.xlsx,[object Object],2026-02-25T10:48:48.325Z,
a24d3d90-d1a9-4745-88ac-5940b4406c09,517eb11b-8923-4a66-a883-3ece9dc6ae07,PROCESSED,20240331.xlsx,[object Object],2026-02-25T10:48:48.418Z,
d1eeb3d7-704d-46b9-b477-52903284b166,6585161a-1dbb-4671-9cf2-8be0ca700cdd,PROCESSED,20240331.xlsx,[object Object],2026-02-25T10:48:48.511Z,
58237867-333e-4be5-90a2-952ff11136e4,2f99968c-9190-4cd4-8dba-573cbb9895d3,PROCESSED,20240331.xlsx,[object Object],2026-02-25T10:48:48.610Z,
132bdaf8-4ca3-4bff-85ef-0fe185e497d3,83e85cdc-5218-4daf-90c1-488447d9659b,PROCESSED,20240331.xlsx,[object Object],2026-02-25T10:48:48.731Z,
b3195221-84f9-4e95-871d-1fb51094d087,3ffb62ec-0ca4-45d8-8d1f-16bec4deba1c,PROCESSED,20240331.xlsx,[object Object],2026-02-25T10:48:48.891Z,
f55cb897-b2ed-4c29-9c80-fd55629847f9,1b4a38b7-ef53-4564-8cc1-8fb99efac52e,PROCESSED,20240331.xlsx,[object Object],2026-02-25T10:48:49.063Z,
a54ce462-6e5f-480d-a130-e5306d67c3b1,32b59948-f8e1-42de-b3ba-d6444e39d1ae,PROCESSED,20240331.xlsx,[object Object],2026-02-25T10:48:49.236Z,
1dddbc80-2d6d-40aa-b411-dd72b17d6816,70be8b7b-36f0-4a3d-b2d7-49b0f5bff802,PROCESSED,20240331.xlsx,[object Object],2026-02-25T10:48:49.417Z,
90b41f46-9bea-4b30-b099-8a68e4cbd46a,3b0be51e-ccf6-443f-b3c8-395c66759abe,PROCESSED,20240331.xlsx,[object Object],2026-02-25T10:48:49.548Z,
65317d4e-5b0a-484e-91b6-b122f969e69b,260822a5-38de-4642-9ce2-f3d50f952d25,PROCESSED,20240331.xlsx,[object Object],2026-02-25T10:48:49.662Z,
a6387c5b-a68d-4f52-9257-5df2c432e570,351f0472-67a5-4316-930b-f4096ffdf8c5,PROCESSED,20240331.xlsx,[object Object],2026-02-25T10:48:49.787Z,
7caa4cc5-bcbd-4798-9a61-a6a8e4eb1e1f,f0dab44c-e511-4ed8-9436-d4ab1abed77f,PROCESSED,20240331.xlsx,[object Object],2026-02-25T10:48:49.913Z,
108b9475-64c3-4496-acee-7fe9d1bb1212,6a9d503c-748e-44b7-aea5-65835c51ff6b,PROCESSED,20240331.xlsx,[object Object],2026-02-25T10:48:50.085Z,
2ac0de7e-f28d-4505-aee4-dc1adb8e3ee1,7eeb67c1-e05a-41c5-b819-423539f158f1,PROCESSED,20240331.xlsx,[object Object],2026-02-25T10:48:50.262Z,
6d5fc631-ef3a-4675-8d87-f38bb79767e1,543bcf21-ebf3-4098-9474-00e580c96a0f,PROCESSED,20240331.xlsx,[object Object],2026-02-25T10:48:50.439Z,
4608132c-549f-4ea8-b07c-ef3c2df21e8f,92ec1b33-2fd8-4ec3-a4a4-1860861756d1,PROCESSED,20240331.xlsx,[object Object],2026-02-25T10:48:50.619Z,
db785c93-365c-4af3-b248-f0fcf7213897,f4d42a8a-34e2-4bce-a251-db58cf0295d3,PROCESSED,20240331.xlsx,[object Object],2026-02-25T10:48:50.798Z,
0f8ba72b-6b94-4e83-9091-5ac47ff8fe25,ef2372ab-02d3-4344-9934-88bbecdf7881,PROCESSED,20240331.xlsx,[object Object],2026-02-25T10:48:50.982Z,
dd63c0ca-0202-4134-a234-00c45e3595e2,fce29462-4317-4544-9cb3-ff8238bc6530,PROCESSED,20240331.xlsx,[object Object],2026-02-25T10:48:51.183Z,
e5a4c33a-3b24-40e9-a43f-263b1834dfac,58084a27-cf9f-4d44-b070-dcb27c3a6f02,PROCESSED,20240331.xlsx,[object Object],2026-02-25T10:48:51.355Z,
4b577920-8731-4184-9a8c-61393835c33d,9a4b2029-c405-49ee-b827-b40a4203bd22,PROCESSED,20240331.xlsx,[object Object],2026-02-25T10:48:51.541Z,
115897b8-8afc-4ba2-8fdd-9b0caa19137b,9aeb3132-f278-431b-9d09-f3bba3145613,PROCESSED,20240331.xlsx,[object Object],2026-02-25T10:48:51.749Z,
1d6ebe6a-5b5b-4cee-bb92-9fb1c0522555,67cfac59-6594-49cf-bfaf-6824497c72e2,PROCESSED,20240331.xlsx,[object Object],2026-02-25T10:48:51.955Z,
abd39fda-df39-4750-94c7-800e7a7ea46f,62594348-3833-411b-8fed-81b2245d29c2,PROCESSED,20240331.xlsx,[object Object],2026-02-25T10:48:52.185Z,
e5f2d0cb-3ca5-493c-8286-472244a75b7a,b3edd721-3b6b-4b9f-a98d-aacf668d2ee1,PROCESSED,20240331.xlsx,[object Object],2026-02-25T10:48:52.369Z,
fd56eb57-2b52-456b-aaac-20891c6c0fa8,d865afb7-ff85-4c9b-bfd7-9a32f4664e34,PROCESSED,20250331.xlsx,[object Object],2026-02-25T10:48:52.573Z,
daf5d8c3-a5c5-4eb1-9e88-ead0cd39921b,e169de9b-e18f-4a53-aade-923b0f360a35,PROCESSED,20250331.xlsx,[object Object],2026-02-25T10:48:52.777Z,
c5c24839-85df-4e5a-bdfc-28bb3a82f745,c8a6b511-1a98-482f-9d84-5be9ad456e11,PROCESSED,20250331.xlsx,[object Object],2026-02-25T10:48:52.960Z,
5a363744-9f2a-4ed0-b4cb-514222ea5f89,4a736fae-a521-4c88-9beb-63af15c44cd4,PROCESSED,20250331.xlsx,[object Object],2026-02-25T10:48:53.150Z,
27ace107-a1a3-40e9-8b38-9de233a16c76,43ec63eb-aa87-4ae6-88d6-8a1a8e4fb38a,PROCESSED,20250331.xlsx,[object Object],2026-02-25T10:48:53.353Z,
ad046fa8-a326-4179-bcdf-614988cbf533,1744f22b-1e05-4e64-9d13-68614215e5c0,PROCESSED,20250331.xlsx,[object Object],2026-02-25T10:48:53.558Z,
f03a15e6-e4d1-4507-a405-5d7f2e2ff25b,3cc2177f-b5f0-44d1-8342-4cd437892828,PROCESSED,20250331.xlsx,[object Object],2026-02-25T10:48:53.767Z,
4749b48a-c71b-4644-ab08-31bf5dcf4406,e99f625c-0658-4f50-8184-a276c14c9b25,PROCESSED,20250331.xlsx,[object Object],2026-02-25T10:48:53.941Z,
4675d5fa-4cf3-4031-9bcf-a9fefa5a5728,cc0f7bae-8255-42a7-b03b-d77b900261e9,PROCESSED,20250331.xlsx,[object Object],2026-02-25T10:48:54.118Z,
d9b45b21-7cb5-4d9a-a3e2-35535b77f25d,7cd4d25e-f97b-4449-9eda-6a4590249fdd,PROCESSED,20250331.xlsx,[object Object],2026-02-25T10:48:54.305Z,
22660aa9-4851-4bc9-97ad-3928873041ea,33a64bc4-3c58-4561-a6ba-fe58c4ececc4,PROCESSED,20250331.xlsx,[object Object],2026-02-25T10:48:54.485Z,
69a25909-eb05-4001-a5e4-de5f33efa571,151c5a52-830c-431d-88f6-4059c627c357,PROCESSED,20250331.xlsx,[object Object],2026-02-25T10:48:54.677Z,
84490e98-1121-4b4c-946b-c0e340302330,2bf0e6a8-a208-4a0a-92fb-baeb3fde3184,PROCESSED,20250331.xlsx,[object Object],2026-02-25T10:48:54.866Z,
63085235-53dd-4cfd-8057-3b0aa4c223e5,4f2f65b0-9f03-4c12-9137-600b40de011a,PROCESSED,20250331.xlsx,[object Object],2026-02-25T10:48:55.070Z,
738481ff-7311-46c3-accb-50750c57b139,ab6798cb-4ced-40ab-af53-721bbe784fe3,PROCESSED,20250331.xlsx,[object Object],2026-02-25T10:48:55.262Z,
79292018-9ab5-4cf8-a2c2-94bfd27266fc,70746c9d-9baf-484b-a95a-b9735e392b06,PROCESSED,20250331.xlsx,[object Object],2026-02-25T10:48:55.470Z,
74b60a35-0aff-4a44-a109-4dbe82662219,f3893a81-9a2d-46b3-a4d6-a12766aac9c1,PROCESSED,20250331.xlsx,[object Object],2026-02-25T10:48:55.676Z,
fb5cfefa-c282-4955-8f87-51af7b7fc0af,f7e34c11-78ed-4d49-bc12-c462a36e8f5b,PROCESSED,20250331.xlsx,[object Object],2026-02-25T10:48:55.883Z,
778198b4-e39c-45d1-8a59-1a7378d2991b,943a2e0b-7399-4f7e-9fd2-77bcfc913d31,PROCESSED,20250331.xlsx,[object Object],2026-02-25T10:48:56.097Z,
5894523f-c6a4-44de-b630-b0bfca698aec,317c7cdc-7af5-40bc-beab-899d5a9cde51,PROCESSED,20250331.xlsx,[object Object],2026-02-25T10:48:56.315Z,
8135e567-3f22-415e-b31a-5459bc1dd133,74534fe1-9098-4180-8f8f-609f848aa1ef,PROCESSED,20250331.xlsx,[object Object],2026-02-25T10:48:56.526Z,
ac94f9e6-72d8-4f7f-a9a4-0d0481a69ce7,6cec69c8-d400-4431-9502-c0808a146513,PROCESSED,20250331.xlsx,[object Object],2026-02-25T10:48:56.735Z,
c62dd920-b8d4-4d10-8f68-702dc947cb67,6d50ff1e-edfd-40f5-bbce-bb7757380e3c,PROCESSED,20250331.xlsx,[object Object],2026-02-25T10:48:56.923Z,
8a3b6ead-d6c1-4898-b885-41ab630cb358,ea4ffcc2-ded5-435f-b8ab-c6dbd6e0fb75,PROCESSED,20250331.xlsx,[object Object],2026-02-25T10:48:57.129Z,
5d931194-1815-4763-ad15-291495bf06ff,eef3414e-4689-476c-8f73-0664224bd5d6,PROCESSED,20250331.xlsx,[object Object],2026-02-25T10:48:57.353Z,
127d6541-99b0-44d0-8270-e23fed341817,0c380b1b-b48f-47b2-8bd6-67b5bf24da2f,PROCESSED,20250331.xlsx,[object Object],2026-02-25T10:48:57.571Z,
3e7680da-b74c-402a-bc51-43db6c7b4734,8777447e-bacc-4b8f-b92a-72cacfad3da0,PROCESSED,20250331.xlsx,[object Object],2026-02-25T10:48:57.792Z,
f4960288-18e6-4582-b0b6-c0e796514990,73da49cc-153d-49b9-adc7-3916f32face9,PROCESSED,20250331.xlsx,[object Object],2026-02-25T10:48:58.007Z,
db104442-2d62-456f-8b6b-acb5b02baecb,4bb61e22-be75-47fb-99c9-ca0536267639,PROCESSED,20250331.xlsx,[object Object],2026-02-25T10:48:58.223Z,
0fc91fd6-bb2e-4aad-bd15-792f464b3fa0,0fd5ed76-a523-413a-a34c-2a1a5c120b3f,PROCESSED,20250331.xlsx,[object Object],2026-02-25T10:48:58.439Z,
5085794a-7529-4972-b856-2fcb0465cc7d,517eb11b-8923-4a66-a883-3ece9dc6ae07,PROCESSED,20250331.xlsx,[object Object],2026-02-25T10:48:58.652Z,
040d33ae-bf78-4f32-ae1e-a89f244f8b05,6585161a-1dbb-4671-9cf2-8be0ca700cdd,PROCESSED,20250331.xlsx,[object Object],2026-02-25T10:48:58.859Z,
dd2de754-2fdc-46de-8ee0-b09901d97672,2f99968c-9190-4cd4-8dba-573cbb9895d3,PROCESSED,20250331.xlsx,[object Object],2026-02-25T10:48:59.063Z,
c6433072-98fc-42b6-bfd8-11fec35f876f,83e85cdc-5218-4daf-90c1-488447d9659b,PROCESSED,20250331.xlsx,[object Object],2026-02-25T10:48:59.268Z,
13d70438-da3c-4f19-88dc-a292a6e49327,3ffb62ec-0ca4-45d8-8d1f-16bec4deba1c,PROCESSED,20250331.xlsx,[object Object],2026-02-25T10:48:59.478Z,
48ad22ac-0ecf-49ac-81a2-f1a79f85e61e,1b4a38b7-ef53-4564-8cc1-8fb99efac52e,PROCESSED,20250331.xlsx,[object Object],2026-02-25T10:48:59.685Z,
b1b35467-c950-4ab9-90c4-0e04a1d3da65,32b59948-f8e1-42de-b3ba-d6444e39d1ae,PROCESSED,20250331.xlsx,[object Object],2026-02-25T10:48:59.891Z,
e6bb72d1-890b-4037-b122-628e974de340,70be8b7b-36f0-4a3d-b2d7-49b0f5bff802,PROCESSED,20250331.xlsx,[object Object],2026-02-25T10:49:00.101Z,
6cd39409-3fee-45e0-afd8-0fd2b38d1bc9,3b0be51e-ccf6-443f-b3c8-395c66759abe,PROCESSED,20250331.xlsx,[object Object],2026-02-25T10:49:00.285Z,
ff2f2a5b-4e13-4c91-b0b7-d4dcbee05a95,260822a5-38de-4642-9ce2-f3d50f952d25,PROCESSED,20250331.xlsx,[object Object],2026-02-25T10:49:00.449Z,
a860c511-ca4d-4965-a480-b539cf95b311,351f0472-67a5-4316-930b-f4096ffdf8c5,PROCESSED,20250331.xlsx,[object Object],2026-02-25T10:49:00.553Z,
e6f0f92a-2445-4a17-bfa6-651a0b7d59f0,f0dab44c-e511-4ed8-9436-d4ab1abed77f,PROCESSED,20250331.xlsx,[object Object],2026-02-25T10:49:00.697Z,
a237b91e-2ea8-44e9-9276-b6ce9f6e0b12,6a9d503c-748e-44b7-aea5-65835c51ff6b,PROCESSED,20250331.xlsx,[object Object],2026-02-25T10:49:00.881Z,
605653ee-0fc2-4a1c-8d94-36bb33768b18,7eeb67c1-e05a-41c5-b819-423539f158f1,PROCESSED,20250331.xlsx,[object Object],2026-02-25T10:49:01.068Z,
2c4f6d48-2a72-4b65-bf67-31e77dde9f54,543bcf21-ebf3-4098-9474-00e580c96a0f,PROCESSED,20250331.xlsx,[object Object],2026-02-25T10:49:01.262Z,
9c4973be-4729-4366-8963-3ae651af3e89,92ec1b33-2fd8-4ec3-a4a4-1860861756d1,PROCESSED,20250331.xlsx,[object Object],2026-02-25T10:49:01.450Z,
d127acbc-e620-400d-952e-8749b8b3478c,f4d42a8a-34e2-4bce-a251-db58cf0295d3,PROCESSED,20250331.xlsx,[object Object],2026-02-25T10:49:01.634Z,
4d1375da-2fea-4290-a097-816e040a2b3f,ef2372ab-02d3-4344-9934-88bbecdf7881,PROCESSED,20250331.xlsx,[object Object],2026-02-25T10:49:01.895Z,
1d1da8ea-1ee0-4f6e-ab86-4fd02be16c93,fce29462-4317-4544-9cb3-ff8238bc6530,PROCESSED,20250331.xlsx,[object Object],2026-02-25T10:49:01.991Z,
c6b1bb7f-2886-495e-94ce-bd4c1703695e,58084a27-cf9f-4d44-b070-dcb27c3a6f02,PROCESSED,20250331.xlsx,[object Object],2026-02-25T10:49:02.168Z,
0458c6d9-5e0c-45c3-85e1-af65c30798a5,9a4b2029-c405-49ee-b827-b40a4203bd22,PROCESSED,20250331.xlsx,[object Object],2026-02-25T10:49:02.349Z,
e7282ea9-f052-40f4-b6cb-d0946943c018,9aeb3132-f278-431b-9d09-f3bba3145613,PROCESSED,20250331.xlsx,[object Object],2026-02-25T10:49:02.524Z,
66d7f11b-962e-4365-bc26-7792edf51651,67cfac59-6594-49cf-bfaf-6824497c72e2,PROCESSED,20250331.xlsx,[object Object],2026-02-25T10:49:02.707Z,
68757f97-4222-483e-8a23-b2d6c27e8063,62594348-3833-411b-8fed-81b2245d29c2,PROCESSED,20250331.xlsx,[object Object],2026-02-25T10:49:02.888Z,
cebcabce-a777-408f-bef8-388d0dea3697,b3edd721-3b6b-4b9f-a98d-aacf668d2ee1,PROCESSED,20250331.xlsx,[object Object],2026-02-25T10:49:03.052Z,
0c11539d-fbd5-405d-8835-2a10f767d27a,d865afb7-ff85-4c9b-bfd7-9a32f4664e34,PROCESSED,20260131.xlsx,[object Object],2026-02-25T10:49:03.244Z,
d26f118f-b66b-412e-b15d-b199916714b7,e169de9b-e18f-4a53-aade-923b0f360a35,PROCESSED,20260131.xlsx,[object Object],2026-02-25T10:49:03.433Z,
be584884-b78e-46cb-945d-5ed966347a2f,c8a6b511-1a98-482f-9d84-5be9ad456e11,PROCESSED,20260131.xlsx,[object Object],2026-02-25T10:49:03.617Z,
f674e77d-70c3-4530-b756-15049b2a451c,4a736fae-a521-4c88-9beb-63af15c44cd4,PROCESSED,20260131.xlsx,[object Object],2026-02-25T10:49:03.805Z,
3af7fc83-3973-41a6-8f20-1b41a434e2cc,43ec63eb-aa87-4ae6-88d6-8a1a8e4fb38a,PROCESSED,20260131.xlsx,[object Object],2026-02-25T10:49:03.990Z,
ac1fa1bb-9bd8-41a8-825f-89831ea176d7,1744f22b-1e05-4e64-9d13-68614215e5c0,PROCESSED,20260131.xlsx,[object Object],2026-02-25T10:49:04.168Z,
2cd4b931-2093-40d6-8380-688d51b82358,3cc2177f-b5f0-44d1-8342-4cd437892828,PROCESSED,20260131.xlsx,[object Object],2026-02-25T10:49:04.358Z,
91611152-21df-4a49-9bc6-954340bae819,e99f625c-0658-4f50-8184-a276c14c9b25,PROCESSED,20260131.xlsx,[object Object],2026-02-25T10:49:04.533Z,
7b64c42f-3307-4db9-b11f-2c268cd54b6b,cc0f7bae-8255-42a7-b03b-d77b900261e9,PROCESSED,20260131.xlsx,[object Object],2026-02-25T10:49:04.714Z,
8b6dc476-b654-40b4-9ba0-93f79e9e571c,7cd4d25e-f97b-4449-9eda-6a4590249fdd,PROCESSED,20260131.xlsx,[object Object],2026-02-25T10:49:04.901Z,
e5dfa8e6-6201-43ad-a1b9-6d08645647af,33a64bc4-3c58-4561-a6ba-fe58c4ececc4,PROCESSED,20260131.xlsx,[object Object],2026-02-25T10:49:05.113Z,
3770543b-5bdd-4354-9d72-a11269b8da86,151c5a52-830c-431d-88f6-4059c627c357,PROCESSED,20260131.xlsx,[object Object],2026-02-25T10:49:05.300Z,
223c39bb-c248-4f02-a30f-e92dca8a6028,2bf0e6a8-a208-4a0a-92fb-baeb3fde3184,PROCESSED,20260131.xlsx,[object Object],2026-02-25T10:49:05.478Z,
ab135bf2-d308-436b-b912-0616a33668d1,4f2f65b0-9f03-4c12-9137-600b40de011a,PROCESSED,20260131.xlsx,[object Object],2026-02-25T10:49:05.672Z,
1ec9b9dc-f107-4ab9-9c1e-45ca07592f60,ab6798cb-4ced-40ab-af53-721bbe784fe3,PROCESSED,20260131.xlsx,[object Object],2026-02-25T10:49:05.843Z,
6442d9e7-33a7-4dfc-9991-3e0e4b2ac76b,70746c9d-9baf-484b-a95a-b9735e392b06,PROCESSED,20260131.xlsx,[object Object],2026-02-25T10:49:05.956Z,
dd863903-6e69-4e43-b4fb-cce0fb2f22f2,f3893a81-9a2d-46b3-a4d6-a12766aac9c1,PROCESSED,20260131.xlsx,[object Object],2026-02-25T10:49:06.109Z,
4dec1ec5-1cca-4c6a-869e-074d7a49d4b3,f7e34c11-78ed-4d49-bc12-c462a36e8f5b,PROCESSED,20260131.xlsx,[object Object],2026-02-25T10:49:06.293Z,
ee113494-371e-41a0-807d-bb20fa7f4203,943a2e0b-7399-4f7e-9fd2-77bcfc913d31,PROCESSED,20260131.xlsx,[object Object],2026-02-25T10:49:06.474Z,
84ac31c8-ded3-421b-b0d2-3528581a4fda,317c7cdc-7af5-40bc-beab-899d5a9cde51,PROCESSED,20260131.xlsx,[object Object],2026-02-25T10:49:06.658Z,
ee1f4450-8aa3-45a8-986e-1bb67ec7b071,74534fe1-9098-4180-8f8f-609f848aa1ef,PROCESSED,20260131.xlsx,[object Object],2026-02-25T10:49:06.846Z,
12a0127c-975e-4e94-b9f7-96dd029fba43,6cec69c8-d400-4431-9502-c0808a146513,PROCESSED,20260131.xlsx,[object Object],2026-02-25T10:49:07.023Z,
f3bb4c8d-cc8f-4a9e-b156-bc041ed2e63a,6d50ff1e-edfd-40f5-bbce-bb7757380e3c,PROCESSED,20260131.xlsx,[object Object],2026-02-25T10:49:07.199Z,
2da6f820-67e7-4170-be23-c5952671ded0,ea4ffcc2-ded5-435f-b8ab-c6dbd6e0fb75,PROCESSED,20260131.xlsx,[object Object],2026-02-25T10:49:07.381Z,
45103684-8a1f-4d6b-a1f5-b849c5802a70,eef3414e-4689-476c-8f73-0664224bd5d6,PROCESSED,20260131.xlsx,[object Object],2026-02-25T10:49:07.563Z,
b4d9d53e-becc-4476-a87b-34945b868891,0c380b1b-b48f-47b2-8bd6-67b5bf24da2f,PROCESSED,20260131.xlsx,[object Object],2026-02-25T10:49:07.740Z,
fde47844-501e-47fe-b29c-a387479cbee2,8777447e-bacc-4b8f-b92a-72cacfad3da0,PROCESSED,20260131.xlsx,[object Object],2026-02-25T10:49:07.918Z,
4a7a6d85-569f-458a-bbb0-c2473beca8a9,73da49cc-153d-49b9-adc7-3916f32face9,PROCESSED,20260131.xlsx,[object Object],2026-02-25T10:49:08.094Z,
6a6d9164-0676-4d6a-baa6-2f8941adaf45,4bb61e22-be75-47fb-99c9-ca0536267639,PROCESSED,20260131.xlsx,[object Object],2026-02-25T10:49:08.272Z,
ea3f9b33-b1b3-4e7d-a20e-7e01360535f0,0fd5ed76-a523-413a-a34c-2a1a5c120b3f,PROCESSED,20260131.xlsx,[object Object],2026-02-25T10:49:08.447Z,
eae2c29c-655a-4ed4-880b-48b59371f2a3,517eb11b-8923-4a66-a883-3ece9dc6ae07,PROCESSED,20260131.xlsx,[object Object],2026-02-25T10:49:08.625Z,
1a44ddbb-4d9b-4e83-b13e-ddd83e996075,6585161a-1dbb-4671-9cf2-8be0ca700cdd,PROCESSED,20260131.xlsx,[object Object],2026-02-25T10:49:08.816Z,
f46a4ab2-7ed6-48a8-89be-afa406f271a7,2f99968c-9190-4cd4-8dba-573cbb9895d3,PROCESSED,20260131.xlsx,[object Object],2026-02-25T10:49:09.005Z,
9362a721-122e-4c3c-8f1b-32e931875760,83e85cdc-5218-4daf-90c1-488447d9659b,PROCESSED,20260131.xlsx,[object Object],2026-02-25T10:49:09.169Z,
00721800-1c97-4e89-9151-47b4a96906d4,3ffb62ec-0ca4-45d8-8d1f-16bec4deba1c,PROCESSED,20260131.xlsx,[object Object],2026-02-25T10:49:09.352Z,
8a1c4d97-34bc-4789-ab98-c1d4af01538f,1b4a38b7-ef53-4564-8cc1-8fb99efac52e,PROCESSED,20260131.xlsx,[object Object],2026-02-25T10:49:09.549Z,
9f968bcb-6acf-4045-86f9-e0bad975c3ea,32b59948-f8e1-42de-b3ba-d6444e39d1ae,PROCESSED,20260131.xlsx,[object Object],2026-02-25T10:49:09.744Z,
27ff4951-57e5-4181-bcc7-8fc7f42ba29c,70be8b7b-36f0-4a3d-b2d7-49b0f5bff802,PROCESSED,20260131.xlsx,[object Object],2026-02-25T10:49:09.943Z,
d8042c44-7b37-42ee-96b4-1b3f33d32db1,3b0be51e-ccf6-443f-b3c8-395c66759abe,PROCESSED,20260131.xlsx,[object Object],2026-02-25T10:49:10.143Z,
34502498-0704-416c-9114-53f9ddac079d,260822a5-38de-4642-9ce2-f3d50f952d25,PROCESSED,20260131.xlsx,[object Object],2026-02-25T10:49:10.343Z,
2aa3073c-8cc2-425d-aa5d-df607d223a56,351f0472-67a5-4316-930b-f4096ffdf8c5,PROCESSED,20260131.xlsx,[object Object],2026-02-25T10:49:10.525Z,
0ff3b7b5-ec91-41ee-beda-d2ab09767af4,f0dab44c-e511-4ed8-9436-d4ab1abed77f,PROCESSED,20260131.xlsx,[object Object],2026-02-25T10:49:10.704Z,
66efeb0c-1503-40d1-9fa4-77060c26c81f,6a9d503c-748e-44b7-aea5-65835c51ff6b,PROCESSED,20260131.xlsx,[object Object],2026-02-25T10:49:10.873Z,
ee44d0eb-dae8-4648-a138-199e85550007,7eeb67c1-e05a-41c5-b819-423539f158f1,PROCESSED,20260131.xlsx,[object Object],2026-02-25T10:49:11.029Z,
5cae2a51-1fc9-48dd-be3b-cb53eab0cbd7,543bcf21-ebf3-4098-9474-00e580c96a0f,PROCESSED,20260131.xlsx,[object Object],2026-02-25T10:49:11.140Z,
88d56c6e-3501-4836-bf2a-c9f32804f4b1,92ec1b33-2fd8-4ec3-a4a4-1860861756d1,PROCESSED,20260131.xlsx,[object Object],2026-02-25T10:49:11.231Z,
32099bcd-9b0b-4eab-ba79-1c66234a0b59,f4d42a8a-34e2-4bce-a251-db58cf0295d3,PROCESSED,20260131.xlsx,[object Object],2026-02-25T10:49:11.338Z,
81ddfc03-1bec-421b-9c57-047b0e592c9b,ef2372ab-02d3-4344-9934-88bbecdf7881,PROCESSED,20260131.xlsx,[object Object],2026-02-25T10:49:11.429Z,
0239b596-18bc-43a8-8f11-b0764d422589,fce29462-4317-4544-9cb3-ff8238bc6530,PROCESSED,20260131.xlsx,[object Object],2026-02-25T10:49:11.530Z,
cba4019d-7e4e-40ea-b2c9-fb87e0c1d16c,58084a27-cf9f-4d44-b070-dcb27c3a6f02,PROCESSED,20260131.xlsx,[object Object],2026-02-25T10:49:11.639Z,
fd56d3bf-7cda-4ff2-909b-f22bb8f86a25,9a4b2029-c405-49ee-b827-b40a4203bd22,PROCESSED,20260131.xlsx,[object Object],2026-02-25T10:49:11.765Z,
981c7b2b-615c-4da3-a07c-f84513e3f710,9aeb3132-f278-431b-9d09-f3bba3145613,PROCESSED,20260131.xlsx,[object Object],2026-02-25T10:49:11.964Z,
9bbb25eb-9a96-4d45-adda-86d7bf3f83d3,67cfac59-6594-49cf-bfaf-6824497c72e2,PROCESSED,20260131.xlsx,[object Object],2026-02-25T10:49:12.164Z,
f8474fa2-3d9d-4624-85b7-47054168662d,62594348-3833-411b-8fed-81b2245d29c2,PROCESSED,20260131.xlsx,[object Object],2026-02-25T10:49:12.366Z,
b7e66315-cc7c-4ad8-badf-e11cf2967557,b3edd721-3b6b-4b9f-a98d-aacf668d2ee1,PROCESSED,20260131.xlsx,[object Object],2026-02-25T10:49:12.563Z,
edb5fd1b-43d0-45a8-ae4d-7b05797dfb7d,d865afb7-ff85-4c9b-bfd7-9a32f4664e34,PROCESSED,20260223.xlsx,[object Object],2026-02-25T10:49:12.743Z,
e98ac1b4-cb38-4a4c-93e8-13f932d6285a,e169de9b-e18f-4a53-aade-923b0f360a35,PROCESSED,20260223.xlsx,[object Object],2026-02-25T10:49:12.935Z,
5fe4b44f-fa7c-4016-bbf4-0b4505260d29,c8a6b511-1a98-482f-9d84-5be9ad456e11,PROCESSED,20260223.xlsx,[object Object],2026-02-25T10:49:13.087Z,
3dbd09bc-cef3-4d43-b1eb-cc38d7e5763e,4a736fae-a521-4c88-9beb-63af15c44cd4,PROCESSED,20260223.xlsx,[object Object],2026-02-25T10:49:13.225Z,
c249029c-127d-4393-a6b1-998b3f8b741a,43ec63eb-aa87-4ae6-88d6-8a1a8e4fb38a,PROCESSED,20260223.xlsx,[object Object],2026-02-25T10:49:13.432Z,
15abda2e-1b26-4d66-ada7-048931e739c6,1744f22b-1e05-4e64-9d13-68614215e5c0,PROCESSED,20260223.xlsx,[object Object],2026-02-25T10:49:13.629Z,
b3f5c26e-6895-449f-b2b3-ff6eb2686709,3cc2177f-b5f0-44d1-8342-4cd437892828,PROCESSED,20260223.xlsx,[object Object],2026-02-25T10:49:13.859Z,
84dba943-1b53-4e4d-ab41-0cef684a52dd,e99f625c-0658-4f50-8184-a276c14c9b25,PROCESSED,20260223.xlsx,[object Object],2026-02-25T10:49:14.027Z,
07d9ce9a-ba38-4c56-ac21-f8d74874efe1,cc0f7bae-8255-42a7-b03b-d77b900261e9,PROCESSED,20260223.xlsx,[object Object],2026-02-25T10:49:14.219Z,
2023ba12-c710-44d9-9ea6-7d2a8e4985b1,7cd4d25e-f97b-4449-9eda-6a4590249fdd,PROCESSED,20260223.xlsx,[object Object],2026-02-25T10:49:14.433Z,
bb6b0926-1093-4ccb-b84b-357212b14daa,33a64bc4-3c58-4561-a6ba-fe58c4ececc4,PROCESSED,20260223.xlsx,[object Object],2026-02-25T10:49:14.659Z,
0fd35761-ec8d-42b9-8a4a-824e6071f3d3,151c5a52-830c-431d-88f6-4059c627c357,PROCESSED,20260223.xlsx,[object Object],2026-02-25T10:49:14.924Z,
460f7066-535d-4e1f-bf89-cd2438eb5510,2bf0e6a8-a208-4a0a-92fb-baeb3fde3184,PROCESSED,20260223.xlsx,[object Object],2026-02-25T10:49:15.267Z,
aeb86a4b-8c35-44e2-a6f0-d9d4a8a42b42,4f2f65b0-9f03-4c12-9137-600b40de011a,PROCESSED,20260223.xlsx,[object Object],2026-02-25T10:49:15.429Z,
9e6f05cb-8005-4c31-9214-3cb95cd5ecfd,ab6798cb-4ced-40ab-af53-721bbe784fe3,PROCESSED,20260223.xlsx,[object Object],2026-02-25T10:49:15.612Z,
c4815503-0b53-4004-85d7-85dbb7d1aea0,70746c9d-9baf-484b-a95a-b9735e392b06,PROCESSED,20260223.xlsx,[object Object],2026-02-25T10:49:15.803Z,
ba581fc0-d65a-4a59-8e22-b2c357b51545,f3893a81-9a2d-46b3-a4d6-a12766aac9c1,PROCESSED,20260223.xlsx,[object Object],2026-02-25T10:49:15.998Z,
99eb780c-6466-414f-88e1-30284e2b0452,f7e34c11-78ed-4d49-bc12-c462a36e8f5b,PROCESSED,20260223.xlsx,[object Object],2026-02-25T10:49:16.149Z,
c478c217-d5f8-4ec2-8a99-ff41d39d6de8,943a2e0b-7399-4f7e-9fd2-77bcfc913d31,PROCESSED,20260223.xlsx,[object Object],2026-02-25T10:49:16.286Z,
d5493292-f719-418a-8819-7ab16e48b9b3,317c7cdc-7af5-40bc-beab-899d5a9cde51,PROCESSED,20260223.xlsx,[object Object],2026-02-25T10:49:16.446Z,
6e41d503-a22a-4675-9966-3cc7952a865b,74534fe1-9098-4180-8f8f-609f848aa1ef,PROCESSED,20260223.xlsx,[object Object],2026-02-25T10:49:16.627Z,
614e1a4a-18be-4236-b410-da16fea907b8,6cec69c8-d400-4431-9502-c0808a146513,PROCESSED,20260223.xlsx,[object Object],2026-02-25T10:49:16.800Z,
53589a3b-0f60-4df4-8b23-e7b8ce243bed,6d50ff1e-edfd-40f5-bbce-bb7757380e3c,PROCESSED,20260223.xlsx,[object Object],2026-02-25T10:49:17.003Z,
14ebee9f-e48a-462f-8e7d-4cb6de873fd0,ea4ffcc2-ded5-435f-b8ab-c6dbd6e0fb75,PROCESSED,20260223.xlsx,[object Object],2026-02-25T10:49:17.215Z,
9e9473ed-f04e-4e69-abbe-1ff466876393,eef3414e-4689-476c-8f73-0664224bd5d6,PROCESSED,20260223.xlsx,[object Object],2026-02-25T10:49:17.432Z,
bd1a6c31-cd9a-4994-8fd0-dcfc81071dce,0c380b1b-b48f-47b2-8bd6-67b5bf24da2f,PROCESSED,20260223.xlsx,[object Object],2026-02-25T10:49:17.646Z,
7ce3a58b-af63-487c-afe5-14845d6dc903,8777447e-bacc-4b8f-b92a-72cacfad3da0,PROCESSED,20260223.xlsx,[object Object],2026-02-25T10:49:17.853Z,
a2d78ab1-945f-494e-a34d-4556ac53bb98,73da49cc-153d-49b9-adc7-3916f32face9,PROCESSED,20260223.xlsx,[object Object],2026-02-25T10:49:18.054Z,
80e636a6-8522-4167-867f-047eb884a456,4bb61e22-be75-47fb-99c9-ca0536267639,PROCESSED,20260223.xlsx,[object Object],2026-02-25T10:49:18.262Z,
c73de093-25de-4e5c-8d06-10a4d09b41b9,0fd5ed76-a523-413a-a34c-2a1a5c120b3f,PROCESSED,20260223.xlsx,[object Object],2026-02-25T10:49:18.562Z,
9dc46823-e155-4478-a728-30afe964929c,517eb11b-8923-4a66-a883-3ece9dc6ae07,PROCESSED,20260223.xlsx,[object Object],2026-02-25T10:49:18.683Z,
9e65935e-bfe0-4826-b67d-c7b4481c5436,6585161a-1dbb-4671-9cf2-8be0ca700cdd,PROCESSED,20260223.xlsx,[object Object],2026-02-25T10:49:18.807Z,
45311293-369f-413e-a6d4-3f870f2c26a5,2f99968c-9190-4cd4-8dba-573cbb9895d3,PROCESSED,20260223.xlsx,[object Object],2026-02-25T10:49:18.989Z,
f0b96ab6-eecb-49bb-b987-a54457fd0ea0,83e85cdc-5218-4daf-90c1-488447d9659b,PROCESSED,20260223.xlsx,[object Object],2026-02-25T10:49:19.185Z,
cd2d4e96-02c5-41df-ae81-0057590bd883,3ffb62ec-0ca4-45d8-8d1f-16bec4deba1c,PROCESSED,20260223.xlsx,[object Object],2026-02-25T10:49:19.393Z,
a641db70-cc75-4d16-9836-c254d7c6b91b,1b4a38b7-ef53-4564-8cc1-8fb99efac52e,PROCESSED,20260223.xlsx,[object Object],2026-02-25T10:49:19.605Z,
0fa2599d-3fcb-4a79-8aac-8f04690a13f4,32b59948-f8e1-42de-b3ba-d6444e39d1ae,PROCESSED,20260223.xlsx,[object Object],2026-02-25T10:49:19.813Z,
4813b4c4-2e8a-4505-92c0-534a553a2e9e,70be8b7b-36f0-4a3d-b2d7-49b0f5bff802,PROCESSED,20260223.xlsx,[object Object],2026-02-25T10:49:20.023Z,
403e53ba-ee53-4055-9131-138b51cfd437,3b0be51e-ccf6-443f-b3c8-395c66759abe,PROCESSED,20260223.xlsx,[object Object],2026-02-25T10:49:20.220Z,
13f158f3-ae67-4b98-a765-7828b836d39a,260822a5-38de-4642-9ce2-f3d50f952d25,PROCESSED,20260223.xlsx,[object Object],2026-02-25T10:49:20.411Z,
47855fc2-186f-42fb-a325-636aad41597f,351f0472-67a5-4316-930b-f4096ffdf8c5,PROCESSED,20260223.xlsx,[object Object],2026-02-25T10:49:20.634Z,
9d883432-a521-448f-9793-c1049c3a806a,f0dab44c-e511-4ed8-9436-d4ab1abed77f,PROCESSED,20260223.xlsx,[object Object],2026-02-25T10:49:20.796Z,
0f5bb133-e37a-45bc-8f32-5f24ab89e6ad,6a9d503c-748e-44b7-aea5-65835c51ff6b,PROCESSED,20260223.xlsx,[object Object],2026-02-25T10:49:21.013Z,
576b41bb-9e3b-4dd2-bb6f-680654284120,7eeb67c1-e05a-41c5-b819-423539f158f1,PROCESSED,20260223.xlsx,[object Object],2026-02-25T10:49:21.228Z,
80529284-1277-435f-a823-74348cf8dee9,543bcf21-ebf3-4098-9474-00e580c96a0f,PROCESSED,20260223.xlsx,[object Object],2026-02-25T10:49:21.442Z,
2538d881-4a19-4cb0-9105-51c9ec52fe4f,92ec1b33-2fd8-4ec3-a4a4-1860861756d1,PROCESSED,20260223.xlsx,[object Object],2026-02-25T10:49:21.650Z,
ab6e696f-dd92-409d-af7a-07f72ff9432a,f4d42a8a-34e2-4bce-a251-db58cf0295d3,PROCESSED,20260223.xlsx,[object Object],2026-02-25T10:49:21.846Z,
0cc616bf-1703-432c-bfc2-6f182af322cc,ef2372ab-02d3-4344-9934-88bbecdf7881,PROCESSED,20260223.xlsx,[object Object],2026-02-25T10:49:22.023Z,
4bf452f8-e341-4c0b-81ae-148592697f58,fce29462-4317-4544-9cb3-ff8238bc6530,PROCESSED,20260223.xlsx,[object Object],2026-02-25T10:49:22.206Z,
ce91f06f-108b-4bb4-9736-9d2c9e29ed47,58084a27-cf9f-4d44-b070-dcb27c3a6f02,PROCESSED,20260223.xlsx,[object Object],2026-02-25T10:49:22.397Z,
36b3e596-9c24-4342-a4eb-29157927a6e4,9a4b2029-c405-49ee-b827-b40a4203bd22,PROCESSED,20260223.xlsx,[object Object],2026-02-25T10:49:22.581Z,
802d0741-d37e-40e1-85f5-c56dd5d85d20,9aeb3132-f278-431b-9d09-f3bba3145613,PROCESSED,20260223.xlsx,[object Object],2026-02-25T10:49:22.803Z,
72b9f70b-46f5-4d8f-9833-839a9f53a427,67cfac59-6594-49cf-bfaf-6824497c72e2,PROCESSED,20260223.xlsx,[object Object],2026-02-25T10:49:23.020Z,
e44c69b6-a7c1-4ae5-851d-31102b936797,62594348-3833-411b-8fed-81b2245d29c2,PROCESSED,20260223.xlsx,[object Object],2026-02-25T10:49:23.238Z,
1654018f-21d8-463d-82f1-09553a4ffae5,b3edd721-3b6b-4b9f-a98d-aacf668d2ee1,PROCESSED,20260223.xlsx,[object Object],2026-02-25T10:49:23.454Z,
7f26cb8e-3772-4d88-ba67-26b67c6fb6a0,d865afb7-ff85-4c9b-bfd7-9a32f4664e34,PROCESSED,20260224.xlsx,[object Object],2026-02-25T10:49:23.680Z,
be98030d-3e3c-41f9-ad49-3e0b20f16c36,e169de9b-e18f-4a53-aade-923b0f360a35,PROCESSED,20260224.xlsx,[object Object],2026-02-25T10:49:23.893Z,
1b15d635-090e-4939-82de-8d08d6e61b41,c8a6b511-1a98-482f-9d84-5be9ad456e11,PROCESSED,20260224.xlsx,[object Object],2026-02-25T10:49:24.103Z,
f949a21d-7f49-4f2d-b05b-219850c314df,4a736fae-a521-4c88-9beb-63af15c44cd4,PROCESSED,20260224.xlsx,[object Object],2026-02-25T10:49:24.313Z,
b1fea232-df73-47a3-b850-cf107e469b2c,43ec63eb-aa87-4ae6-88d6-8a1a8e4fb38a,PROCESSED,20260224.xlsx,[object Object],2026-02-25T10:49:24.517Z,
17ea8938-e710-45a0-bb38-d03902df8e4e,1744f22b-1e05-4e64-9d13-68614215e5c0,PROCESSED,20260224.xlsx,[object Object],2026-02-25T10:49:24.730Z,
edd236df-fa07-4c44-965c-2284c8defa32,3cc2177f-b5f0-44d1-8342-4cd437892828,PROCESSED,20260224.xlsx,[object Object],2026-02-25T10:49:24.945Z,
a725e2bd-8f3d-4e27-b45a-be8a75680f65,e99f625c-0658-4f50-8184-a276c14c9b25,PROCESSED,20260224.xlsx,[object Object],2026-02-25T10:49:25.160Z,
d0330712-e157-46a4-a1f3-2810901bc1d3,cc0f7bae-8255-42a7-b03b-d77b900261e9,PROCESSED,20260224.xlsx,[object Object],2026-02-25T10:49:25.371Z,
aabcbb72-f639-4f97-a1f7-101761d11825,7cd4d25e-f97b-4449-9eda-6a4590249fdd,PROCESSED,20260224.xlsx,[object Object],2026-02-25T10:49:25.584Z,
051e22f5-64e0-4a67-89f4-47ba85c2cd99,33a64bc4-3c58-4561-a6ba-fe58c4ececc4,PROCESSED,20260224.xlsx,[object Object],2026-02-25T10:49:25.797Z,
a30e48bb-e245-4d10-99b9-6fbbe026bb25,151c5a52-830c-431d-88f6-4059c627c357,PROCESSED,20260224.xlsx,[object Object],2026-02-25T10:49:26.011Z,
4111f260-7a8d-4219-8186-592128c6878f,2bf0e6a8-a208-4a0a-92fb-baeb3fde3184,PROCESSED,20260224.xlsx,[object Object],2026-02-25T10:49:26.223Z,
8c581bb8-9db2-4e15-b8fc-45945dd5dc25,4f2f65b0-9f03-4c12-9137-600b40de011a,PROCESSED,20260224.xlsx,[object Object],2026-02-25T10:49:26.436Z,
98459262-c910-48dc-a445-6d424709cb1b,ab6798cb-4ced-40ab-af53-721bbe784fe3,PROCESSED,20260224.xlsx,[object Object],2026-02-25T10:49:26.651Z,
8423b34f-3d6e-4725-8689-f070c663e03b,70746c9d-9baf-484b-a95a-b9735e392b06,PROCESSED,20260224.xlsx,[object Object],2026-02-25T10:49:26.855Z,
1db305a0-d965-4901-8fed-99cbb13694e9,f3893a81-9a2d-46b3-a4d6-a12766aac9c1,PROCESSED,20260224.xlsx,[object Object],2026-02-25T10:49:27.049Z,
eef41527-4405-4a8c-93d1-5224ec694cf7,f7e34c11-78ed-4d49-bc12-c462a36e8f5b,PROCESSED,20260224.xlsx,[object Object],2026-02-25T10:49:27.212Z,
b1c84f08-23de-4624-b6f0-fc7080cf06f9,943a2e0b-7399-4f7e-9fd2-77bcfc913d31,PROCESSED,20260224.xlsx,[object Object],2026-02-25T10:49:27.401Z,
702f0ea0-6289-48e2-a8b5-8ebcd8390162,317c7cdc-7af5-40bc-beab-899d5a9cde51,PROCESSED,20260224.xlsx,[object Object],2026-02-25T10:49:27.599Z,
f973cec5-9ed2-45d7-b60a-d747881ca229,74534fe1-9098-4180-8f8f-609f848aa1ef,PROCESSED,20260224.xlsx,[object Object],2026-02-25T10:49:27.797Z,
6858cc0b-bb19-4b00-9bec-8c6f0d6185eb,6cec69c8-d400-4431-9502-c0808a146513,PROCESSED,20260224.xlsx,[object Object],2026-02-25T10:49:27.991Z,
dad39b81-7089-4ae9-8c7e-bbdcee9262a8,6d50ff1e-edfd-40f5-bbce-bb7757380e3c,PROCESSED,20260224.xlsx,[object Object],2026-02-25T10:49:28.185Z,
e534ea71-8356-43ff-9ed7-17612e10fc60,ea4ffcc2-ded5-435f-b8ab-c6dbd6e0fb75,PROCESSED,20260224.xlsx,[object Object],2026-02-25T10:49:28.383Z,
e9c7e955-2f00-491c-8c86-08ec2d8b24cd,eef3414e-4689-476c-8f73-0664224bd5d6,PROCESSED,20260224.xlsx,[object Object],2026-02-25T10:49:28.573Z,
92565538-5b00-4673-a34e-6000af6e6390,0c380b1b-b48f-47b2-8bd6-67b5bf24da2f,PROCESSED,20260224.xlsx,[object Object],2026-02-25T10:49:28.785Z,
506aa164-a1d7-41fb-92f5-b86099b26fdd,8777447e-bacc-4b8f-b92a-72cacfad3da0,PROCESSED,20260224.xlsx,[object Object],2026-02-25T10:49:28.970Z,
16490201-bca0-4a92-bb69-64154135d0f3,73da49cc-153d-49b9-adc7-3916f32face9,PROCESSED,20260224.xlsx,[object Object],2026-02-25T10:49:29.119Z,
bc2a7672-db68-4442-acd7-27eaf1f297ee,4bb61e22-be75-47fb-99c9-ca0536267639,PROCESSED,20260224.xlsx,[object Object],2026-02-25T10:49:29.248Z,
c9a19cfb-1a59-4cf4-ab10-994df5e1c673,0fd5ed76-a523-413a-a34c-2a1a5c120b3f,PROCESSED,20260224.xlsx,[object Object],2026-02-25T10:49:29.390Z,
143af8e1-e28d-479a-9e59-bd6eae910a1a,517eb11b-8923-4a66-a883-3ece9dc6ae07,PROCESSED,20260224.xlsx,[object Object],2026-02-25T10:49:29.534Z,
3589596a-c101-4b7d-8959-77e168e7d43b,6585161a-1dbb-4671-9cf2-8be0ca700cdd,PROCESSED,20260224.xlsx,[object Object],2026-02-25T10:49:29.643Z,
2fcba2f9-d097-47b4-b86a-ebdf001ca85c,2f99968c-9190-4cd4-8dba-573cbb9895d3,PROCESSED,20260224.xlsx,[object Object],2026-02-25T10:49:29.747Z,
7f20b369-db45-48ce-8235-1d6c8f00f50a,83e85cdc-5218-4daf-90c1-488447d9659b,PROCESSED,20260224.xlsx,[object Object],2026-02-25T10:49:29.924Z,
4b05f166-2484-4b49-bc74-7e5f64754d6d,3ffb62ec-0ca4-45d8-8d1f-16bec4deba1c,PROCESSED,20260224.xlsx,[object Object],2026-02-25T10:49:30.100Z,
b67f6dee-7a5c-4739-8e6d-0d11326276a6,1b4a38b7-ef53-4564-8cc1-8fb99efac52e,PROCESSED,20260224.xlsx,[object Object],2026-02-25T10:49:30.268Z,
58373c62-a131-4422-9747-e20812cf5e75,32b59948-f8e1-42de-b3ba-d6444e39d1ae,PROCESSED,20260224.xlsx,[object Object],2026-02-25T10:49:30.429Z,
fe69832f-77ee-4a20-9ca9-1817eaaa651b,70be8b7b-36f0-4a3d-b2d7-49b0f5bff802,PROCESSED,20260224.xlsx,[object Object],2026-02-25T10:49:30.609Z,
3ceb4e3a-1fb6-4b2b-964a-ac6d2fd5e5d9,3b0be51e-ccf6-443f-b3c8-395c66759abe,PROCESSED,20260224.xlsx,[object Object],2026-02-25T10:49:30.792Z,
c265cc63-8e96-4f53-9c11-ae70e8db25da,260822a5-38de-4642-9ce2-f3d50f952d25,PROCESSED,20260224.xlsx,[object Object],2026-02-25T10:49:30.969Z,
356d441e-36a2-4070-9f8e-4f8f88d1ee03,351f0472-67a5-4316-930b-f4096ffdf8c5,PROCESSED,20260224.xlsx,[object Object],2026-02-25T10:49:31.150Z,
9eaef9a7-c47d-4ed5-9efe-597dc6d170c4,f0dab44c-e511-4ed8-9436-d4ab1abed77f,PROCESSED,20260224.xlsx,[object Object],2026-02-25T10:49:31.334Z,
3a4ed58a-fd12-4f20-87e7-b155d93c1904,6a9d503c-748e-44b7-aea5-65835c51ff6b,PROCESSED,20260224.xlsx,[object Object],2026-02-25T10:49:31.510Z,
2cddf1de-dc25-47c0-aef5-7a4ee5dd8c95,7eeb67c1-e05a-41c5-b819-423539f158f1,PROCESSED,20260224.xlsx,[object Object],2026-02-25T10:49:31.698Z,
85435524-c71f-4cda-bfbe-bdaf1a6fa2c5,543bcf21-ebf3-4098-9474-00e580c96a0f,PROCESSED,20260224.xlsx,[object Object],2026-02-25T10:49:31.901Z,
4a19d674-d397-465a-bd5b-78b500299fa7,92ec1b33-2fd8-4ec3-a4a4-1860861756d1,PROCESSED,20260224.xlsx,[object Object],2026-02-25T10:49:32.085Z,
77b33048-b70e-4ffb-87d3-3c014ecf7afc,f4d42a8a-34e2-4bce-a251-db58cf0295d3,PROCESSED,20260224.xlsx,[object Object],2026-02-25T10:49:32.288Z,
c5799b21-de28-4e8d-9798-a017a79bc918,ef2372ab-02d3-4344-9934-88bbecdf7881,PROCESSED,20260224.xlsx,[object Object],2026-02-25T10:49:32.487Z,
254b5280-8cfb-4954-a7e9-f7d8a1c9ba7a,fce29462-4317-4544-9cb3-ff8238bc6530,PROCESSED,20260224.xlsx,[object Object],2026-02-25T10:49:32.684Z,
0c6533c4-b59b-4715-8d96-9cd15e374d30,58084a27-cf9f-4d44-b070-dcb27c3a6f02,PROCESSED,20260224.xlsx,[object Object],2026-02-25T10:49:32.889Z,
fdc359ae-4676-430f-b9f4-0a031ec086d8,9a4b2029-c405-49ee-b827-b40a4203bd22,PROCESSED,20260224.xlsx,[object Object],2026-02-25T10:49:33.092Z,
ba956e91-4837-44ed-9d39-6761885438fe,9aeb3132-f278-431b-9d09-f3bba3145613,PROCESSED,20260224.xlsx,[object Object],2026-02-25T10:49:33.300Z,
f0ab1b07-6ab4-4f27-96c7-eaa988ebfb9b,67cfac59-6594-49cf-bfaf-6824497c72e2,PROCESSED,20260224.xlsx,[object Object],2026-02-25T10:49:33.508Z,
1503e02f-eb3f-479d-a3ef-7c69ae69a8ff,62594348-3833-411b-8fed-81b2245d29c2,PROCESSED,20260224.xlsx,[object Object],2026-02-25T10:49:33.695Z,
7f696745-0ddd-456d-816b-88a8a1bbd5b4,b3edd721-3b6b-4b9f-a98d-aacf668d2ee1,PROCESSED,20260224.xlsx,[object Object],2026-02-25T10:49:33.880Z,
0f83d687-6e49-433b-97c5-e82ed53fb496,d865afb7-ff85-4c9b-bfd7-9a32f4664e34,PROCESSED,20260224.xlsx,[object Object],2026-02-25T10:56:06.602Z,
02d491b3-d34d-4f0b-b5b3-80c72b99a358,e169de9b-e18f-4a53-aade-923b0f360a35,PROCESSED,20260224.xlsx,[object Object],2026-02-25T10:56:06.864Z,
9e5a568b-08e1-43c4-8fbf-3271cc178184,c8a6b511-1a98-482f-9d84-5be9ad456e11,PROCESSED,20260224.xlsx,[object Object],2026-02-25T10:56:07.040Z,
7137cf9f-54f0-411d-a7ac-01e143b55b8b,4a736fae-a521-4c88-9beb-63af15c44cd4,PROCESSED,20260224.xlsx,[object Object],2026-02-25T10:56:07.218Z,
9c714a9f-bad2-4272-a462-010ee1e274ec,43ec63eb-aa87-4ae6-88d6-8a1a8e4fb38a,PROCESSED,20260224.xlsx,[object Object],2026-02-25T10:56:07.396Z,
14e640d9-746b-425d-8f58-1fce5849d00d,1744f22b-1e05-4e64-9d13-68614215e5c0,PROCESSED,20260224.xlsx,[object Object],2026-02-25T10:56:07.573Z,
3d5e2fcc-5ddd-4b28-b606-a81e5c961e44,3cc2177f-b5f0-44d1-8342-4cd437892828,PROCESSED,20260224.xlsx,[object Object],2026-02-25T10:56:07.757Z,
571bf91b-1629-4901-b2ab-2d1be59e425e,e99f625c-0658-4f50-8184-a276c14c9b25,PROCESSED,20260224.xlsx,[object Object],2026-02-25T10:56:07.984Z,
c63fa338-d91f-4428-921c-75491e1d7b8d,cc0f7bae-8255-42a7-b03b-d77b900261e9,PROCESSED,20260224.xlsx,[object Object],2026-02-25T10:56:08.148Z,
4db913aa-46b0-417d-ab7b-92fe33ab385e,7cd4d25e-f97b-4449-9eda-6a4590249fdd,PROCESSED,20260224.xlsx,[object Object],2026-02-25T10:56:08.257Z,
14719d75-c6b9-4803-af92-b35556f4ffdb,33a64bc4-3c58-4561-a6ba-fe58c4ececc4,PROCESSED,20260224.xlsx,[object Object],2026-02-25T10:56:08.382Z,
7cc749e1-a10d-4d12-81d2-c741ee4e4aa1,151c5a52-830c-431d-88f6-4059c627c357,PROCESSED,20260224.xlsx,[object Object],2026-02-25T10:56:08.525Z,
30a8f270-08e1-45a4-8621-096fb8e93771,2bf0e6a8-a208-4a0a-92fb-baeb3fde3184,PROCESSED,20260224.xlsx,[object Object],2026-02-25T10:56:08.665Z,
91e806b4-40d3-4f2f-8da8-36889d409da8,4f2f65b0-9f03-4c12-9137-600b40de011a,PROCESSED,20260224.xlsx,[object Object],2026-02-25T10:56:08.809Z,
0965d4fe-3e2c-4f83-8441-b04498b2c7d4,ab6798cb-4ced-40ab-af53-721bbe784fe3,PROCESSED,20260224.xlsx,[object Object],2026-02-25T10:56:08.960Z,
da61a9d7-1591-42ba-b903-edb777b6dcb3,70746c9d-9baf-484b-a95a-b9735e392b06,PROCESSED,20260224.xlsx,[object Object],2026-02-25T10:56:09.113Z,
0e34960c-1fe6-4b9e-9b0b-ac8975cad5ef,f3893a81-9a2d-46b3-a4d6-a12766aac9c1,PROCESSED,20260224.xlsx,[object Object],2026-02-25T10:56:09.300Z,
9fb48a1e-2b0d-4103-9fcd-43fb188cc29b,f7e34c11-78ed-4d49-bc12-c462a36e8f5b,PROCESSED,20260224.xlsx,[object Object],2026-02-25T10:56:09.480Z,
45f9fa94-f6a8-42cc-bb5e-4d10460db38b,943a2e0b-7399-4f7e-9fd2-77bcfc913d31,PROCESSED,20260224.xlsx,[object Object],2026-02-25T10:56:09.616Z,
2133d038-8dea-4f4b-928d-46db707f8b39,317c7cdc-7af5-40bc-beab-899d5a9cde51,PROCESSED,20260224.xlsx,[object Object],2026-02-25T10:56:09.725Z,
4caf31da-1278-445e-8a6e-ecfcde1efb63,74534fe1-9098-4180-8f8f-609f848aa1ef,PROCESSED,20260224.xlsx,[object Object],2026-02-25T10:56:09.831Z,
697227f0-9971-4b1e-b1d6-bf093dad7f26,6cec69c8-d400-4431-9502-c0808a146513,PROCESSED,20260224.xlsx,[object Object],2026-02-25T10:56:09.940Z,
9d732dab-797a-4a08-8566-68bab6d7f0a1,6d50ff1e-edfd-40f5-bbce-bb7757380e3c,PROCESSED,20260224.xlsx,[object Object],2026-02-25T10:56:10.048Z,
bf1534cb-7d97-4a97-ba47-2ca9a77b0868,ea4ffcc2-ded5-435f-b8ab-c6dbd6e0fb75,PROCESSED,20260224.xlsx,[object Object],2026-02-25T10:56:10.156Z,
8ae9bac2-c3ca-4cde-8f8a-733ece04b3d4,eef3414e-4689-476c-8f73-0664224bd5d6,PROCESSED,20260224.xlsx,[object Object],2026-02-25T10:56:10.265Z,
bea761f5-0f0b-4218-8a7e-be8c5be69f24,0c380b1b-b48f-47b2-8bd6-67b5bf24da2f,PROCESSED,20260224.xlsx,[object Object],2026-02-25T10:56:10.367Z,
99f15372-e346-4028-a4a8-151a84014433,8777447e-bacc-4b8f-b92a-72cacfad3da0,PROCESSED,20260224.xlsx,[object Object],2026-02-25T10:56:10.473Z,
5e675c73-c224-4b06-addd-3a9e3f493ba5,73da49cc-153d-49b9-adc7-3916f32face9,PROCESSED,20260224.xlsx,[object Object],2026-02-25T10:56:10.592Z,
b044f847-2370-4501-b10c-c7f74b6b5aea,4bb61e22-be75-47fb-99c9-ca0536267639,PROCESSED,20260224.xlsx,[object Object],2026-02-25T10:56:10.694Z,
3b566c2e-6e00-4af0-af98-0b1ab9dee07b,0fd5ed76-a523-413a-a34c-2a1a5c120b3f,PROCESSED,20260224.xlsx,[object Object],2026-02-25T10:56:10.799Z,
dc34d971-3dab-4900-8810-2bc4e2d24087,517eb11b-8923-4a66-a883-3ece9dc6ae07,PROCESSED,20260224.xlsx,[object Object],2026-02-25T10:56:10.904Z,
be5bb6a9-e52e-4db3-9ad5-6682485f4ba0,6585161a-1dbb-4671-9cf2-8be0ca700cdd,PROCESSED,20260224.xlsx,[object Object],2026-02-25T10:56:11.009Z,
b303e098-3b51-4642-882a-9d1a55130079,2f99968c-9190-4cd4-8dba-573cbb9895d3,PROCESSED,20260224.xlsx,[object Object],2026-02-25T10:56:11.120Z,
c916386c-c63d-45b0-9a8f-068a8285a39b,83e85cdc-5218-4daf-90c1-488447d9659b,PROCESSED,20260224.xlsx,[object Object],2026-02-25T10:56:11.225Z,
910b7faa-9e64-4da6-bf6c-067d5544fe90,3ffb62ec-0ca4-45d8-8d1f-16bec4deba1c,PROCESSED,20260224.xlsx,[object Object],2026-02-25T10:56:11.333Z,
ca2083fb-f43e-46a4-ab43-d06c55bdfdcd,1b4a38b7-ef53-4564-8cc1-8fb99efac52e,PROCESSED,20260224.xlsx,[object Object],2026-02-25T10:56:11.438Z,
725029db-6a62-4087-ad50-0f4cf4ee5c2d,32b59948-f8e1-42de-b3ba-d6444e39d1ae,PROCESSED,20260224.xlsx,[object Object],2026-02-25T10:56:11.543Z,
545d9f9e-36be-4b03-968b-bdb48cd3532f,70be8b7b-36f0-4a3d-b2d7-49b0f5bff802,PROCESSED,20260224.xlsx,[object Object],2026-02-25T10:56:11.652Z,
5dbc8f81-0ab2-4c0d-ad27-01ec656dab65,3b0be51e-ccf6-443f-b3c8-395c66759abe,PROCESSED,20260224.xlsx,[object Object],2026-02-25T10:56:11.756Z,
499d997b-d976-4a32-b5ce-d2c30b671e16,260822a5-38de-4642-9ce2-f3d50f952d25,PROCESSED,20260224.xlsx,[object Object],2026-02-25T10:56:11.864Z,
dac7d372-ad98-42fc-bd0d-30dbb55ff686,351f0472-67a5-4316-930b-f4096ffdf8c5,PROCESSED,20260224.xlsx,[object Object],2026-02-25T10:56:11.974Z,
60deccf9-2765-48c5-bd9e-24230453aa1b,f0dab44c-e511-4ed8-9436-d4ab1abed77f,PROCESSED,20260224.xlsx,[object Object],2026-02-25T10:56:12.088Z,
1a6f8b96-2f2a-429f-9ffe-022341e30538,6a9d503c-748e-44b7-aea5-65835c51ff6b,PROCESSED,20260224.xlsx,[object Object],2026-02-25T10:56:12.204Z,
4b3014b9-b50c-45fb-8bbd-b263b7c961e9,7eeb67c1-e05a-41c5-b819-423539f158f1,PROCESSED,20260224.xlsx,[object Object],2026-02-25T10:56:12.318Z,
b66ef498-4bb0-40e6-aa6a-288ee2c86a7e,543bcf21-ebf3-4098-9474-00e580c96a0f,PROCESSED,20260224.xlsx,[object Object],2026-02-25T10:56:12.432Z,
9b4f58df-b9ee-4af2-a3e8-1279ec31f5f1,92ec1b33-2fd8-4ec3-a4a4-1860861756d1,PROCESSED,20260224.xlsx,[object Object],2026-02-25T10:56:12.541Z,
1a80527f-8cd6-4549-a5ca-8bb78f7f943f,f4d42a8a-34e2-4bce-a251-db58cf0295d3,PROCESSED,20260224.xlsx,[object Object],2026-02-25T10:56:12.648Z,
db85a92f-2a88-4808-b085-79b5158c9d43,ef2372ab-02d3-4344-9934-88bbecdf7881,PROCESSED,20260224.xlsx,[object Object],2026-02-25T10:56:12.759Z,
727fb2a8-7477-4b4d-a005-59b3164214ea,fce29462-4317-4544-9cb3-ff8238bc6530,PROCESSED,20260224.xlsx,[object Object],2026-02-25T10:56:12.881Z,
e16c336b-0a05-46a4-9d95-87b8938a8db7,58084a27-cf9f-4d44-b070-dcb27c3a6f02,PROCESSED,20260224.xlsx,[object Object],2026-02-25T10:56:12.991Z,
dc6334a1-cf74-46ae-b768-fcd2065d4cd2,9a4b2029-c405-49ee-b827-b40a4203bd22,PROCESSED,20260224.xlsx,[object Object],2026-02-25T10:56:13.106Z,
199c5828-4e0b-406b-afa3-83ae5ab008dd,9aeb3132-f278-431b-9d09-f3bba3145613,PROCESSED,20260224.xlsx,[object Object],2026-02-25T10:56:13.220Z,
8a8d68b3-a7dc-4e7a-88e3-bee2053706aa,67cfac59-6594-49cf-bfaf-6824497c72e2,PROCESSED,20260224.xlsx,[object Object],2026-02-25T10:56:13.332Z,
1fe42756-4dcc-491e-970d-2960ba545580,62594348-3833-411b-8fed-81b2245d29c2,PROCESSED,20260224.xlsx,[object Object],2026-02-25T10:56:13.448Z,
bbbdcd18-83c5-442e-9c66-39c121f7e2c7,b3edd721-3b6b-4b9f-a98d-aacf668d2ee1,PROCESSED,20260224.xlsx,[object Object],2026-02-25T10:56:13.556Z,
536934c0-0674-4dfe-9cd9-56befc8538ce,d865afb7-ff85-4c9b-bfd7-9a32f4664e34,PROCESSED,20240331.xlsx,[object Object],2026-02-25T10:59:56.316Z,
fb5d47ba-a29d-4419-9166-6f10b4ada978,e169de9b-e18f-4a53-aade-923b0f360a35,PROCESSED,20240331.xlsx,[object Object],2026-02-25T10:59:56.560Z,
2e85e9ba-6d12-431a-8571-50eaeafd3ca3,c8a6b511-1a98-482f-9d84-5be9ad456e11,PROCESSED,20240331.xlsx,[object Object],2026-02-25T10:59:56.749Z,
29f08166-d465-4a85-86c4-52a23012564c,4a736fae-a521-4c88-9beb-63af15c44cd4,PROCESSED,20240331.xlsx,[object Object],2026-02-25T10:59:56.935Z,
98dbea87-345f-4342-bcda-1a7eda7f982f,43ec63eb-aa87-4ae6-88d6-8a1a8e4fb38a,PROCESSED,20240331.xlsx,[object Object],2026-02-25T10:59:57.101Z,
72da0234-5cd1-4ac6-9ceb-5459655d9260,1744f22b-1e05-4e64-9d13-68614215e5c0,PROCESSED,20240331.xlsx,[object Object],2026-02-25T10:59:57.274Z,
1180bf59-df6d-406f-a4ec-4c2c2024fea4,3cc2177f-b5f0-44d1-8342-4cd437892828,PROCESSED,20240331.xlsx,[object Object],2026-02-25T10:59:57.412Z,
b1f5c458-c28a-4312-9287-58d1b1c72ae7,e99f625c-0658-4f50-8184-a276c14c9b25,PROCESSED,20240331.xlsx,[object Object],2026-02-25T10:59:57.523Z,
9c765d4c-a5c7-4154-82fb-ab81078f960e,cc0f7bae-8255-42a7-b03b-d77b900261e9,PROCESSED,20240331.xlsx,[object Object],2026-02-25T10:59:57.640Z,
0a08bc91-e3b7-46a8-8542-7624eb41924a,7cd4d25e-f97b-4449-9eda-6a4590249fdd,PROCESSED,20240331.xlsx,[object Object],2026-02-25T10:59:57.757Z,
6b0458e7-ac30-4ea5-a5de-52311c1fe64a,33a64bc4-3c58-4561-a6ba-fe58c4ececc4,PROCESSED,20240331.xlsx,[object Object],2026-02-25T10:59:57.924Z,
331a371a-787d-4790-97b1-90407a648eec,151c5a52-830c-431d-88f6-4059c627c357,PROCESSED,20240331.xlsx,[object Object],2026-02-25T10:59:58.054Z,
8c2187fa-b5c3-4d63-8190-7da826956170,2bf0e6a8-a208-4a0a-92fb-baeb3fde3184,PROCESSED,20240331.xlsx,[object Object],2026-02-25T10:59:58.159Z,
b54a6f02-3984-41c6-8fea-cdb857fbda2d,4f2f65b0-9f03-4c12-9137-600b40de011a,PROCESSED,20240331.xlsx,[object Object],2026-02-25T10:59:58.269Z,
55b6ab9a-2dd3-448e-8c18-7f610e04d3a0,ab6798cb-4ced-40ab-af53-721bbe784fe3,PROCESSED,20240331.xlsx,[object Object],2026-02-25T10:59:58.442Z,
4dfae540-84b7-4c49-9186-86e9017ff404,70746c9d-9baf-484b-a95a-b9735e392b06,PROCESSED,20240331.xlsx,[object Object],2026-02-25T10:59:58.653Z,
e19d2c09-fec2-4d6d-b821-df0aa4dee8f8,f3893a81-9a2d-46b3-a4d6-a12766aac9c1,PROCESSED,20240331.xlsx,[object Object],2026-02-25T10:59:58.805Z,
c6a063cb-97b8-4cca-a70b-d7c331bfb161,f7e34c11-78ed-4d49-bc12-c462a36e8f5b,PROCESSED,20240331.xlsx,[object Object],2026-02-25T10:59:58.902Z,
44e3bbef-4de6-4c79-8391-cada6f73e8d5,943a2e0b-7399-4f7e-9fd2-77bcfc913d31,PROCESSED,20240331.xlsx,[object Object],2026-02-25T10:59:59.008Z,
70bd0ee2-d8aa-458a-b7f4-19908bd34409,317c7cdc-7af5-40bc-beab-899d5a9cde51,PROCESSED,20240331.xlsx,[object Object],2026-02-25T10:59:59.117Z,
35f20d60-1fc8-4f5b-a2e0-ff0e263bd1b3,74534fe1-9098-4180-8f8f-609f848aa1ef,PROCESSED,20240331.xlsx,[object Object],2026-02-25T10:59:59.237Z,
8657d018-bf92-48a7-9af9-d8fac4cac5d5,6cec69c8-d400-4431-9502-c0808a146513,PROCESSED,20240331.xlsx,[object Object],2026-02-25T10:59:59.421Z,
18a5ea0d-8009-47d3-9cc8-3ee8c416789b,6d50ff1e-edfd-40f5-bbce-bb7757380e3c,PROCESSED,20240331.xlsx,[object Object],2026-02-25T10:59:59.594Z,
7581243b-3733-492b-bfa1-c6f2ef0baa75,ea4ffcc2-ded5-435f-b8ab-c6dbd6e0fb75,PROCESSED,20240331.xlsx,[object Object],2026-02-25T10:59:59.754Z,
c3f37889-ae2a-4a78-bd0d-26533776f19c,eef3414e-4689-476c-8f73-0664224bd5d6,PROCESSED,20240331.xlsx,[object Object],2026-02-25T10:59:59.861Z,
5904d874-a107-4768-81ce-aed18f5d7033,0c380b1b-b48f-47b2-8bd6-67b5bf24da2f,PROCESSED,20240331.xlsx,[object Object],2026-02-25T10:59:59.963Z,
a6c63699-85f1-44b2-88fd-e7a3580d5d13,8777447e-bacc-4b8f-b92a-72cacfad3da0,PROCESSED,20240331.xlsx,[object Object],2026-02-25T11:00:00.100Z,
3a5f1010-f73e-46eb-9fe3-e37bfb523e83,73da49cc-153d-49b9-adc7-3916f32face9,PROCESSED,20240331.xlsx,[object Object],2026-02-25T11:00:00.209Z,
71127e50-6d64-48cc-b771-416f50d25703,4bb61e22-be75-47fb-99c9-ca0536267639,PROCESSED,20240331.xlsx,[object Object],2026-02-25T11:00:00.370Z,
0e3c3d15-5001-4fa9-bb21-c23835759a95,0fd5ed76-a523-413a-a34c-2a1a5c120b3f,PROCESSED,20240331.xlsx,[object Object],2026-02-25T11:00:00.544Z,
51795d93-1580-449c-99e3-b80268c7fee3,517eb11b-8923-4a66-a883-3ece9dc6ae07,PROCESSED,20240331.xlsx,[object Object],2026-02-25T11:00:00.699Z,
0a98a14f-0aae-4cb8-bd92-043858ad486f,6585161a-1dbb-4671-9cf2-8be0ca700cdd,PROCESSED,20240331.xlsx,[object Object],2026-02-25T11:00:00.855Z,
7b25bff7-c54d-4bdf-9916-9499a07243f9,2f99968c-9190-4cd4-8dba-573cbb9895d3,PROCESSED,20240331.xlsx,[object Object],2026-02-25T11:00:00.997Z,
e03157ca-aeaf-42a9-b894-d328c8e8abc5,83e85cdc-5218-4daf-90c1-488447d9659b,PROCESSED,20240331.xlsx,[object Object],2026-02-25T11:00:01.137Z,
e0adf52b-1c9e-4ead-8724-7933bcb17995,3ffb62ec-0ca4-45d8-8d1f-16bec4deba1c,PROCESSED,20240331.xlsx,[object Object],2026-02-25T11:00:01.298Z,
eed65c65-1c1f-49d8-9790-dfeb34104a53,1b4a38b7-ef53-4564-8cc1-8fb99efac52e,PROCESSED,20240331.xlsx,[object Object],2026-02-25T11:00:01.469Z,
602f4be4-6563-4e63-bdbb-2c4c9e15e2da,32b59948-f8e1-42de-b3ba-d6444e39d1ae,PROCESSED,20240331.xlsx,[object Object],2026-02-25T11:00:01.634Z,
f71e2fcd-4c1a-4f03-b679-514550d760d0,70be8b7b-36f0-4a3d-b2d7-49b0f5bff802,PROCESSED,20240331.xlsx,[object Object],2026-02-25T11:00:01.749Z,
df9afdb0-8c66-4762-a2e9-b2dcf8d2563c,3b0be51e-ccf6-443f-b3c8-395c66759abe,PROCESSED,20240331.xlsx,[object Object],2026-02-25T11:00:01.889Z,
8e917e54-d658-4d47-9641-dc88895cf6e9,260822a5-38de-4642-9ce2-f3d50f952d25,PROCESSED,20240331.xlsx,[object Object],2026-02-25T11:00:01.999Z,
85645bdf-9082-46ab-aa6a-376f9eb95d9f,351f0472-67a5-4316-930b-f4096ffdf8c5,PROCESSED,20240331.xlsx,[object Object],2026-02-25T11:00:02.172Z,
b198ac4e-e333-4d26-b9ce-9bff5fe4ee0f,f0dab44c-e511-4ed8-9436-d4ab1abed77f,PROCESSED,20240331.xlsx,[object Object],2026-02-25T11:00:02.348Z,
069080b3-9e7e-4ccd-af56-8b670c461f82,6a9d503c-748e-44b7-aea5-65835c51ff6b,PROCESSED,20240331.xlsx,[object Object],2026-02-25T11:00:02.517Z,
ac512e22-8bdb-4425-90dd-f766f7c3e6cf,7eeb67c1-e05a-41c5-b819-423539f158f1,PROCESSED,20240331.xlsx,[object Object],2026-02-25T11:00:02.642Z,
eee234f8-2cf3-47ad-b6b9-eec8a8e588b1,543bcf21-ebf3-4098-9474-00e580c96a0f,PROCESSED,20240331.xlsx,[object Object],2026-02-25T11:00:02.780Z,
57611c0b-0720-4cd1-8573-803f6938cc3d,92ec1b33-2fd8-4ec3-a4a4-1860861756d1,PROCESSED,20240331.xlsx,[object Object],2026-02-25T11:00:02.889Z,
b4e2f969-cf24-4119-8b63-4a5979ae6ab6,f4d42a8a-34e2-4bce-a251-db58cf0295d3,PROCESSED,20240331.xlsx,[object Object],2026-02-25T11:00:02.997Z,
7d1dc00e-538f-4e62-a2f4-e5a312b62816,ef2372ab-02d3-4344-9934-88bbecdf7881,PROCESSED,20240331.xlsx,[object Object],2026-02-25T11:00:03.176Z,
ebb0db58-6918-4c57-ba6b-96fce761049f,fce29462-4317-4544-9cb3-ff8238bc6530,PROCESSED,20240331.xlsx,[object Object],2026-02-25T11:00:03.353Z,
9ffd8396-151f-47d7-acf9-244c915329bf,58084a27-cf9f-4d44-b070-dcb27c3a6f02,PROCESSED,20240331.xlsx,[object Object],2026-02-25T11:00:03.465Z,
82f1f4e6-97cc-4177-a1a5-1ed4cdec008d,9a4b2029-c405-49ee-b827-b40a4203bd22,PROCESSED,20240331.xlsx,[object Object],2026-02-25T11:00:03.637Z,
e1a50c96-7059-4ce9-b715-97829206a307,9aeb3132-f278-431b-9d09-f3bba3145613,PROCESSED,20240331.xlsx,[object Object],2026-02-25T11:00:03.814Z,
d0c770b7-577f-45a1-bfcd-f1b8cbda72b2,67cfac59-6594-49cf-bfaf-6824497c72e2,PROCESSED,20240331.xlsx,[object Object],2026-02-25T11:00:03.924Z,
f4c046f0-dbdb-4074-91a2-8952836c57ef,62594348-3833-411b-8fed-81b2245d29c2,PROCESSED,20240331.xlsx,[object Object],2026-02-25T11:00:04.044Z,
86c45401-46e9-4a3b-b47d-07f3e03c7995,b3edd721-3b6b-4b9f-a98d-aacf668d2ee1,PROCESSED,20240331.xlsx,[object Object],2026-02-25T11:00:04.213Z,
c27b39f3-2be3-4a1a-b146-7f5258e43662,d865afb7-ff85-4c9b-bfd7-9a32f4664e34,PROCESSED,20250331.xlsx,[object Object],2026-02-25T11:00:04.402Z,
60879721-ae7d-4a87-9638-76d66442e4cf,e169de9b-e18f-4a53-aade-923b0f360a35,PROCESSED,20250331.xlsx,[object Object],2026-02-25T11:00:04.612Z,
5eeb7592-228a-4a24-bcbf-35812975d9fb,c8a6b511-1a98-482f-9d84-5be9ad456e11,PROCESSED,20250331.xlsx,[object Object],2026-02-25T11:00:04.819Z,
650abf5a-b632-4878-b4e6-8e6271b0dc24,4a736fae-a521-4c88-9beb-63af15c44cd4,PROCESSED,20250331.xlsx,[object Object],2026-02-25T11:00:05.024Z,
5ebe3427-356d-4367-b148-444097435c27,43ec63eb-aa87-4ae6-88d6-8a1a8e4fb38a,PROCESSED,20250331.xlsx,[object Object],2026-02-25T11:00:05.226Z,
7ca9b87f-0b4e-4ac5-bdde-e1dbc3ae8cd0,1744f22b-1e05-4e64-9d13-68614215e5c0,PROCESSED,20250331.xlsx,[object Object],2026-02-25T11:00:05.429Z,
a071e5fc-6473-446d-9688-e8c6f92fa3be,3cc2177f-b5f0-44d1-8342-4cd437892828,PROCESSED,20250331.xlsx,[object Object],2026-02-25T11:00:05.622Z,
088d85f0-18a2-458d-9a00-0fbae59fcff6,e99f625c-0658-4f50-8184-a276c14c9b25,PROCESSED,20250331.xlsx,[object Object],2026-02-25T11:00:05.832Z,
cfafb6d4-84f7-4770-ac25-613d86057229,cc0f7bae-8255-42a7-b03b-d77b900261e9,PROCESSED,20250331.xlsx,[object Object],2026-02-25T11:00:06.027Z,
ce7a20c6-6ab8-44b0-910c-5cc8c030a18e,7cd4d25e-f97b-4449-9eda-6a4590249fdd,PROCESSED,20250331.xlsx,[object Object],2026-02-25T11:00:06.219Z,
8385a5bb-e202-4706-a8e2-0e73f489650a,33a64bc4-3c58-4561-a6ba-fe58c4ececc4,PROCESSED,20250331.xlsx,[object Object],2026-02-25T11:00:06.429Z,
a13f8953-0321-47fe-bf5f-2d5556fd46ce,151c5a52-830c-431d-88f6-4059c627c357,PROCESSED,20250331.xlsx,[object Object],2026-02-25T11:00:06.630Z,
2c0353eb-e720-4b36-9d4b-5b21738025cf,2bf0e6a8-a208-4a0a-92fb-baeb3fde3184,PROCESSED,20250331.xlsx,[object Object],2026-02-25T11:00:06.815Z,
1866675f-4895-4821-85ad-73dd34417193,4f2f65b0-9f03-4c12-9137-600b40de011a,PROCESSED,20250331.xlsx,[object Object],2026-02-25T11:00:06.990Z,
6cb813a2-0715-4a19-88c6-4d32eeab4141,ab6798cb-4ced-40ab-af53-721bbe784fe3,PROCESSED,20250331.xlsx,[object Object],2026-02-25T11:00:07.165Z,
c9df383b-37e8-4a55-9cc2-bd8fe0ad1221,70746c9d-9baf-484b-a95a-b9735e392b06,PROCESSED,20250331.xlsx,[object Object],2026-02-25T11:00:07.350Z,
a1aaa4d7-a8c8-42eb-a375-e1b4d0c1e856,f3893a81-9a2d-46b3-a4d6-a12766aac9c1,PROCESSED,20250331.xlsx,[object Object],2026-02-25T11:00:07.525Z,
f05e47a6-5230-44a9-8626-403d4dfe6995,f7e34c11-78ed-4d49-bc12-c462a36e8f5b,PROCESSED,20250331.xlsx,[object Object],2026-02-25T11:00:07.666Z,
9a5c0c13-83f7-433f-8043-948a3f884e4d,943a2e0b-7399-4f7e-9fd2-77bcfc913d31,PROCESSED,20250331.xlsx,[object Object],2026-02-25T11:00:07.812Z,
c503f7aa-4111-4716-affe-3ef96b58ddc1,317c7cdc-7af5-40bc-beab-899d5a9cde51,PROCESSED,20250331.xlsx,[object Object],2026-02-25T11:00:07.980Z,
10b33aff-5bc2-48e1-adb4-2c09be8c92fb,74534fe1-9098-4180-8f8f-609f848aa1ef,PROCESSED,20250331.xlsx,[object Object],2026-02-25T11:00:08.154Z,
3e467a19-81a2-4a3a-ab26-5ad77d1716ef,6cec69c8-d400-4431-9502-c0808a146513,PROCESSED,20250331.xlsx,[object Object],2026-02-25T11:00:08.357Z,
0583e11f-73e0-494c-b6ef-929bdd8d3797,6d50ff1e-edfd-40f5-bbce-bb7757380e3c,PROCESSED,20250331.xlsx,[object Object],2026-02-25T11:00:08.553Z,
f464f61d-c2a8-4a18-835c-da9839c396da,ea4ffcc2-ded5-435f-b8ab-c6dbd6e0fb75,PROCESSED,20250331.xlsx,[object Object],2026-02-25T11:00:08.748Z,
31c9ae1f-57aa-43a6-a485-f7537578fafa,eef3414e-4689-476c-8f73-0664224bd5d6,PROCESSED,20250331.xlsx,[object Object],2026-02-25T11:00:08.942Z,
866153f9-0689-48c8-a671-60eeb0008d12,0c380b1b-b48f-47b2-8bd6-67b5bf24da2f,PROCESSED,20250331.xlsx,[object Object],2026-02-25T11:00:09.110Z,
7d0ea3f4-70d8-4229-9871-a6c49765243a,8777447e-bacc-4b8f-b92a-72cacfad3da0,PROCESSED,20250331.xlsx,[object Object],2026-02-25T11:00:09.248Z,
45152f72-9f20-4fd4-bc26-a912a74ae510,73da49cc-153d-49b9-adc7-3916f32face9,PROCESSED,20250331.xlsx,[object Object],2026-02-25T11:00:09.370Z,
f9a0d16e-de6f-4ddd-8c6c-5a70e415161a,4bb61e22-be75-47fb-99c9-ca0536267639,PROCESSED,20250331.xlsx,[object Object],2026-02-25T11:00:09.540Z,
5d3605c3-acaf-4461-b524-61fb9fc9fe54,0fd5ed76-a523-413a-a34c-2a1a5c120b3f,PROCESSED,20250331.xlsx,[object Object],2026-02-25T11:00:09.706Z,
a836467e-326c-4dd2-8840-9fa74aa7c03e,517eb11b-8923-4a66-a883-3ece9dc6ae07,PROCESSED,20250331.xlsx,[object Object],2026-02-25T11:00:09.876Z,
a02b3455-3e45-40a1-b884-26b5fe5dd8af,6585161a-1dbb-4671-9cf2-8be0ca700cdd,PROCESSED,20250331.xlsx,[object Object],2026-02-25T11:00:09.983Z,
fddd4b0f-fe45-4273-9083-976d159f811c,2f99968c-9190-4cd4-8dba-573cbb9895d3,PROCESSED,20250331.xlsx,[object Object],2026-02-25T11:00:10.076Z,
e2fca27d-dbff-4efc-8dd7-bcc41f1e4a18,83e85cdc-5218-4daf-90c1-488447d9659b,PROCESSED,20250331.xlsx,[object Object],2026-02-25T11:00:10.180Z,
3a3624ee-5e70-4ff6-bb33-ea79133ca46b,3ffb62ec-0ca4-45d8-8d1f-16bec4deba1c,PROCESSED,20250331.xlsx,[object Object],2026-02-25T11:00:10.304Z,
c8fa2e76-24da-493f-96af-0ab8332d6794,1b4a38b7-ef53-4564-8cc1-8fb99efac52e,PROCESSED,20250331.xlsx,[object Object],2026-02-25T11:00:10.417Z,
ee3d4ac7-3b99-4659-9abd-48800010944f,32b59948-f8e1-42de-b3ba-d6444e39d1ae,PROCESSED,20250331.xlsx,[object Object],2026-02-25T11:00:10.536Z,
895a441a-0397-45e7-a475-88d5ddc8baa4,70be8b7b-36f0-4a3d-b2d7-49b0f5bff802,PROCESSED,20250331.xlsx,[object Object],2026-02-25T11:00:10.740Z,
8ccb269d-05bc-439e-adb3-b2991c8b3401,3b0be51e-ccf6-443f-b3c8-395c66759abe,PROCESSED,20250331.xlsx,[object Object],2026-02-25T11:00:10.923Z,
630bd730-2f45-45fd-94a7-52e2bbf9001a,260822a5-38de-4642-9ce2-f3d50f952d25,PROCESSED,20250331.xlsx,[object Object],2026-02-25T11:00:11.074Z,
471d1304-ef76-4929-945b-d9739f40351c,351f0472-67a5-4316-930b-f4096ffdf8c5,PROCESSED,20250331.xlsx,[object Object],2026-02-25T11:00:11.185Z,
2bdb5de6-a4fc-4b16-a6fb-fe4b62a992ac,f0dab44c-e511-4ed8-9436-d4ab1abed77f,PROCESSED,20250331.xlsx,[object Object],2026-02-25T11:00:11.331Z,
8c765103-d7c0-4268-bcc9-dd201f782fb0,6a9d503c-748e-44b7-aea5-65835c51ff6b,PROCESSED,20250331.xlsx,[object Object],2026-02-25T11:00:11.506Z,
a2224c7b-44db-4fc9-a85b-d7d53b0da789,7eeb67c1-e05a-41c5-b819-423539f158f1,PROCESSED,20250331.xlsx,[object Object],2026-02-25T11:00:11.706Z,
02044d2e-ce1a-47d2-9eca-152b6b7a43e2,543bcf21-ebf3-4098-9474-00e580c96a0f,PROCESSED,20250331.xlsx,[object Object],2026-02-25T11:00:11.907Z,
0098dcf5-c02c-4771-b743-654d619fc48b,92ec1b33-2fd8-4ec3-a4a4-1860861756d1,PROCESSED,20250331.xlsx,[object Object],2026-02-25T11:00:12.106Z,
d38d3cae-c68d-440c-87a5-5b5f91af468b,f4d42a8a-34e2-4bce-a251-db58cf0295d3,PROCESSED,20250331.xlsx,[object Object],2026-02-25T11:00:12.305Z,
5ec60cfa-83b2-4ce8-8a7d-1905d5de58a4,ef2372ab-02d3-4344-9934-88bbecdf7881,PROCESSED,20250331.xlsx,[object Object],2026-02-25T11:00:12.504Z,
763eb2ac-56a4-4203-8c23-d37d8b6a68ab,fce29462-4317-4544-9cb3-ff8238bc6530,PROCESSED,20250331.xlsx,[object Object],2026-02-25T11:00:12.698Z,
31f9734f-e1e1-40d6-977b-193bde6c99e6,58084a27-cf9f-4d44-b070-dcb27c3a6f02,PROCESSED,20250331.xlsx,[object Object],2026-02-25T11:00:12.897Z,
f0c4693d-6cee-4a02-9fe4-79aabb274cd5,9a4b2029-c405-49ee-b827-b40a4203bd22,PROCESSED,20250331.xlsx,[object Object],2026-02-25T11:00:13.049Z,
484606c5-0087-468e-9b28-bf1b90207933,9aeb3132-f278-431b-9d09-f3bba3145613,PROCESSED,20250331.xlsx,[object Object],2026-02-25T11:00:13.170Z,
8056685a-a261-4cee-8430-b3cba42b3630,67cfac59-6594-49cf-bfaf-6824497c72e2,PROCESSED,20250331.xlsx,[object Object],2026-02-25T11:00:13.368Z,
5cd29922-7ffa-4617-b0d6-27da65ff28e7,62594348-3833-411b-8fed-81b2245d29c2,PROCESSED,20250331.xlsx,[object Object],2026-02-25T11:00:13.558Z,
4e2f1268-47af-480b-a9bd-38de38dd71f9,b3edd721-3b6b-4b9f-a98d-aacf668d2ee1,PROCESSED,20250331.xlsx,[object Object],2026-02-25T11:00:13.750Z,
066209e0-112f-48e4-bf24-a9207ec9fbe3,d865afb7-ff85-4c9b-bfd7-9a32f4664e34,PROCESSED,20260131.xlsx,[object Object],2026-02-25T11:00:13.953Z,
6466aa71-2617-45f9-b915-5a0e6e54c5aa,e169de9b-e18f-4a53-aade-923b0f360a35,PROCESSED,20260131.xlsx,[object Object],2026-02-25T11:00:14.152Z,
d8348800-55ed-4d52-96ba-be04d31175bb,c8a6b511-1a98-482f-9d84-5be9ad456e11,PROCESSED,20260131.xlsx,[object Object],2026-02-25T11:00:14.349Z,
e9271599-8bc3-4e06-9ad5-a76d61e19462,4a736fae-a521-4c88-9beb-63af15c44cd4,PROCESSED,20260131.xlsx,[object Object],2026-02-25T11:00:14.545Z,
f6cfb4d8-5b57-472e-b25b-bc00b06076f7,43ec63eb-aa87-4ae6-88d6-8a1a8e4fb38a,PROCESSED,20260131.xlsx,[object Object],2026-02-25T11:00:14.748Z,
41949d7d-c708-45ea-af6a-d85fec6bceea,1744f22b-1e05-4e64-9d13-68614215e5c0,PROCESSED,20260131.xlsx,[object Object],2026-02-25T11:00:14.957Z,
e4a21af4-c649-42d1-8f47-91957fe4fc12,3cc2177f-b5f0-44d1-8342-4cd437892828,PROCESSED,20260131.xlsx,[object Object],2026-02-25T11:00:15.150Z,
66245b6f-2eef-4016-8350-3ee8e311e340,e99f625c-0658-4f50-8184-a276c14c9b25,PROCESSED,20260131.xlsx,[object Object],2026-02-25T11:00:15.310Z,
685983eb-7367-4ff3-bb7c-90821a782256,cc0f7bae-8255-42a7-b03b-d77b900261e9,PROCESSED,20260131.xlsx,[object Object],2026-02-25T11:00:15.412Z,
dbed23c2-c66c-4f6a-9615-e3471cc18595,7cd4d25e-f97b-4449-9eda-6a4590249fdd,PROCESSED,20260131.xlsx,[object Object],2026-02-25T11:00:15.507Z,
82095b3b-3e04-4431-8ce4-c73801541aee,33a64bc4-3c58-4561-a6ba-fe58c4ececc4,PROCESSED,20260131.xlsx,[object Object],2026-02-25T11:00:15.616Z,
64ee970d-319b-4824-a995-96ec26a6366d,151c5a52-830c-431d-88f6-4059c627c357,PROCESSED,20260131.xlsx,[object Object],2026-02-25T11:00:15.724Z,
2418a9cf-e3b4-4c81-a8ff-2c9e00e5ddc9,2bf0e6a8-a208-4a0a-92fb-baeb3fde3184,PROCESSED,20260131.xlsx,[object Object],2026-02-25T11:00:15.847Z,
99e7b9c3-0848-4bf7-bca8-b874486c6c8b,4f2f65b0-9f03-4c12-9137-600b40de011a,PROCESSED,20260131.xlsx,[object Object],2026-02-25T11:00:15.981Z,
8d0539e3-9031-470d-9020-4b1eeb1ff023,ab6798cb-4ced-40ab-af53-721bbe784fe3,PROCESSED,20260131.xlsx,[object Object],2026-02-25T11:00:16.173Z,
c5c3711b-ff23-4aa4-859f-04b0ec9dc041,70746c9d-9baf-484b-a95a-b9735e392b06,PROCESSED,20260131.xlsx,[object Object],2026-02-25T11:00:16.343Z,
8926a856-c534-469a-8483-6e195d1830a6,f3893a81-9a2d-46b3-a4d6-a12766aac9c1,PROCESSED,20260131.xlsx,[object Object],2026-02-25T11:00:16.441Z,
8dbfc04c-d84e-41dc-ab7f-fbb16110af2b,f7e34c11-78ed-4d49-bc12-c462a36e8f5b,PROCESSED,20260131.xlsx,[object Object],2026-02-25T11:00:16.548Z,
4983733b-dae7-47b4-9eff-71c9f5bb63a2,943a2e0b-7399-4f7e-9fd2-77bcfc913d31,PROCESSED,20260131.xlsx,[object Object],2026-02-25T11:00:16.658Z,
62c87696-8fca-4acc-8c37-31f45ed77cf1,317c7cdc-7af5-40bc-beab-899d5a9cde51,PROCESSED,20260131.xlsx,[object Object],2026-02-25T11:00:16.776Z,
376f3b0b-5ad7-4ee8-ab7b-2d54faa50f13,74534fe1-9098-4180-8f8f-609f848aa1ef,PROCESSED,20260131.xlsx,[object Object],2026-02-25T11:00:16.941Z,
55539e9d-620b-4303-96d1-58a12de3e6df,6cec69c8-d400-4431-9502-c0808a146513,PROCESSED,20260131.xlsx,[object Object],2026-02-25T11:00:17.116Z,
418be3d9-89dd-48d2-be57-beff32c87049,6d50ff1e-edfd-40f5-bbce-bb7757380e3c,PROCESSED,20260131.xlsx,[object Object],2026-02-25T11:00:17.266Z,
a6e3638e-2f24-4f59-84a6-f694918d156b,ea4ffcc2-ded5-435f-b8ab-c6dbd6e0fb75,PROCESSED,20260131.xlsx,[object Object],2026-02-25T11:00:17.464Z,
b704d8a6-8b0e-48d5-b31b-f13ecc55b020,eef3414e-4689-476c-8f73-0664224bd5d6,PROCESSED,20260131.xlsx,[object Object],2026-02-25T11:00:17.660Z,
d36478cb-24bf-4211-b8f6-f6e5868cae65,0c380b1b-b48f-47b2-8bd6-67b5bf24da2f,PROCESSED,20260131.xlsx,[object Object],2026-02-25T11:00:17.854Z,
4dd03bda-35dc-48fe-b772-5174518535a5,8777447e-bacc-4b8f-b92a-72cacfad3da0,PROCESSED,20260131.xlsx,[object Object],2026-02-25T11:00:18.003Z,
cb892a26-8dea-431c-9e42-a75cea35cc06,73da49cc-153d-49b9-adc7-3916f32face9,PROCESSED,20260131.xlsx,[object Object],2026-02-25T11:00:18.092Z,
885e69f8-a1e2-4f06-8d78-fa151c3c9f95,4bb61e22-be75-47fb-99c9-ca0536267639,PROCESSED,20260131.xlsx,[object Object],2026-02-25T11:00:18.197Z,
53941371-e466-4122-a2f0-182a81d30010,0fd5ed76-a523-413a-a34c-2a1a5c120b3f,PROCESSED,20260131.xlsx,[object Object],2026-02-25T11:00:18.311Z,
66fbfed8-b1d8-43ee-8aae-cca926adb5eb,517eb11b-8923-4a66-a883-3ece9dc6ae07,PROCESSED,20260131.xlsx,[object Object],2026-02-25T11:00:18.403Z,
2d3f8e50-2eea-4f43-93a0-dac41dd798dd,6585161a-1dbb-4671-9cf2-8be0ca700cdd,PROCESSED,20260131.xlsx,[object Object],2026-02-25T11:00:18.502Z,
67aaccc9-da31-4511-8fc0-891cc5137f69,2f99968c-9190-4cd4-8dba-573cbb9895d3,PROCESSED,20260131.xlsx,[object Object],2026-02-25T11:00:18.602Z,
721c1fe0-5699-439f-b89b-8819d90008ed,83e85cdc-5218-4daf-90c1-488447d9659b,PROCESSED,20260131.xlsx,[object Object],2026-02-25T11:00:18.692Z,
17ab6775-c37a-415c-ba72-678f9072a1ff,3ffb62ec-0ca4-45d8-8d1f-16bec4deba1c,PROCESSED,20260131.xlsx,[object Object],2026-02-25T11:00:18.799Z,
93658e3d-a4b3-44f3-9ec8-3ba6c1e0c05a,1b4a38b7-ef53-4564-8cc1-8fb99efac52e,PROCESSED,20260131.xlsx,[object Object],2026-02-25T11:00:18.897Z,
5c5b3ec7-c014-48e1-a1d9-2f9e4b4e9727,32b59948-f8e1-42de-b3ba-d6444e39d1ae,PROCESSED,20260131.xlsx,[object Object],2026-02-25T11:00:19.055Z,
34dee956-bfc4-4a4b-b9a3-32bc5c863eaa,70be8b7b-36f0-4a3d-b2d7-49b0f5bff802,PROCESSED,20260131.xlsx,[object Object],2026-02-25T11:00:19.216Z,
cab02996-72d6-4e16-a670-7befadab4226,3b0be51e-ccf6-443f-b3c8-395c66759abe,PROCESSED,20260131.xlsx,[object Object],2026-02-25T11:00:19.329Z,
e4656e79-681f-4520-b544-80d5a5938138,260822a5-38de-4642-9ce2-f3d50f952d25,PROCESSED,20260131.xlsx,[object Object],2026-02-25T11:00:19.432Z,
4496dcaf-28a5-4ea8-b9ad-c2094ed0763d,351f0472-67a5-4316-930b-f4096ffdf8c5,PROCESSED,20260131.xlsx,[object Object],2026-02-25T11:00:19.545Z,
f1f1a513-7f29-40a2-a938-d3aae0ce4183,f0dab44c-e511-4ed8-9436-d4ab1abed77f,PROCESSED,20260131.xlsx,[object Object],2026-02-25T11:00:19.642Z,
8343d761-0fbb-428f-91e1-96405321394a,6a9d503c-748e-44b7-aea5-65835c51ff6b,PROCESSED,20260131.xlsx,[object Object],2026-02-25T11:00:19.772Z,
4951325d-a911-4b15-b0f2-1bd52cf8377d,7eeb67c1-e05a-41c5-b819-423539f158f1,PROCESSED,20260131.xlsx,[object Object],2026-02-25T11:00:19.897Z,
44222d6d-9c4a-4ab3-a349-95ffa75dea7f,543bcf21-ebf3-4098-9474-00e580c96a0f,PROCESSED,20260131.xlsx,[object Object],2026-02-25T11:00:20.002Z,
dcf0e323-b6dc-4424-a5eb-58a296b37001,92ec1b33-2fd8-4ec3-a4a4-1860861756d1,PROCESSED,20260131.xlsx,[object Object],2026-02-25T11:00:20.169Z,
b1c93615-5621-4d2a-b024-a503d75f3698,f4d42a8a-34e2-4bce-a251-db58cf0295d3,PROCESSED,20260131.xlsx,[object Object],2026-02-25T11:00:20.341Z,
4d7351cb-4eb2-40d2-b478-0f8374e92ded,ef2372ab-02d3-4344-9934-88bbecdf7881,PROCESSED,20260131.xlsx,[object Object],2026-02-25T11:00:20.476Z,
c940fa8c-45b0-4f75-84b1-b48de6ece637,fce29462-4317-4544-9cb3-ff8238bc6530,PROCESSED,20260131.xlsx,[object Object],2026-02-25T11:00:20.586Z,
9073cff5-993c-446a-924e-ecf90be91a65,58084a27-cf9f-4d44-b070-dcb27c3a6f02,PROCESSED,20260131.xlsx,[object Object],2026-02-25T11:00:20.723Z,
d0417817-4fae-4704-82e6-af05b192868d,9a4b2029-c405-49ee-b827-b40a4203bd22,PROCESSED,20260131.xlsx,[object Object],2026-02-25T11:00:20.855Z,
2764c07f-5181-4b35-8b28-13e5e759479b,9aeb3132-f278-431b-9d09-f3bba3145613,PROCESSED,20260131.xlsx,[object Object],2026-02-25T11:00:20.997Z,
6c32298b-d3d3-4e25-a785-0047d2415727,67cfac59-6594-49cf-bfaf-6824497c72e2,PROCESSED,20260131.xlsx,[object Object],2026-02-25T11:00:21.102Z,
89280033-98c7-4aec-8fb5-a3a6bf1e234c,62594348-3833-411b-8fed-81b2245d29c2,PROCESSED,20260131.xlsx,[object Object],2026-02-25T11:00:21.204Z,
310fec2a-8af4-402d-bfd6-7be6aa6e6c6a,b3edd721-3b6b-4b9f-a98d-aacf668d2ee1,PROCESSED,20260131.xlsx,[object Object],2026-02-25T11:00:21.313Z,
b31f45f2-99a7-4e70-a975-8114bc234294,d865afb7-ff85-4c9b-bfd7-9a32f4664e34,PROCESSED,20260223.xlsx,[object Object],2026-02-25T11:00:21.491Z,
6aa550aa-2e7a-44e2-b748-46b7a6a53499,e169de9b-e18f-4a53-aade-923b0f360a35,PROCESSED,20260223.xlsx,[object Object],2026-02-25T11:00:21.753Z,
110554b7-09a2-42e6-a428-ed8348a593fe,c8a6b511-1a98-482f-9d84-5be9ad456e11,PROCESSED,20260223.xlsx,[object Object],2026-02-25T11:00:21.855Z,
14bcd75f-b5b2-4099-94eb-2df318e0ae00,4a736fae-a521-4c88-9beb-63af15c44cd4,PROCESSED,20260223.xlsx,[object Object],2026-02-25T11:00:21.955Z,
6c1fe706-0e10-40b5-be90-3e0e66275f96,43ec63eb-aa87-4ae6-88d6-8a1a8e4fb38a,PROCESSED,20260223.xlsx,[object Object],2026-02-25T11:00:22.093Z,
9171dbd8-29ee-406d-af87-f96753528569,1744f22b-1e05-4e64-9d13-68614215e5c0,PROCESSED,20260223.xlsx,[object Object],2026-02-25T11:00:22.258Z,
c60589f4-a924-49cb-9e4c-01a7f9cf2a7c,3cc2177f-b5f0-44d1-8342-4cd437892828,PROCESSED,20260223.xlsx,[object Object],2026-02-25T11:00:22.455Z,
644e6e61-e5e7-4807-a2d7-c84b657bb89b,e99f625c-0658-4f50-8184-a276c14c9b25,PROCESSED,20260223.xlsx,[object Object],2026-02-25T11:00:22.649Z,
cc4809a6-8d23-49f8-953a-1ff0ce42dd1b,cc0f7bae-8255-42a7-b03b-d77b900261e9,PROCESSED,20260223.xlsx,[object Object],2026-02-25T11:00:22.852Z,
ba84ce9c-e58a-4f4b-8beb-56fcb01a3518,7cd4d25e-f97b-4449-9eda-6a4590249fdd,PROCESSED,20260223.xlsx,[object Object],2026-02-25T11:00:23.048Z,
72688766-09c9-4e5f-b777-d89fdab6075c,33a64bc4-3c58-4561-a6ba-fe58c4ececc4,PROCESSED,20260223.xlsx,[object Object],2026-02-25T11:00:23.246Z,
a9d01264-6c81-4251-b881-179de751c4d4,151c5a52-830c-431d-88f6-4059c627c357,PROCESSED,20260223.xlsx,[object Object],2026-02-25T11:00:23.437Z,
6842bb2d-eaf5-4dd4-881c-5adf0b0afd4b,2bf0e6a8-a208-4a0a-92fb-baeb3fde3184,PROCESSED,20260223.xlsx,[object Object],2026-02-25T11:00:23.633Z,
57fbd499-8b56-4e21-99ef-b5936d3c7caf,4f2f65b0-9f03-4c12-9137-600b40de011a,PROCESSED,20260223.xlsx,[object Object],2026-02-25T11:00:23.833Z,
781b4622-b60e-4470-81f7-6c629b83be36,ab6798cb-4ced-40ab-af53-721bbe784fe3,PROCESSED,20260223.xlsx,[object Object],2026-02-25T11:00:24.029Z,
49569847-27ca-40ae-874f-5df19462f6fe,70746c9d-9baf-484b-a95a-b9735e392b06,PROCESSED,20260223.xlsx,[object Object],2026-02-25T11:00:24.194Z,
71547a81-f5b0-4ee5-9acc-7f7bbca35fd2,f3893a81-9a2d-46b3-a4d6-a12766aac9c1,PROCESSED,20260223.xlsx,[object Object],2026-02-25T11:00:24.316Z,
1c3d0d88-e5e5-4509-8b2e-473e4e98bea1,f7e34c11-78ed-4d49-bc12-c462a36e8f5b,PROCESSED,20260223.xlsx,[object Object],2026-02-25T11:00:24.444Z,
0a00fd3b-a044-4bb5-837a-955eeb7ce629,943a2e0b-7399-4f7e-9fd2-77bcfc913d31,PROCESSED,20260223.xlsx,[object Object],2026-02-25T11:00:24.641Z,
8ed6d8dc-94ff-457b-863b-47377d4abfbb,317c7cdc-7af5-40bc-beab-899d5a9cde51,PROCESSED,20260223.xlsx,[object Object],2026-02-25T11:00:24.781Z,
68ead94b-8a19-422f-967e-237ff904e8c4,74534fe1-9098-4180-8f8f-609f848aa1ef,PROCESSED,20260223.xlsx,[object Object],2026-02-25T11:00:24.930Z,
c2adf313-eab7-4ad0-8e8f-82bbfe785acc,6cec69c8-d400-4431-9502-c0808a146513,PROCESSED,20260223.xlsx,[object Object],2026-02-25T11:00:25.106Z,
27b2132a-3d6b-46c4-a188-60c8529fde53,6d50ff1e-edfd-40f5-bbce-bb7757380e3c,PROCESSED,20260223.xlsx,[object Object],2026-02-25T11:00:25.246Z,
e71fc4ce-4ccc-4289-8f78-1a3b5be403e9,ea4ffcc2-ded5-435f-b8ab-c6dbd6e0fb75,PROCESSED,20260223.xlsx,[object Object],2026-02-25T11:00:25.393Z,
db2a44db-b9bd-44f3-a133-3a86bccd19b3,eef3414e-4689-476c-8f73-0664224bd5d6,PROCESSED,20260223.xlsx,[object Object],2026-02-25T11:00:25.532Z,
e4eb8114-4e6d-4b15-8585-f3fa633f9029,0c380b1b-b48f-47b2-8bd6-67b5bf24da2f,PROCESSED,20260223.xlsx,[object Object],2026-02-25T11:00:25.655Z,
fc3cd0ac-5c1e-4ba7-84f9-762df2b513fe,8777447e-bacc-4b8f-b92a-72cacfad3da0,PROCESSED,20260223.xlsx,[object Object],2026-02-25T11:00:25.763Z,
b5c52688-6ce0-470c-a6eb-ae9dcffaf814,73da49cc-153d-49b9-adc7-3916f32face9,PROCESSED,20260223.xlsx,[object Object],2026-02-25T11:00:25.898Z,
97f7b74c-ea2e-4780-a2e7-814a4381fbd5,4bb61e22-be75-47fb-99c9-ca0536267639,PROCESSED,20260223.xlsx,[object Object],2026-02-25T11:00:26.054Z,
d0887c64-6147-4b56-95da-350a42840ff8,0fd5ed76-a523-413a-a34c-2a1a5c120b3f,PROCESSED,20260223.xlsx,[object Object],2026-02-25T11:00:26.236Z,
5837eac8-7ec6-4739-8f27-0f67faa43730,517eb11b-8923-4a66-a883-3ece9dc6ae07,PROCESSED,20260223.xlsx,[object Object],2026-02-25T11:00:26.414Z,
e3ea090a-a4b4-4f49-8363-371f729b796d,6585161a-1dbb-4671-9cf2-8be0ca700cdd,PROCESSED,20260223.xlsx,[object Object],2026-02-25T11:00:26.612Z,
4fa268e0-d152-4de7-abbd-caa64c54254e,2f99968c-9190-4cd4-8dba-573cbb9895d3,PROCESSED,20260223.xlsx,[object Object],2026-02-25T11:00:26.763Z,
f3ee30f1-9f18-4fae-81a4-21d20d0164e5,83e85cdc-5218-4daf-90c1-488447d9659b,PROCESSED,20260223.xlsx,[object Object],2026-02-25T11:00:26.903Z,
7b77f222-88d5-4e47-95f4-e00d91f9b6c3,3ffb62ec-0ca4-45d8-8d1f-16bec4deba1c,PROCESSED,20260223.xlsx,[object Object],2026-02-25T11:00:27.100Z,
cf656301-94dc-4478-9b1e-fb7359e83248,1b4a38b7-ef53-4564-8cc1-8fb99efac52e,PROCESSED,20260223.xlsx,[object Object],2026-02-25T11:00:27.299Z,
055f7e83-cf1d-49fc-a6ab-1301ecbce62c,32b59948-f8e1-42de-b3ba-d6444e39d1ae,PROCESSED,20260223.xlsx,[object Object],2026-02-25T11:00:27.478Z,
d3f1b86f-42c2-4d62-8d6c-d5f98cb2499c,70be8b7b-36f0-4a3d-b2d7-49b0f5bff802,PROCESSED,20260223.xlsx,[object Object],2026-02-25T11:00:27.657Z,
52416f8a-dad2-497f-b44f-9d05900ac0d8,3b0be51e-ccf6-443f-b3c8-395c66759abe,PROCESSED,20260223.xlsx,[object Object],2026-02-25T11:00:27.839Z,
630cc059-0fc0-4603-bfd6-673f7d7652d4,260822a5-38de-4642-9ce2-f3d50f952d25,PROCESSED,20260223.xlsx,[object Object],2026-02-25T11:00:28.015Z,
eb799dda-fe65-40e0-8275-b8a711102dd1,351f0472-67a5-4316-930b-f4096ffdf8c5,PROCESSED,20260223.xlsx,[object Object],2026-02-25T11:00:28.213Z,
3b430401-a11e-492b-acd1-58646420ec43,f0dab44c-e511-4ed8-9436-d4ab1abed77f,PROCESSED,20260223.xlsx,[object Object],2026-02-25T11:00:28.417Z,
810358f1-a478-4fa3-a8cc-10fda0e0ebf8,6a9d503c-748e-44b7-aea5-65835c51ff6b,PROCESSED,20260223.xlsx,[object Object],2026-02-25T11:00:28.617Z,
3b224db8-ce2e-417e-9a4f-e09bed2bc916,7eeb67c1-e05a-41c5-b819-423539f158f1,PROCESSED,20260223.xlsx,[object Object],2026-02-25T11:00:28.820Z,
075a3af5-012a-4fd4-bfc9-dd8443888667,543bcf21-ebf3-4098-9474-00e580c96a0f,PROCESSED,20260223.xlsx,[object Object],2026-02-25T11:00:29.020Z,
8ea89cf6-c242-4e3c-a19c-d766fb3d8892,92ec1b33-2fd8-4ec3-a4a4-1860861756d1,PROCESSED,20260223.xlsx,[object Object],2026-02-25T11:00:29.143Z,
53817b9c-4420-4dcc-b7ce-faa2dd515e45,f4d42a8a-34e2-4bce-a251-db58cf0295d3,PROCESSED,20260223.xlsx,[object Object],2026-02-25T11:00:29.232Z,
964118f9-503f-439b-87f3-3968be8f1cc2,ef2372ab-02d3-4344-9934-88bbecdf7881,PROCESSED,20260223.xlsx,[object Object],2026-02-25T11:00:29.384Z,
3514f74b-50ba-4ccd-b688-9193fe2b5219,fce29462-4317-4544-9cb3-ff8238bc6530,PROCESSED,20260223.xlsx,[object Object],2026-02-25T11:00:29.563Z,
68410560-18f9-4f86-8ab6-c590b16eaac6,58084a27-cf9f-4d44-b070-dcb27c3a6f02,PROCESSED,20260223.xlsx,[object Object],2026-02-25T11:00:29.740Z,
6e29a38d-08db-48f4-813d-6ce6c6685222,9a4b2029-c405-49ee-b827-b40a4203bd22,PROCESSED,20260223.xlsx,[object Object],2026-02-25T11:00:29.928Z,
2ef28e37-7e86-4321-a132-94ab8656b7aa,9aeb3132-f278-431b-9d09-f3bba3145613,PROCESSED,20260223.xlsx,[object Object],2026-02-25T11:00:30.095Z,
c62543eb-2cf8-4635-9fec-fca76d8bd71c,67cfac59-6594-49cf-bfaf-6824497c72e2,PROCESSED,20260223.xlsx,[object Object],2026-02-25T11:00:30.284Z,
9346a4ae-d852-4b84-a95b-113ab807626a,62594348-3833-411b-8fed-81b2245d29c2,PROCESSED,20260223.xlsx,[object Object],2026-02-25T11:00:30.475Z,
5a2aa3fa-0c2f-4779-bdc6-dd334b0bd95a,b3edd721-3b6b-4b9f-a98d-aacf668d2ee1,PROCESSED,20260223.xlsx,[object Object],2026-02-25T11:00:30.670Z,
690b1eed-f73f-4c99-b7d5-f41d24d84d38,d865afb7-ff85-4c9b-bfd7-9a32f4664e34,PROCESSED,20260224.xlsx,[object Object],2026-02-25T11:00:30.861Z,
24f1d49e-488f-4d49-bc8d-5a91079dfd9a,e169de9b-e18f-4a53-aade-923b0f360a35,PROCESSED,20260224.xlsx,[object Object],2026-02-25T11:00:31.042Z,
35616b24-9a2c-4fc1-8246-6cfa4bf38850,c8a6b511-1a98-482f-9d84-5be9ad456e11,PROCESSED,20260224.xlsx,[object Object],2026-02-25T11:00:31.154Z,
be79b44a-6b62-45b5-b5b8-2e3546c85481,4a736fae-a521-4c88-9beb-63af15c44cd4,PROCESSED,20260224.xlsx,[object Object],2026-02-25T11:00:31.262Z,
f7afd49f-e1eb-4268-aafe-b3e2d6b4e4b6,43ec63eb-aa87-4ae6-88d6-8a1a8e4fb38a,PROCESSED,20260224.xlsx,[object Object],2026-02-25T11:00:31.443Z,
c0963fc2-e05b-42df-bdc7-b0d8036fd502,1744f22b-1e05-4e64-9d13-68614215e5c0,PROCESSED,20260224.xlsx,[object Object],2026-02-25T11:00:31.615Z,
49f13de3-152e-430e-9e82-526751190a75,3cc2177f-b5f0-44d1-8342-4cd437892828,PROCESSED,20260224.xlsx,[object Object],2026-02-25T11:00:31.746Z,
908a542d-f70b-49b9-a106-0b06288ccc94,e99f625c-0658-4f50-8184-a276c14c9b25,PROCESSED,20260224.xlsx,[object Object],2026-02-25T11:00:31.910Z,
2e50b6c0-faed-4aec-af7a-75e3d6c2b83b,cc0f7bae-8255-42a7-b03b-d77b900261e9,PROCESSED,20260224.xlsx,[object Object],2026-02-25T11:00:32.116Z,
942f9c35-b6eb-4b70-8dea-a671a5200a15,7cd4d25e-f97b-4449-9eda-6a4590249fdd,PROCESSED,20260224.xlsx,[object Object],2026-02-25T11:00:32.316Z,
8b2429da-b6f9-44e3-a7c9-05f9306416ef,33a64bc4-3c58-4561-a6ba-fe58c4ececc4,PROCESSED,20260224.xlsx,[object Object],2026-02-25T11:00:32.498Z,
6385ed61-96fe-4e8e-8c42-57d19dd67723,151c5a52-830c-431d-88f6-4059c627c357,PROCESSED,20260224.xlsx,[object Object],2026-02-25T11:00:32.678Z,
cd53a431-d684-494f-8847-13019ceb04d6,2bf0e6a8-a208-4a0a-92fb-baeb3fde3184,PROCESSED,20260224.xlsx,[object Object],2026-02-25T11:00:32.865Z,
58acc45c-6bc0-44bf-aca7-9561afdba5f4,4f2f65b0-9f03-4c12-9137-600b40de011a,PROCESSED,20260224.xlsx,[object Object],2026-02-25T11:00:33.067Z,
f92d7779-8aa3-4a14-870f-e322a6c5cf09,ab6798cb-4ced-40ab-af53-721bbe784fe3,PROCESSED,20260224.xlsx,[object Object],2026-02-25T11:00:33.252Z,
2c4a4f92-3a6f-4fd2-9d32-ff8cd9881f62,70746c9d-9baf-484b-a95a-b9735e392b06,PROCESSED,20260224.xlsx,[object Object],2026-02-25T11:00:33.436Z,
fc0cf6f2-b0dc-4ee0-ba3b-f18d6dba7b39,f3893a81-9a2d-46b3-a4d6-a12766aac9c1,PROCESSED,20260224.xlsx,[object Object],2026-02-25T11:00:33.616Z,
d1cc63e1-e7bc-4ff7-bfda-c632a99191ee,f7e34c11-78ed-4d49-bc12-c462a36e8f5b,PROCESSED,20260224.xlsx,[object Object],2026-02-25T11:00:33.794Z,
62dffad5-2984-49a7-92fa-d694e149ad2e,943a2e0b-7399-4f7e-9fd2-77bcfc913d31,PROCESSED,20260224.xlsx,[object Object],2026-02-25T11:00:33.966Z,
b458dd96-2559-4bec-a169-e8a3563a9734,317c7cdc-7af5-40bc-beab-899d5a9cde51,PROCESSED,20260224.xlsx,[object Object],2026-02-25T11:00:34.136Z,
b63479b3-eb45-46be-abf3-b42e09614e16,74534fe1-9098-4180-8f8f-609f848aa1ef,PROCESSED,20260224.xlsx,[object Object],2026-02-25T11:00:34.312Z,
605c1c11-be37-4733-bb4a-6f0f78a00783,6cec69c8-d400-4431-9502-c0808a146513,PROCESSED,20260224.xlsx,[object Object],2026-02-25T11:00:34.468Z,
7b4d6565-c807-4bd8-8ded-042eb30a88cf,6d50ff1e-edfd-40f5-bbce-bb7757380e3c,PROCESSED,20260224.xlsx,[object Object],2026-02-25T11:00:34.564Z,
471cd171-fee4-418e-bab3-b70852c0c01f,ea4ffcc2-ded5-435f-b8ab-c6dbd6e0fb75,PROCESSED,20260224.xlsx,[object Object],2026-02-25T11:00:34.672Z,
d35bb01a-954e-4e27-8a19-95906c129e22,eef3414e-4689-476c-8f73-0664224bd5d6,PROCESSED,20260224.xlsx,[object Object],2026-02-25T11:00:34.763Z,
165aa027-cb27-4ec1-9da0-404c54474303,0c380b1b-b48f-47b2-8bd6-67b5bf24da2f,PROCESSED,20260224.xlsx,[object Object],2026-02-25T11:00:34.878Z,
2e4e5023-f17a-477b-bc71-999abbdcaffd,8777447e-bacc-4b8f-b92a-72cacfad3da0,PROCESSED,20260224.xlsx,[object Object],2026-02-25T11:00:35.010Z,
61f865ff-52f9-4d63-989a-e59d3bb61777,73da49cc-153d-49b9-adc7-3916f32face9,PROCESSED,20260224.xlsx,[object Object],2026-02-25T11:00:35.120Z,
b394641f-2524-4834-9b29-3fe5961d210e,4bb61e22-be75-47fb-99c9-ca0536267639,PROCESSED,20260224.xlsx,[object Object],2026-02-25T11:00:35.227Z,
14138f1c-39f6-440b-b4c0-c0054283ffe7,0fd5ed76-a523-413a-a34c-2a1a5c120b3f,PROCESSED,20260224.xlsx,[object Object],2026-02-25T11:00:35.360Z,
42c3bfc5-4667-4928-a25f-466b3931456d,517eb11b-8923-4a66-a883-3ece9dc6ae07,PROCESSED,20260224.xlsx,[object Object],2026-02-25T11:00:35.465Z,
47717a97-f7e8-4776-b5a9-26e587262ee1,6585161a-1dbb-4671-9cf2-8be0ca700cdd,PROCESSED,20260224.xlsx,[object Object],2026-02-25T11:00:35.556Z,
606e7df2-f21a-4aa4-bc48-0c26702cfda7,2f99968c-9190-4cd4-8dba-573cbb9895d3,PROCESSED,20260224.xlsx,[object Object],2026-02-25T11:00:35.740Z,
2c890f01-31df-4792-a521-6ddb50f526e3,83e85cdc-5218-4daf-90c1-488447d9659b,PROCESSED,20260224.xlsx,[object Object],2026-02-25T11:00:35.943Z,
e295a43f-4edb-493a-8dd1-4b94bab0ba74,3ffb62ec-0ca4-45d8-8d1f-16bec4deba1c,PROCESSED,20260224.xlsx,[object Object],2026-02-25T11:00:36.129Z,
341896b4-bbd1-4308-b10f-e7c617869ac8,1b4a38b7-ef53-4564-8cc1-8fb99efac52e,PROCESSED,20260224.xlsx,[object Object],2026-02-25T11:00:36.282Z,
2b2e630d-01ab-4e96-8a57-de6db2e518f8,32b59948-f8e1-42de-b3ba-d6444e39d1ae,PROCESSED,20260224.xlsx,[object Object],2026-02-25T11:00:36.480Z,
2fd72418-e822-41b1-a886-52b5cc5d408f,70be8b7b-36f0-4a3d-b2d7-49b0f5bff802,PROCESSED,20260224.xlsx,[object Object],2026-02-25T11:00:36.683Z,
0802b406-7548-49ef-9f73-31095d8d7e74,3b0be51e-ccf6-443f-b3c8-395c66759abe,PROCESSED,20260224.xlsx,[object Object],2026-02-25T11:00:36.884Z,
6bf5f6d3-6d1a-4755-8522-3b0ecdf220d6,260822a5-38de-4642-9ce2-f3d50f952d25,PROCESSED,20260224.xlsx,[object Object],2026-02-25T11:00:37.078Z,
69ed675d-4581-46a9-995b-61f911c43a02,351f0472-67a5-4316-930b-f4096ffdf8c5,PROCESSED,20260224.xlsx,[object Object],2026-02-25T11:00:37.279Z,
f9c10748-5f3b-4b22-8b4a-7dd8d619d80a,f0dab44c-e511-4ed8-9436-d4ab1abed77f,PROCESSED,20260224.xlsx,[object Object],2026-02-25T11:00:37.460Z,
cea619d1-ac6a-408d-be88-03d944effb85,6a9d503c-748e-44b7-aea5-65835c51ff6b,PROCESSED,20260224.xlsx,[object Object],2026-02-25T11:00:37.641Z,
98610acd-39e3-4006-911d-5f08d9aac0d6,7eeb67c1-e05a-41c5-b819-423539f158f1,PROCESSED,20260224.xlsx,[object Object],2026-02-25T11:00:37.830Z,
11b33068-7b6a-4ad1-a161-ec0ea50487b3,543bcf21-ebf3-4098-9474-00e580c96a0f,PROCESSED,20260224.xlsx,[object Object],2026-02-25T11:00:38.012Z,
e933bd6a-aa04-49fa-87f7-35dcbd25be10,92ec1b33-2fd8-4ec3-a4a4-1860861756d1,PROCESSED,20260224.xlsx,[object Object],2026-02-25T11:00:38.190Z,
82352963-07b0-47c6-b00d-d6761846e772,f4d42a8a-34e2-4bce-a251-db58cf0295d3,PROCESSED,20260224.xlsx,[object Object],2026-02-25T11:00:38.373Z,
5f386bca-e7ff-47f0-aeff-9fdf6cfd596a,ef2372ab-02d3-4344-9934-88bbecdf7881,PROCESSED,20260224.xlsx,[object Object],2026-02-25T11:00:38.496Z,
18db4d55-12f1-489b-ad00-4e692c05eedf,fce29462-4317-4544-9cb3-ff8238bc6530,PROCESSED,20260224.xlsx,[object Object],2026-02-25T11:00:38.637Z,
df97f121-922b-46c0-b621-ef8b43d5f395,58084a27-cf9f-4d44-b070-dcb27c3a6f02,PROCESSED,20260224.xlsx,[object Object],2026-02-25T11:00:38.823Z,
4ede0a52-389e-413c-87cb-62bf94fde6ce,9a4b2029-c405-49ee-b827-b40a4203bd22,PROCESSED,20260224.xlsx,[object Object],2026-02-25T11:00:39.009Z,
b89976ba-3480-43fb-a3fc-f9476db4b94e,9aeb3132-f278-431b-9d09-f3bba3145613,PROCESSED,20260224.xlsx,[object Object],2026-02-25T11:00:39.143Z,
b4a8e21b-a15e-43db-af76-0ccf5c8fbc82,67cfac59-6594-49cf-bfaf-6824497c72e2,PROCESSED,20260224.xlsx,[object Object],2026-02-25T11:00:39.253Z,
6dd1d27f-52be-4f58-bafa-fcd745ac8ff2,62594348-3833-411b-8fed-81b2245d29c2,PROCESSED,20260224.xlsx,[object Object],2026-02-25T11:00:39.447Z,
33267593-cfce-416e-967b-76e7ffcc75be,b3edd721-3b6b-4b9f-a98d-aacf668d2ee1,PROCESSED,20260224.xlsx,[object Object],2026-02-25T11:00:39.645Z,
83997969-bb5f-47d7-ad49-c3464844f931,d865afb7-ff85-4c9b-bfd7-9a32f4664e34,PROCESSED,20260224.xlsx,[object Object],2026-02-25T11:15:17.311Z,
f890db58-af29-4f64-8d2f-75beb28026f8,e169de9b-e18f-4a53-aade-923b0f360a35,PROCESSED,20260224.xlsx,[object Object],2026-02-25T11:15:17.596Z,
78889611-6282-498c-85f0-1e95a3524953,c8a6b511-1a98-482f-9d84-5be9ad456e11,PROCESSED,20260224.xlsx,[object Object],2026-02-25T11:15:17.804Z,
676fce35-ad1a-4079-a978-b383f55286c7,4a736fae-a521-4c88-9beb-63af15c44cd4,PROCESSED,20260224.xlsx,[object Object],2026-02-25T11:15:17.982Z,
0d8f5f34-b8a6-434c-85e6-832217607112,43ec63eb-aa87-4ae6-88d6-8a1a8e4fb38a,PROCESSED,20260224.xlsx,[object Object],2026-02-25T11:15:18.159Z,
05725a76-c7b0-4acb-8716-d27d0dd79dca,1744f22b-1e05-4e64-9d13-68614215e5c0,PROCESSED,20260224.xlsx,[object Object],2026-02-25T11:15:18.331Z,
1c6a1390-dcc0-44e5-bdee-292cb52175f9,3cc2177f-b5f0-44d1-8342-4cd437892828,PROCESSED,20260224.xlsx,[object Object],2026-02-25T11:15:18.521Z,
8479f611-777c-4b55-958a-a5016c93a052,e99f625c-0658-4f50-8184-a276c14c9b25,PROCESSED,20260224.xlsx,[object Object],2026-02-25T11:15:18.674Z,
ba16e9f3-e5ff-4bcf-8e38-856da2494b82,cc0f7bae-8255-42a7-b03b-d77b900261e9,PROCESSED,20260224.xlsx,[object Object],2026-02-25T11:15:18.807Z,
bf649c9c-aafc-47ac-b688-42b0167a55a7,7cd4d25e-f97b-4449-9eda-6a4590249fdd,PROCESSED,20260224.xlsx,[object Object],2026-02-25T11:15:18.952Z,
b158f76e-c9ac-430d-bd79-b6ce5ab418af,33a64bc4-3c58-4561-a6ba-fe58c4ececc4,PROCESSED,20260224.xlsx,[object Object],2026-02-25T11:15:19.113Z,
46877a24-326e-4e12-96a6-4057e6068202,151c5a52-830c-431d-88f6-4059c627c357,PROCESSED,20260224.xlsx,[object Object],2026-02-25T11:15:19.271Z,
5a9b4179-7f3d-4d4d-89e6-6cfb07793b13,2bf0e6a8-a208-4a0a-92fb-baeb3fde3184,PROCESSED,20260224.xlsx,[object Object],2026-02-25T11:15:19.424Z,
51c5a221-09ba-4cd0-88b7-b763eb629f32,4f2f65b0-9f03-4c12-9137-600b40de011a,PROCESSED,20260224.xlsx,[object Object],2026-02-25T11:15:19.573Z,
5d31366d-dbfa-42d1-a869-3fa3b8d61b7a,ab6798cb-4ced-40ab-af53-721bbe784fe3,PROCESSED,20260224.xlsx,[object Object],2026-02-25T11:15:19.726Z,
01652e68-258d-4ab8-abcf-1c74cfd3119c,70746c9d-9baf-484b-a95a-b9735e392b06,PROCESSED,20260224.xlsx,[object Object],2026-02-25T11:15:19.888Z,
7885305e-4ce1-4bce-9392-3e88f41398f9,f3893a81-9a2d-46b3-a4d6-a12766aac9c1,PROCESSED,20260224.xlsx,[object Object],2026-02-25T11:15:20.047Z,
b3101abc-5e53-4239-b2e8-366011c9cdcf,f7e34c11-78ed-4d49-bc12-c462a36e8f5b,PROCESSED,20260224.xlsx,[object Object],2026-02-25T11:15:20.194Z,
2888e62d-9b78-4ff5-9aa3-2e574e66d846,943a2e0b-7399-4f7e-9fd2-77bcfc913d31,PROCESSED,20260224.xlsx,[object Object],2026-02-25T11:15:20.309Z,
32b80661-53a3-4bca-b8cc-251756f325d3,317c7cdc-7af5-40bc-beab-899d5a9cde51,PROCESSED,20260224.xlsx,[object Object],2026-02-25T11:15:20.429Z,
a4034bca-bfde-4c02-9ed7-aac8f73a993b,74534fe1-9098-4180-8f8f-609f848aa1ef,PROCESSED,20260224.xlsx,[object Object],2026-02-25T11:15:20.544Z,
0bfc41cc-655c-47ca-8827-0d60cae74be9,6cec69c8-d400-4431-9502-c0808a146513,PROCESSED,20260224.xlsx,[object Object],2026-02-25T11:15:20.662Z,
9187a82f-526a-4dea-8fd9-c388b7b8309f,6d50ff1e-edfd-40f5-bbce-bb7757380e3c,PROCESSED,20260224.xlsx,[object Object],2026-02-25T11:15:20.780Z,
bed5617a-6f03-49d0-b7b2-92173db37322,ea4ffcc2-ded5-435f-b8ab-c6dbd6e0fb75,PROCESSED,20260224.xlsx,[object Object],2026-02-25T11:15:20.912Z,
adffb32f-2d81-4284-9d16-8f791b7477bc,eef3414e-4689-476c-8f73-0664224bd5d6,PROCESSED,20260224.xlsx,[object Object],2026-02-25T11:15:21.034Z,
23ee2bf1-708d-450e-8467-53369e77c26a,0c380b1b-b48f-47b2-8bd6-67b5bf24da2f,PROCESSED,20260224.xlsx,[object Object],2026-02-25T11:15:21.151Z,
97f7b858-e958-4907-95bc-a3d7b3dfb36a,8777447e-bacc-4b8f-b92a-72cacfad3da0,PROCESSED,20260224.xlsx,[object Object],2026-02-25T11:15:21.267Z,
3ed81059-0083-4acf-a258-e588998b929e,73da49cc-153d-49b9-adc7-3916f32face9,PROCESSED,20260224.xlsx,[object Object],2026-02-25T11:15:21.382Z,
62851a0f-c900-4d71-801e-d0b1ddd9e1f2,4bb61e22-be75-47fb-99c9-ca0536267639,PROCESSED,20260224.xlsx,[object Object],2026-02-25T11:15:21.495Z,
80329173-4161-4f85-b21d-674304de6c10,0fd5ed76-a523-413a-a34c-2a1a5c120b3f,PROCESSED,20260224.xlsx,[object Object],2026-02-25T11:15:21.623Z,
99b69481-8162-430e-af84-e56998f6963f,517eb11b-8923-4a66-a883-3ece9dc6ae07,PROCESSED,20260224.xlsx,[object Object],2026-02-25T11:15:21.757Z,
b230e880-e461-474b-a4bf-98d2020497e3,6585161a-1dbb-4671-9cf2-8be0ca700cdd,PROCESSED,20260224.xlsx,[object Object],2026-02-25T11:15:21.872Z,
95547149-f256-476f-aed6-20bedee534dd,2f99968c-9190-4cd4-8dba-573cbb9895d3,PROCESSED,20260224.xlsx,[object Object],2026-02-25T11:15:21.997Z,
489720c5-6d92-48e5-8ae9-276e0955c1ef,83e85cdc-5218-4daf-90c1-488447d9659b,PROCESSED,20260224.xlsx,[object Object],2026-02-25T11:15:22.131Z,
564ee45c-a4d5-4ad3-924e-a63572f6ce1a,3ffb62ec-0ca4-45d8-8d1f-16bec4deba1c,PROCESSED,20260224.xlsx,[object Object],2026-02-25T11:15:22.252Z,
64b24822-daa0-4bac-a3a4-92e56e1d58f4,1b4a38b7-ef53-4564-8cc1-8fb99efac52e,PROCESSED,20260224.xlsx,[object Object],2026-02-25T11:15:22.372Z,
51fe5805-2616-4e0e-af49-5c7196886ae3,32b59948-f8e1-42de-b3ba-d6444e39d1ae,PROCESSED,20260224.xlsx,[object Object],2026-02-25T11:15:22.488Z,
06be52a4-c8fc-449c-ad06-28097d0ddd43,70be8b7b-36f0-4a3d-b2d7-49b0f5bff802,PROCESSED,20260224.xlsx,[object Object],2026-02-25T11:15:22.617Z,
4cd9160b-69a1-4def-9fae-ad089aebf878,3b0be51e-ccf6-443f-b3c8-395c66759abe,PROCESSED,20260224.xlsx,[object Object],2026-02-25T11:15:22.724Z,
35cafc39-7f3e-4a6a-a3cb-d261a2ab21ad,260822a5-38de-4642-9ce2-f3d50f952d25,PROCESSED,20260224.xlsx,[object Object],2026-02-25T11:15:22.828Z,
f2f017b6-b29f-4637-b166-dcffb7ac0d3c,351f0472-67a5-4316-930b-f4096ffdf8c5,PROCESSED,20260224.xlsx,[object Object],2026-02-25T11:15:22.933Z,
4f053430-fc32-471c-9918-d695b5d4bbcf,f0dab44c-e511-4ed8-9436-d4ab1abed77f,PROCESSED,20260224.xlsx,[object Object],2026-02-25T11:15:23.040Z,
64400c6c-8d3e-41b8-9adf-14a10195d0df,6a9d503c-748e-44b7-aea5-65835c51ff6b,PROCESSED,20260224.xlsx,[object Object],2026-02-25T11:15:23.149Z,
dc628ed2-2b0c-40a8-a363-ce4b0eddba1b,7eeb67c1-e05a-41c5-b819-423539f158f1,PROCESSED,20260224.xlsx,[object Object],2026-02-25T11:15:23.256Z,
6f9ff54f-5106-485b-b3b3-7492278ad095,543bcf21-ebf3-4098-9474-00e580c96a0f,PROCESSED,20260224.xlsx,[object Object],2026-02-25T11:15:23.363Z,
c421af14-e2a3-44ad-91f5-57f8726e15db,92ec1b33-2fd8-4ec3-a4a4-1860861756d1,PROCESSED,20260224.xlsx,[object Object],2026-02-25T11:15:23.467Z,
88f5842a-684f-4c9d-b18e-b9083a2f4c12,f4d42a8a-34e2-4bce-a251-db58cf0295d3,PROCESSED,20260224.xlsx,[object Object],2026-02-25T11:15:23.582Z,
9162211d-bb4a-4cd5-8956-be26cc4b510b,ef2372ab-02d3-4344-9934-88bbecdf7881,PROCESSED,20260224.xlsx,[object Object],2026-02-25T11:15:23.712Z,
6410773f-ccda-4aaa-92eb-4a1bbe6b2a26,fce29462-4317-4544-9cb3-ff8238bc6530,PROCESSED,20260224.xlsx,[object Object],2026-02-25T11:15:23.844Z,
46d04d70-1093-4f23-9815-f34ef4bab7b6,58084a27-cf9f-4d44-b070-dcb27c3a6f02,PROCESSED,20260224.xlsx,[object Object],2026-02-25T11:15:23.957Z,
2ec71bc4-82da-4b9f-a35a-da9bb1b4324e,9a4b2029-c405-49ee-b827-b40a4203bd22,PROCESSED,20260224.xlsx,[object Object],2026-02-25T11:15:24.071Z,
02fbfd31-0c1a-4157-9044-16ce314d24e5,9aeb3132-f278-431b-9d09-f3bba3145613,PROCESSED,20260224.xlsx,[object Object],2026-02-25T11:15:24.181Z,
3daa567d-a209-4d9f-826c-bcfc44cdab4d,67cfac59-6594-49cf-bfaf-6824497c72e2,PROCESSED,20260224.xlsx,[object Object],2026-02-25T11:15:24.288Z,
8ade3438-b6cf-4611-a358-3c2f7c81a3ff,62594348-3833-411b-8fed-81b2245d29c2,PROCESSED,20260224.xlsx,[object Object],2026-02-25T11:15:24.400Z,
b9958714-b663-4756-992e-369bc44d50eb,b3edd721-3b6b-4b9f-a98d-aacf668d2ee1,PROCESSED,20260224.xlsx,[object Object],2026-02-25T11:15:24.511Z,
8bcdffa9-c55d-4f9a-8e13-e1d35e8dd9d9,d865afb7-ff85-4c9b-bfd7-9a32f4664e34,SUCCESS,20250331.xlsx,,2026-04-22T13:53:59.686Z,6c04eeac-3b6d-44b8-b46a-12bc78c6a2f7
e78c3f27-f7dd-4b9c-9b85-0884ed34ef4f,e169de9b-e18f-4a53-aade-923b0f360a35,SUCCESS,20250331.xlsx,,2026-04-22T13:53:59.716Z,6c04eeac-3b6d-44b8-b46a-12bc78c6a2f7
2940c016-02f0-43dd-9e75-a6195d313811,c8a6b511-1a98-482f-9d84-5be9ad456e11,SUCCESS,20250331.xlsx,,2026-04-22T13:53:59.731Z,6c04eeac-3b6d-44b8-b46a-12bc78c6a2f7
ddadc6b2-d792-4bd5-9d5c-b39ce86fe4b2,4a736fae-a521-4c88-9beb-63af15c44cd4,SUCCESS,20250331.xlsx,,2026-04-22T13:53:59.748Z,6c04eeac-3b6d-44b8-b46a-12bc78c6a2f7
eb706bf1-0a1b-48dd-bc6c-15e1acd749fd,43ec63eb-aa87-4ae6-88d6-8a1a8e4fb38a,SUCCESS,20250331.xlsx,,2026-04-22T13:53:59.762Z,6c04eeac-3b6d-44b8-b46a-12bc78c6a2f7
80938461-2cfb-4212-aa0b-878caf0b8358,1744f22b-1e05-4e64-9d13-68614215e5c0,SUCCESS,20250331.xlsx,,2026-04-22T13:53:59.775Z,6c04eeac-3b6d-44b8-b46a-12bc78c6a2f7
3b4130ac-e6b6-4a35-b123-f028038c6709,3cc2177f-b5f0-44d1-8342-4cd437892828,SUCCESS,20250331.xlsx,,2026-04-22T13:53:59.788Z,6c04eeac-3b6d-44b8-b46a-12bc78c6a2f7
fe346572-443e-4bda-b23c-4c8a37d12753,e99f625c-0658-4f50-8184-a276c14c9b25,SUCCESS,20250331.xlsx,,2026-04-22T13:53:59.800Z,6c04eeac-3b6d-44b8-b46a-12bc78c6a2f7
de19980a-d819-4d44-ae41-d8aa2e87d9e6,cc0f7bae-8255-42a7-b03b-d77b900261e9,SUCCESS,20250331.xlsx,,2026-04-22T13:53:59.811Z,6c04eeac-3b6d-44b8-b46a-12bc78c6a2f7
fed3d221-d245-40a6-a694-109ff1092a35,7cd4d25e-f97b-4449-9eda-6a4590249fdd,SUCCESS,20250331.xlsx,,2026-04-22T13:53:59.819Z,6c04eeac-3b6d-44b8-b46a-12bc78c6a2f7
e86986dd-321d-4771-bb69-debcc5037eb9,33a64bc4-3c58-4561-a6ba-fe58c4ececc4,SUCCESS,20250331.xlsx,,2026-04-22T13:53:59.828Z,6c04eeac-3b6d-44b8-b46a-12bc78c6a2f7
734a0925-8217-4f43-a390-10e0332fa129,151c5a52-830c-431d-88f6-4059c627c357,SUCCESS,20250331.xlsx,,2026-04-22T13:53:59.834Z,6c04eeac-3b6d-44b8-b46a-12bc78c6a2f7
9f762a6a-bfa0-4d51-a20d-290415bc3ee7,2bf0e6a8-a208-4a0a-92fb-baeb3fde3184,SUCCESS,20250331.xlsx,,2026-04-22T13:53:59.844Z,6c04eeac-3b6d-44b8-b46a-12bc78c6a2f7
72f1aeef-ee11-41e0-97e3-d2506259e262,4f2f65b0-9f03-4c12-9137-600b40de011a,SUCCESS,20250331.xlsx,,2026-04-22T13:53:59.853Z,6c04eeac-3b6d-44b8-b46a-12bc78c6a2f7
76636073-750e-4bd4-88c9-5649214cc6b8,ab6798cb-4ced-40ab-af53-721bbe784fe3,SUCCESS,20250331.xlsx,,2026-04-22T13:53:59.863Z,6c04eeac-3b6d-44b8-b46a-12bc78c6a2f7
7a729c20-ca62-43f0-84d6-8eeb4f06d60f,70746c9d-9baf-484b-a95a-b9735e392b06,SUCCESS,20250331.xlsx,,2026-04-22T13:53:59.875Z,6c04eeac-3b6d-44b8-b46a-12bc78c6a2f7
4d7d7c4c-43b5-4aed-9a35-e68bc5d5bf4a,f3893a81-9a2d-46b3-a4d6-a12766aac9c1,SUCCESS,20250331.xlsx,,2026-04-22T13:53:59.885Z,6c04eeac-3b6d-44b8-b46a-12bc78c6a2f7
75c20af1-f774-4a44-8f86-b4b22d4f5c7b,f7e34c11-78ed-4d49-bc12-c462a36e8f5b,SUCCESS,20250331.xlsx,,2026-04-22T13:53:59.902Z,6c04eeac-3b6d-44b8-b46a-12bc78c6a2f7
10431cb7-ca78-4390-955b-60ce95492af6,943a2e0b-7399-4f7e-9fd2-77bcfc913d31,SUCCESS,20250331.xlsx,,2026-04-22T13:53:59.915Z,6c04eeac-3b6d-44b8-b46a-12bc78c6a2f7
67e69cbd-34d9-4e05-977a-94a45b826d56,317c7cdc-7af5-40bc-beab-899d5a9cde51,SUCCESS,20250331.xlsx,,2026-04-22T13:53:59.924Z,6c04eeac-3b6d-44b8-b46a-12bc78c6a2f7
8c649399-e31c-4697-bd72-88f49ec13f8b,74534fe1-9098-4180-8f8f-609f848aa1ef,SUCCESS,20250331.xlsx,,2026-04-22T13:53:59.933Z,6c04eeac-3b6d-44b8-b46a-12bc78c6a2f7
9c92197e-1729-4a3d-9c1d-706b5bdd4e4c,6cec69c8-d400-4431-9502-c0808a146513,SUCCESS,20250331.xlsx,,2026-04-22T13:53:59.943Z,6c04eeac-3b6d-44b8-b46a-12bc78c6a2f7
752e1942-f3ee-4105-a610-70a4669007e0,6d50ff1e-edfd-40f5-bbce-bb7757380e3c,SUCCESS,20250331.xlsx,,2026-04-22T13:53:59.952Z,6c04eeac-3b6d-44b8-b46a-12bc78c6a2f7
4a189faa-9d31-4182-a18e-94df1ca11eae,ea4ffcc2-ded5-435f-b8ab-c6dbd6e0fb75,SUCCESS,20250331.xlsx,,2026-04-22T13:53:59.962Z,6c04eeac-3b6d-44b8-b46a-12bc78c6a2f7
c7272a5b-0f97-4c5c-953a-0b2ede2ed6fd,eef3414e-4689-476c-8f73-0664224bd5d6,SUCCESS,20250331.xlsx,,2026-04-22T13:53:59.970Z,6c04eeac-3b6d-44b8-b46a-12bc78c6a2f7
bbead007-5965-458c-b0bf-eb7ad73706d4,0c380b1b-b48f-47b2-8bd6-67b5bf24da2f,SUCCESS,20250331.xlsx,,2026-04-22T13:53:59.979Z,6c04eeac-3b6d-44b8-b46a-12bc78c6a2f7
32894c26-5d0e-471e-8455-3147f5b891c6,8777447e-bacc-4b8f-b92a-72cacfad3da0,SUCCESS,20250331.xlsx,,2026-04-22T13:53:59.986Z,6c04eeac-3b6d-44b8-b46a-12bc78c6a2f7
e9b1b14a-8a38-4258-bf35-2224c6a1ad11,73da49cc-153d-49b9-adc7-3916f32face9,SUCCESS,20250331.xlsx,,2026-04-22T13:53:59.995Z,6c04eeac-3b6d-44b8-b46a-12bc78c6a2f7
9b2b84e3-172f-439b-8324-d27acd098c92,4bb61e22-be75-47fb-99c9-ca0536267639,SUCCESS,20250331.xlsx,,2026-04-22T13:54:00.003Z,6c04eeac-3b6d-44b8-b46a-12bc78c6a2f7
dabddb3a-f805-48f9-840c-a6af8dfc6da3,0fd5ed76-a523-413a-a34c-2a1a5c120b3f,SUCCESS,20250331.xlsx,,2026-04-22T13:54:00.012Z,6c04eeac-3b6d-44b8-b46a-12bc78c6a2f7
9c008bf2-fea7-4caf-aa91-778b354af3e9,517eb11b-8923-4a66-a883-3ece9dc6ae07,SUCCESS,20250331.xlsx,,2026-04-22T13:54:00.021Z,6c04eeac-3b6d-44b8-b46a-12bc78c6a2f7
64e135ca-4b17-442c-80d5-33bc32bee58d,6585161a-1dbb-4671-9cf2-8be0ca700cdd,SUCCESS,20250331.xlsx,,2026-04-22T13:54:00.032Z,6c04eeac-3b6d-44b8-b46a-12bc78c6a2f7
0b633b87-2d30-40bf-8ca4-16ea7258a522,2f99968c-9190-4cd4-8dba-573cbb9895d3,SUCCESS,20250331.xlsx,,2026-04-22T13:54:00.038Z,6c04eeac-3b6d-44b8-b46a-12bc78c6a2f7
c99211fd-64f1-4b6c-af95-a34fc4f36067,83e85cdc-5218-4daf-90c1-488447d9659b,SUCCESS,20250331.xlsx,,2026-04-22T13:54:00.049Z,6c04eeac-3b6d-44b8-b46a-12bc78c6a2f7
ead1aac8-60f8-4d5d-a806-b026af41cf07,3ffb62ec-0ca4-45d8-8d1f-16bec4deba1c,SUCCESS,20250331.xlsx,,2026-04-22T13:54:00.059Z,6c04eeac-3b6d-44b8-b46a-12bc78c6a2f7
ec81e02c-1a49-4cd7-8078-7c81dc0f069e,1b4a38b7-ef53-4564-8cc1-8fb99efac52e,SUCCESS,20250331.xlsx,,2026-04-22T13:54:00.070Z,6c04eeac-3b6d-44b8-b46a-12bc78c6a2f7
94789a27-a5de-4b38-bd02-92d2ac43fe2d,32b59948-f8e1-42de-b3ba-d6444e39d1ae,SUCCESS,20250331.xlsx,,2026-04-22T13:54:00.081Z,6c04eeac-3b6d-44b8-b46a-12bc78c6a2f7
c87cfe08-1065-4b6b-ad7c-066199074287,70be8b7b-36f0-4a3d-b2d7-49b0f5bff802,SUCCESS,20250331.xlsx,,2026-04-22T13:54:00.088Z,6c04eeac-3b6d-44b8-b46a-12bc78c6a2f7
9d41f7e9-2890-402f-b8b8-66523c9bc8ac,3b0be51e-ccf6-443f-b3c8-395c66759abe,SUCCESS,20250331.xlsx,,2026-04-22T13:54:00.097Z,6c04eeac-3b6d-44b8-b46a-12bc78c6a2f7
c5372b3d-79d3-40ea-a002-dd8556044c91,260822a5-38de-4642-9ce2-f3d50f952d25,SUCCESS,20250331.xlsx,,2026-04-22T13:54:00.106Z,6c04eeac-3b6d-44b8-b46a-12bc78c6a2f7
9b03dee2-2728-4444-9d24-932f46d22589,351f0472-67a5-4316-930b-f4096ffdf8c5,SUCCESS,20250331.xlsx,,2026-04-22T13:54:00.114Z,6c04eeac-3b6d-44b8-b46a-12bc78c6a2f7
6a885161-68d4-43d3-b71c-faf1987329ee,f0dab44c-e511-4ed8-9436-d4ab1abed77f,SUCCESS,20250331.xlsx,,2026-04-22T13:54:00.121Z,6c04eeac-3b6d-44b8-b46a-12bc78c6a2f7
e8c45d27-82fd-461d-b77c-57e00a4cbce8,6a9d503c-748e-44b7-aea5-65835c51ff6b,SUCCESS,20250331.xlsx,,2026-04-22T13:54:00.130Z,6c04eeac-3b6d-44b8-b46a-12bc78c6a2f7
abd0e065-9999-4c07-9921-f3fd26c94ee7,7eeb67c1-e05a-41c5-b819-423539f158f1,SUCCESS,20250331.xlsx,,2026-04-22T13:54:00.138Z,6c04eeac-3b6d-44b8-b46a-12bc78c6a2f7
796ed883-1340-47a7-b8b1-c2d28bbb2422,543bcf21-ebf3-4098-9474-00e580c96a0f,SUCCESS,20250331.xlsx,,2026-04-22T13:54:00.147Z,6c04eeac-3b6d-44b8-b46a-12bc78c6a2f7
33027815-d743-4d71-bbd7-eb0ece9ceae7,92ec1b33-2fd8-4ec3-a4a4-1860861756d1,SUCCESS,20250331.xlsx,,2026-04-22T13:54:00.157Z,6c04eeac-3b6d-44b8-b46a-12bc78c6a2f7
398eb678-e97e-4d3c-bc99-167f00b34b96,f4d42a8a-34e2-4bce-a251-db58cf0295d3,SUCCESS,20250331.xlsx,,2026-04-22T13:54:00.166Z,6c04eeac-3b6d-44b8-b46a-12bc78c6a2f7
402a8da1-1a33-4105-9fc0-78cf1666652e,ef2372ab-02d3-4344-9934-88bbecdf7881,SUCCESS,20250331.xlsx,,2026-04-22T13:54:00.174Z,6c04eeac-3b6d-44b8-b46a-12bc78c6a2f7
ea3a0891-bab4-43ba-88cd-a054031a278b,fce29462-4317-4544-9cb3-ff8238bc6530,SUCCESS,20250331.xlsx,,2026-04-22T13:54:00.184Z,6c04eeac-3b6d-44b8-b46a-12bc78c6a2f7
4ae4d08c-0edb-4023-aff7-6af29305a5d1,58084a27-cf9f-4d44-b070-dcb27c3a6f02,SUCCESS,20250331.xlsx,,2026-04-22T13:54:00.190Z,6c04eeac-3b6d-44b8-b46a-12bc78c6a2f7
1d1e0a52-21b4-415c-bf80-b57e7aa4f384,9a4b2029-c405-49ee-b827-b40a4203bd22,SUCCESS,20250331.xlsx,,2026-04-22T13:54:00.199Z,6c04eeac-3b6d-44b8-b46a-12bc78c6a2f7
b2c34739-e969-476e-adac-26e43999648c,9aeb3132-f278-431b-9d09-f3bba3145613,SUCCESS,20250331.xlsx,,2026-04-22T13:54:00.207Z,6c04eeac-3b6d-44b8-b46a-12bc78c6a2f7
e9ef3c10-5f22-476d-ab74-a36743098b31,67cfac59-6594-49cf-bfaf-6824497c72e2,SUCCESS,20250331.xlsx,,2026-04-22T13:54:00.217Z,6c04eeac-3b6d-44b8-b46a-12bc78c6a2f7
94d0df99-d648-4d9a-8e62-a2fb496adbb0,62594348-3833-411b-8fed-81b2245d29c2,SUCCESS,20250331.xlsx,,2026-04-22T13:54:00.227Z,6c04eeac-3b6d-44b8-b46a-12bc78c6a2f7
3f34ab9a-1b8c-44b6-b93a-1d6032e3ac8e,b3edd721-3b6b-4b9f-a98d-aacf668d2ee1,SUCCESS,20250331.xlsx,,2026-04-22T13:54:00.236Z,6c04eeac-3b6d-44b8-b46a-12bc78c6a2f7
18bee7ca-1ee1-4dc4-b577-22def3a823e1,d865afb7-ff85-4c9b-bfd7-9a32f4664e34,SUCCESS,20260331.xlsx,,2026-04-22T13:54:09.009Z,868aa07e-236f-4eb0-829e-7c7bf11f9630
9961f7cc-c780-40a2-8a2a-48624092e665,e169de9b-e18f-4a53-aade-923b0f360a35,SUCCESS,20260331.xlsx,,2026-04-22T13:54:09.026Z,868aa07e-236f-4eb0-829e-7c7bf11f9630
35395eb7-ac22-4603-9e70-f1fac11bd57b,c8a6b511-1a98-482f-9d84-5be9ad456e11,SUCCESS,20260331.xlsx,,2026-04-22T13:54:09.035Z,868aa07e-236f-4eb0-829e-7c7bf11f9630
11e5fbc4-d073-4113-9e2b-2e515c48dd7f,4a736fae-a521-4c88-9beb-63af15c44cd4,SUCCESS,20260331.xlsx,,2026-04-22T13:54:09.045Z,868aa07e-236f-4eb0-829e-7c7bf11f9630
e3690a0d-fc0d-494f-be82-8ad5d21ae42e,43ec63eb-aa87-4ae6-88d6-8a1a8e4fb38a,SUCCESS,20260331.xlsx,,2026-04-22T13:54:09.052Z,868aa07e-236f-4eb0-829e-7c7bf11f9630
8d68299b-8b6f-4c29-9641-87912bfc2a02,1744f22b-1e05-4e64-9d13-68614215e5c0,SUCCESS,20260331.xlsx,,2026-04-22T13:54:09.062Z,868aa07e-236f-4eb0-829e-7c7bf11f9630
8c3b7935-c858-484b-90da-4f452cfc42d4,3cc2177f-b5f0-44d1-8342-4cd437892828,SUCCESS,20260331.xlsx,,2026-04-22T13:54:09.070Z,868aa07e-236f-4eb0-829e-7c7bf11f9630
34237c3e-aa7f-4ca6-a622-9942e2c98cda,e99f625c-0658-4f50-8184-a276c14c9b25,SUCCESS,20260331.xlsx,,2026-04-22T13:54:09.079Z,868aa07e-236f-4eb0-829e-7c7bf11f9630
8a84a177-723a-42de-8fee-b6ee68f181e3,cc0f7bae-8255-42a7-b03b-d77b900261e9,SUCCESS,20260331.xlsx,,2026-04-22T13:54:09.086Z,868aa07e-236f-4eb0-829e-7c7bf11f9630
f62bc6fa-3be7-41c6-9f3d-0cb93073867b,7cd4d25e-f97b-4449-9eda-6a4590249fdd,SUCCESS,20260331.xlsx,,2026-04-22T13:54:09.096Z,868aa07e-236f-4eb0-829e-7c7bf11f9630
db9d0269-2789-4a2f-bcc3-439fdb9b999f,33a64bc4-3c58-4561-a6ba-fe58c4ececc4,SUCCESS,20260331.xlsx,,2026-04-22T13:54:09.103Z,868aa07e-236f-4eb0-829e-7c7bf11f9630
a9e0641e-de71-4931-a416-a347b5dc21bc,151c5a52-830c-431d-88f6-4059c627c357,SUCCESS,20260331.xlsx,,2026-04-22T13:54:09.112Z,868aa07e-236f-4eb0-829e-7c7bf11f9630
b1e8cd51-c38f-4a57-8cbb-a4495f5d46e7,2bf0e6a8-a208-4a0a-92fb-baeb3fde3184,SUCCESS,20260331.xlsx,,2026-04-22T13:54:09.122Z,868aa07e-236f-4eb0-829e-7c7bf11f9630
6e96a0fa-4cc7-4312-9eab-f366d31b1499,4f2f65b0-9f03-4c12-9137-600b40de011a,SUCCESS,20260331.xlsx,,2026-04-22T13:54:09.133Z,868aa07e-236f-4eb0-829e-7c7bf11f9630
abc4a123-05cc-4de8-8761-1a8515e06b65,ab6798cb-4ced-40ab-af53-721bbe784fe3,SUCCESS,20260331.xlsx,,2026-04-22T13:54:09.145Z,868aa07e-236f-4eb0-829e-7c7bf11f9630
2090f740-5788-4e6c-8dd9-8f41535106d2,70746c9d-9baf-484b-a95a-b9735e392b06,SUCCESS,20260331.xlsx,,2026-04-22T13:54:09.153Z,868aa07e-236f-4eb0-829e-7c7bf11f9630
dcd59f14-7077-4571-92b6-87822d027df9,f3893a81-9a2d-46b3-a4d6-a12766aac9c1,SUCCESS,20260331.xlsx,,2026-04-22T13:54:09.162Z,868aa07e-236f-4eb0-829e-7c7bf11f9630
67752d53-fe8c-4050-957a-9a75a4166d7f,f7e34c11-78ed-4d49-bc12-c462a36e8f5b,SUCCESS,20260331.xlsx,,2026-04-22T13:54:09.169Z,868aa07e-236f-4eb0-829e-7c7bf11f9630
c6881189-72b3-49ec-90eb-18bf20d1db3a,943a2e0b-7399-4f7e-9fd2-77bcfc913d31,SUCCESS,20260331.xlsx,,2026-04-22T13:54:09.178Z,868aa07e-236f-4eb0-829e-7c7bf11f9630
bc9dba4c-ad23-41c2-aaf8-c6403f4f6a90,317c7cdc-7af5-40bc-beab-899d5a9cde51,SUCCESS,20260331.xlsx,,2026-04-22T13:54:09.185Z,868aa07e-236f-4eb0-829e-7c7bf11f9630
fdba03ec-ea07-43e2-b14a-cb58e1443bf0,74534fe1-9098-4180-8f8f-609f848aa1ef,SUCCESS,20260331.xlsx,,2026-04-22T13:54:09.194Z,868aa07e-236f-4eb0-829e-7c7bf11f9630
b7aacd4d-903d-47e9-b783-54b5a75231b8,6cec69c8-d400-4431-9502-c0808a146513,SUCCESS,20260331.xlsx,,2026-04-22T13:54:09.205Z,868aa07e-236f-4eb0-829e-7c7bf11f9630
46c9849c-2d2a-4f06-8365-3abeba4f9e8b,6d50ff1e-edfd-40f5-bbce-bb7757380e3c,SUCCESS,20260331.xlsx,,2026-04-22T13:54:09.215Z,868aa07e-236f-4eb0-829e-7c7bf11f9630
50a79f40-6b42-4618-87be-8b7d60c80db2,ea4ffcc2-ded5-435f-b8ab-c6dbd6e0fb75,SUCCESS,20260331.xlsx,,2026-04-22T13:54:09.224Z,868aa07e-236f-4eb0-829e-7c7bf11f9630
4c9fdc26-509c-45e1-a096-7e3735d5db1f,eef3414e-4689-476c-8f73-0664224bd5d6,SUCCESS,20260331.xlsx,,2026-04-22T13:54:09.232Z,868aa07e-236f-4eb0-829e-7c7bf11f9630
bf7718c3-b707-410b-a877-cc0d766af3d2,0c380b1b-b48f-47b2-8bd6-67b5bf24da2f,SUCCESS,20260331.xlsx,,2026-04-22T13:54:09.241Z,868aa07e-236f-4eb0-829e-7c7bf11f9630
19ff0dac-1b3f-45d3-8523-eef1feeedad4,8777447e-bacc-4b8f-b92a-72cacfad3da0,SUCCESS,20260331.xlsx,,2026-04-22T13:54:09.249Z,868aa07e-236f-4eb0-829e-7c7bf11f9630
40393c9f-7fa5-4cc9-868b-b34c9c288fc7,73da49cc-153d-49b9-adc7-3916f32face9,SUCCESS,20260331.xlsx,,2026-04-22T13:54:09.258Z,868aa07e-236f-4eb0-829e-7c7bf11f9630
0d0b07f5-80b2-4aaf-a1f4-f1ba39d93980,4bb61e22-be75-47fb-99c9-ca0536267639,SUCCESS,20260331.xlsx,,2026-04-22T13:54:09.266Z,868aa07e-236f-4eb0-829e-7c7bf11f9630
f3a27874-6484-4e62-99ad-e706bdb8ddef,0fd5ed76-a523-413a-a34c-2a1a5c120b3f,SUCCESS,20260331.xlsx,,2026-04-22T13:54:09.275Z,868aa07e-236f-4eb0-829e-7c7bf11f9630
2ecf27ff-aef6-4b6c-a33e-ce14197df74b,517eb11b-8923-4a66-a883-3ece9dc6ae07,SUCCESS,20260331.xlsx,,2026-04-22T13:54:09.283Z,868aa07e-236f-4eb0-829e-7c7bf11f9630
1dbef7de-2255-4ddf-acf4-4081c1da7a77,6585161a-1dbb-4671-9cf2-8be0ca700cdd,SUCCESS,20260331.xlsx,,2026-04-22T13:54:09.293Z,868aa07e-236f-4eb0-829e-7c7bf11f9630
32076b39-a108-4fca-a970-cdec09318d93,2f99968c-9190-4cd4-8dba-573cbb9895d3,SUCCESS,20260331.xlsx,,2026-04-22T13:54:09.301Z,868aa07e-236f-4eb0-829e-7c7bf11f9630
e26be817-1699-4995-8e27-71545a394bc6,83e85cdc-5218-4daf-90c1-488447d9659b,SUCCESS,20260331.xlsx,,2026-04-22T13:54:09.310Z,868aa07e-236f-4eb0-829e-7c7bf11f9630
af0f0486-eb70-4bcd-a4c0-6501857ef927,3ffb62ec-0ca4-45d8-8d1f-16bec4deba1c,SUCCESS,20260331.xlsx,,2026-04-22T13:54:09.317Z,868aa07e-236f-4eb0-829e-7c7bf11f9630
4aaac18d-96e4-4f8d-8c13-0abd8c9d68a2,1b4a38b7-ef53-4564-8cc1-8fb99efac52e,SUCCESS,20260331.xlsx,,2026-04-22T13:54:09.326Z,868aa07e-236f-4eb0-829e-7c7bf11f9630
406b9513-034a-4735-afde-011f63a43410,32b59948-f8e1-42de-b3ba-d6444e39d1ae,SUCCESS,20260331.xlsx,,2026-04-22T13:54:09.334Z,868aa07e-236f-4eb0-829e-7c7bf11f9630
7a6639b4-da69-4121-a8f4-8bb361adcc63,70be8b7b-36f0-4a3d-b2d7-49b0f5bff802,SUCCESS,20260331.xlsx,,2026-04-22T13:54:09.343Z,868aa07e-236f-4eb0-829e-7c7bf11f9630
8ae14a50-c84f-42b4-9369-3512cb327586,3b0be51e-ccf6-443f-b3c8-395c66759abe,SUCCESS,20260331.xlsx,,2026-04-22T13:54:09.353Z,868aa07e-236f-4eb0-829e-7c7bf11f9630
8ddbf984-7f93-4812-9b74-0d7ad3c376bd,260822a5-38de-4642-9ce2-f3d50f952d25,SUCCESS,20260331.xlsx,,2026-04-22T13:54:09.363Z,868aa07e-236f-4eb0-829e-7c7bf11f9630
39b1a3a1-dc06-4557-a830-e067750a0ac0,351f0472-67a5-4316-930b-f4096ffdf8c5,SUCCESS,20260331.xlsx,,2026-04-22T13:54:09.372Z,868aa07e-236f-4eb0-829e-7c7bf11f9630
a8c117a7-33a5-4e31-8165-0da9e44a0f2b,f0dab44c-e511-4ed8-9436-d4ab1abed77f,SUCCESS,20260331.xlsx,,2026-04-22T13:54:09.381Z,868aa07e-236f-4eb0-829e-7c7bf11f9630
895ad277-3638-4e52-8513-46ee84ad8e41,6a9d503c-748e-44b7-aea5-65835c51ff6b,SUCCESS,20260331.xlsx,,2026-04-22T13:54:09.390Z,868aa07e-236f-4eb0-829e-7c7bf11f9630
f7ad2f47-68e1-4c62-a1bf-e7fdc16de2fe,7eeb67c1-e05a-41c5-b819-423539f158f1,SUCCESS,20260331.xlsx,,2026-04-22T13:54:09.400Z,868aa07e-236f-4eb0-829e-7c7bf11f9630
556c905e-8e35-449a-95a4-f939459dbe3f,543bcf21-ebf3-4098-9474-00e580c96a0f,SUCCESS,20260331.xlsx,,2026-04-22T13:54:09.409Z,868aa07e-236f-4eb0-829e-7c7bf11f9630
341ddbe6-3cfd-46e6-b8e4-723087e8548b,92ec1b33-2fd8-4ec3-a4a4-1860861756d1,SUCCESS,20260331.xlsx,,2026-04-22T13:54:09.419Z,868aa07e-236f-4eb0-829e-7c7bf11f9630
c82116cb-6af0-45a7-a465-51ff4e314797,f4d42a8a-34e2-4bce-a251-db58cf0295d3,SUCCESS,20260331.xlsx,,2026-04-22T13:54:09.432Z,868aa07e-236f-4eb0-829e-7c7bf11f9630
804ad3f0-af9a-4562-adba-ec845d194896,ef2372ab-02d3-4344-9934-88bbecdf7881,SUCCESS,20260331.xlsx,,2026-04-22T13:54:09.446Z,868aa07e-236f-4eb0-829e-7c7bf11f9630
3cf8cbc3-5849-4cbc-8820-e0d0b7dfa340,fce29462-4317-4544-9cb3-ff8238bc6530,SUCCESS,20260331.xlsx,,2026-04-22T13:54:09.460Z,868aa07e-236f-4eb0-829e-7c7bf11f9630
e790b321-06ab-453e-9815-344644055487,58084a27-cf9f-4d44-b070-dcb27c3a6f02,SUCCESS,20260331.xlsx,,2026-04-22T13:54:09.470Z,868aa07e-236f-4eb0-829e-7c7bf11f9630
ebb67b29-b910-4ed1-b985-87f58b4191d4,9a4b2029-c405-49ee-b827-b40a4203bd22,SUCCESS,20260331.xlsx,,2026-04-22T13:54:09.480Z,868aa07e-236f-4eb0-829e-7c7bf11f9630
69ebafb2-5daf-4ced-b22c-7a747d08cc18,9aeb3132-f278-431b-9d09-f3bba3145613,SUCCESS,20260331.xlsx,,2026-04-22T13:54:09.489Z,868aa07e-236f-4eb0-829e-7c7bf11f9630
f3150cc8-f07d-49b2-87ff-c6cd77610d60,67cfac59-6594-49cf-bfaf-6824497c72e2,SUCCESS,20260331.xlsx,,2026-04-22T13:54:09.501Z,868aa07e-236f-4eb0-829e-7c7bf11f9630
7a166a44-924d-463f-9f90-249b90a6e536,62594348-3833-411b-8fed-81b2245d29c2,SUCCESS,20260331.xlsx,,2026-04-22T13:54:09.510Z,868aa07e-236f-4eb0-829e-7c7bf11f9630
1c81f94f-0ad7-4fc1-9305-e8307e0e31a2,b3edd721-3b6b-4b9f-a98d-aacf668d2ee1,SUCCESS,20260331.xlsx,,2026-04-22T13:54:09.519Z,868aa07e-236f-4eb0-829e-7c7bf11f9630
34adeba8-4aa4-4ae2-98bd-29973fe39f49,3363b2e6-6116-45f0-9e9d-d9ffd99c3f24,SUCCESS,20260331.xlsx,,2026-04-22T13:54:09.529Z,868aa07e-236f-4eb0-829e-7c7bf11f9630
b265320d-861e-42e0-abe1-04ca504f89e9,d865afb7-ff85-4c9b-bfd7-9a32f4664e34,SUCCESS,20260419.xlsx,,2026-04-22T13:56:34.084Z,e8e2f9a8-ce4f-4262-9c65-39272f3487eb
a28e3eba-b55e-40b8-90f2-6622c79d99b9,e169de9b-e18f-4a53-aade-923b0f360a35,SUCCESS,20260419.xlsx,,2026-04-22T13:56:34.105Z,e8e2f9a8-ce4f-4262-9c65-39272f3487eb
8f73d409-5f62-4af6-827f-9f0b021353f5,c8a6b511-1a98-482f-9d84-5be9ad456e11,SUCCESS,20260419.xlsx,,2026-04-22T13:56:34.116Z,e8e2f9a8-ce4f-4262-9c65-39272f3487eb
21410a9b-b317-4cb4-a047-557eb630f8c4,4a736fae-a521-4c88-9beb-63af15c44cd4,SUCCESS,20260419.xlsx,,2026-04-22T13:56:34.127Z,e8e2f9a8-ce4f-4262-9c65-39272f3487eb
d153bf71-249b-4540-b37f-5bb2e45a5529,43ec63eb-aa87-4ae6-88d6-8a1a8e4fb38a,SUCCESS,20260419.xlsx,,2026-04-22T13:56:34.139Z,e8e2f9a8-ce4f-4262-9c65-39272f3487eb
06d68882-e63e-44a2-833c-6532452dc563,1744f22b-1e05-4e64-9d13-68614215e5c0,SUCCESS,20260419.xlsx,,2026-04-22T13:56:34.149Z,e8e2f9a8-ce4f-4262-9c65-39272f3487eb
b2d808b1-ee52-4929-b2b8-890120ce879d,3cc2177f-b5f0-44d1-8342-4cd437892828,SUCCESS,20260419.xlsx,,2026-04-22T13:56:34.159Z,e8e2f9a8-ce4f-4262-9c65-39272f3487eb
f5ab06b4-1ce6-4281-be2d-85004f8a67b2,e99f625c-0658-4f50-8184-a276c14c9b25,SUCCESS,20260419.xlsx,,2026-04-22T13:56:34.169Z,e8e2f9a8-ce4f-4262-9c65-39272f3487eb
ab0dafb8-4569-4627-ac40-55e125fe4b26,cc0f7bae-8255-42a7-b03b-d77b900261e9,SUCCESS,20260419.xlsx,,2026-04-22T13:56:34.178Z,e8e2f9a8-ce4f-4262-9c65-39272f3487eb
bce13fa6-5a9e-44c9-8b91-3d4d807b1ea9,7cd4d25e-f97b-4449-9eda-6a4590249fdd,SUCCESS,20260419.xlsx,,2026-04-22T13:56:34.188Z,e8e2f9a8-ce4f-4262-9c65-39272f3487eb
f05dfaf6-ba51-44be-8702-251c552f70c1,33a64bc4-3c58-4561-a6ba-fe58c4ececc4,SUCCESS,20260419.xlsx,,2026-04-22T13:56:34.197Z,e8e2f9a8-ce4f-4262-9c65-39272f3487eb
34845350-404a-41a8-8564-b1c7326c25c2,151c5a52-830c-431d-88f6-4059c627c357,SUCCESS,20260419.xlsx,,2026-04-22T13:56:34.206Z,e8e2f9a8-ce4f-4262-9c65-39272f3487eb
a64d9033-3563-48c2-981b-3bd09d449884,2bf0e6a8-a208-4a0a-92fb-baeb3fde3184,SUCCESS,20260419.xlsx,,2026-04-22T13:56:34.214Z,e8e2f9a8-ce4f-4262-9c65-39272f3487eb
25855b5d-c7f4-4b47-be55-25e68960b653,4f2f65b0-9f03-4c12-9137-600b40de011a,SUCCESS,20260419.xlsx,,2026-04-22T13:56:34.221Z,e8e2f9a8-ce4f-4262-9c65-39272f3487eb
ee1c5b2e-f408-41e5-877a-bc0878964877,ab6798cb-4ced-40ab-af53-721bbe784fe3,SUCCESS,20260419.xlsx,,2026-04-22T13:56:34.231Z,e8e2f9a8-ce4f-4262-9c65-39272f3487eb
90f69c01-c89e-48d0-bf66-17e51624c9ac,70746c9d-9baf-484b-a95a-b9735e392b06,SUCCESS,20260419.xlsx,,2026-04-22T13:56:34.237Z,e8e2f9a8-ce4f-4262-9c65-39272f3487eb
0c73bd61-3621-4d6e-97e2-1a11de05738f,f3893a81-9a2d-46b3-a4d6-a12766aac9c1,SUCCESS,20260419.xlsx,,2026-04-22T13:56:34.247Z,e8e2f9a8-ce4f-4262-9c65-39272f3487eb
1a2632e5-76b4-4468-8b60-83d8a2aea23d,f7e34c11-78ed-4d49-bc12-c462a36e8f5b,SUCCESS,20260419.xlsx,,2026-04-22T13:56:34.256Z,e8e2f9a8-ce4f-4262-9c65-39272f3487eb
eb2efa83-8243-4913-9735-f3b62bd30ae8,943a2e0b-7399-4f7e-9fd2-77bcfc913d31,SUCCESS,20260419.xlsx,,2026-04-22T13:56:34.267Z,e8e2f9a8-ce4f-4262-9c65-39272f3487eb
c7a59d29-23f9-4a6b-a6b2-e0ef174b810a,317c7cdc-7af5-40bc-beab-899d5a9cde51,SUCCESS,20260419.xlsx,,2026-04-22T13:56:34.283Z,e8e2f9a8-ce4f-4262-9c65-39272f3487eb
93e1d125-3291-4c69-b3bc-5598ac517ee3,74534fe1-9098-4180-8f8f-609f848aa1ef,SUCCESS,20260419.xlsx,,2026-04-22T13:56:34.290Z,e8e2f9a8-ce4f-4262-9c65-39272f3487eb
d9bf8ecd-c1db-4546-b50d-15f0b5e17975,6cec69c8-d400-4431-9502-c0808a146513,SUCCESS,20260419.xlsx,,2026-04-22T13:56:34.299Z,e8e2f9a8-ce4f-4262-9c65-39272f3487eb
7f6c0fdd-8ad1-4d8f-8c8b-59876dea6de1,6d50ff1e-edfd-40f5-bbce-bb7757380e3c,SUCCESS,20260419.xlsx,,2026-04-22T13:56:34.307Z,e8e2f9a8-ce4f-4262-9c65-39272f3487eb
137c1bbf-6ee6-41e3-b45c-4ef0e87eb36c,ea4ffcc2-ded5-435f-b8ab-c6dbd6e0fb75,SUCCESS,20260419.xlsx,,2026-04-22T13:56:34.317Z,e8e2f9a8-ce4f-4262-9c65-39272f3487eb
3391add5-a7e4-4476-b1c4-3f3228b88688,eef3414e-4689-476c-8f73-0664224bd5d6,SUCCESS,20260419.xlsx,,2026-04-22T13:56:34.323Z,e8e2f9a8-ce4f-4262-9c65-39272f3487eb
3c75b1b3-bb42-4e7c-8158-344a7a8899ea,0c380b1b-b48f-47b2-8bd6-67b5bf24da2f,SUCCESS,20260419.xlsx,,2026-04-22T13:56:34.331Z,e8e2f9a8-ce4f-4262-9c65-39272f3487eb
36f04b13-a30e-4dd2-a730-6148578d2918,8777447e-bacc-4b8f-b92a-72cacfad3da0,SUCCESS,20260419.xlsx,,2026-04-22T13:56:34.338Z,e8e2f9a8-ce4f-4262-9c65-39272f3487eb
ba2f3b19-ae3e-415a-a028-34d1198457bd,73da49cc-153d-49b9-adc7-3916f32face9,SUCCESS,20260419.xlsx,,2026-04-22T13:56:34.347Z,e8e2f9a8-ce4f-4262-9c65-39272f3487eb
9ebb71cc-4de0-4d93-94bc-c8c32d6e3d94,4bb61e22-be75-47fb-99c9-ca0536267639,SUCCESS,20260419.xlsx,,2026-04-22T13:56:34.354Z,e8e2f9a8-ce4f-4262-9c65-39272f3487eb
f6df4587-ea47-4d2b-a86f-1acc7c482b1a,0fd5ed76-a523-413a-a34c-2a1a5c120b3f,SUCCESS,20260419.xlsx,,2026-04-22T13:56:34.361Z,e8e2f9a8-ce4f-4262-9c65-39272f3487eb
24bb5cd7-7791-4118-973a-ea51e9376a1b,517eb11b-8923-4a66-a883-3ece9dc6ae07,SUCCESS,20260419.xlsx,,2026-04-22T13:56:34.372Z,e8e2f9a8-ce4f-4262-9c65-39272f3487eb
cf9712b8-b3ce-4b10-92e8-19bbfc8a3159,6585161a-1dbb-4671-9cf2-8be0ca700cdd,SUCCESS,20260419.xlsx,,2026-04-22T13:56:34.381Z,e8e2f9a8-ce4f-4262-9c65-39272f3487eb
2134c210-9aac-4138-b351-68cae50ea135,2f99968c-9190-4cd4-8dba-573cbb9895d3,SUCCESS,20260419.xlsx,,2026-04-22T13:56:34.388Z,e8e2f9a8-ce4f-4262-9c65-39272f3487eb
c121f178-8aab-4e25-8d7b-6881e3d85710,83e85cdc-5218-4daf-90c1-488447d9659b,SUCCESS,20260419.xlsx,,2026-04-22T13:56:34.397Z,e8e2f9a8-ce4f-4262-9c65-39272f3487eb
a67f8115-a772-45ce-8add-ce2e7c72dd4a,3ffb62ec-0ca4-45d8-8d1f-16bec4deba1c,SUCCESS,20260419.xlsx,,2026-04-22T13:56:34.404Z,e8e2f9a8-ce4f-4262-9c65-39272f3487eb
d2db90b4-3829-42b8-a1a8-a34e1f8f469d,1b4a38b7-ef53-4564-8cc1-8fb99efac52e,SUCCESS,20260419.xlsx,,2026-04-22T13:56:34.410Z,e8e2f9a8-ce4f-4262-9c65-39272f3487eb
76883b02-7ad1-45b9-9761-ae850b7380c6,32b59948-f8e1-42de-b3ba-d6444e39d1ae,SUCCESS,20260419.xlsx,,2026-04-22T13:56:34.418Z,e8e2f9a8-ce4f-4262-9c65-39272f3487eb
345c983b-650a-41b8-9e3c-fb1c6e1d2920,70be8b7b-36f0-4a3d-b2d7-49b0f5bff802,SUCCESS,20260419.xlsx,,2026-04-22T13:56:34.427Z,e8e2f9a8-ce4f-4262-9c65-39272f3487eb
c437dac4-3bed-4ca6-8b19-8b40647844b8,3b0be51e-ccf6-443f-b3c8-395c66759abe,SUCCESS,20260419.xlsx,,2026-04-22T13:56:34.436Z,e8e2f9a8-ce4f-4262-9c65-39272f3487eb
85b80dac-f81b-43a9-8f07-7996dc32ed9d,260822a5-38de-4642-9ce2-f3d50f952d25,SUCCESS,20260419.xlsx,,2026-04-22T13:56:34.445Z,e8e2f9a8-ce4f-4262-9c65-39272f3487eb
b997b99e-5099-435e-bccf-6f2f084f9198,351f0472-67a5-4316-930b-f4096ffdf8c5,SUCCESS,20260419.xlsx,,2026-04-22T13:56:34.454Z,e8e2f9a8-ce4f-4262-9c65-39272f3487eb
455e5643-7393-4475-9c27-0fd392836054,f0dab44c-e511-4ed8-9436-d4ab1abed77f,SUCCESS,20260419.xlsx,,2026-04-22T13:56:34.460Z,e8e2f9a8-ce4f-4262-9c65-39272f3487eb
05e9043b-8e02-4532-9bc1-55e071c34c37,6a9d503c-748e-44b7-aea5-65835c51ff6b,SUCCESS,20260419.xlsx,,2026-04-22T13:56:34.468Z,e8e2f9a8-ce4f-4262-9c65-39272f3487eb
314b3780-a9b0-41a4-90dc-8ab85121ab87,7eeb67c1-e05a-41c5-b819-423539f158f1,SUCCESS,20260419.xlsx,,2026-04-22T13:56:34.474Z,e8e2f9a8-ce4f-4262-9c65-39272f3487eb
3944c71e-aac6-482b-86b7-a23d36b12261,543bcf21-ebf3-4098-9474-00e580c96a0f,SUCCESS,20260419.xlsx,,2026-04-22T13:56:34.482Z,e8e2f9a8-ce4f-4262-9c65-39272f3487eb
66ffaa80-a44c-4ca2-aa08-7f41f52c1f50,92ec1b33-2fd8-4ec3-a4a4-1860861756d1,SUCCESS,20260419.xlsx,,2026-04-22T13:56:34.490Z,e8e2f9a8-ce4f-4262-9c65-39272f3487eb
9d9ee957-d520-48b9-8314-4184b8425258,f4d42a8a-34e2-4bce-a251-db58cf0295d3,SUCCESS,20260419.xlsx,,2026-04-22T13:56:34.498Z,e8e2f9a8-ce4f-4262-9c65-39272f3487eb
893d77c3-1ef6-4465-84c5-b5b11768b7ea,ef2372ab-02d3-4344-9934-88bbecdf7881,SUCCESS,20260419.xlsx,,2026-04-22T13:56:34.505Z,e8e2f9a8-ce4f-4262-9c65-39272f3487eb
856e3514-fbc2-4303-b0bb-69fef5bd5b4c,fce29462-4317-4544-9cb3-ff8238bc6530,SUCCESS,20260419.xlsx,,2026-04-22T13:56:34.512Z,e8e2f9a8-ce4f-4262-9c65-39272f3487eb
15476464-1d62-444b-913d-a768bb59e396,58084a27-cf9f-4d44-b070-dcb27c3a6f02,SUCCESS,20260419.xlsx,,2026-04-22T13:56:34.519Z,e8e2f9a8-ce4f-4262-9c65-39272f3487eb
7769892d-2b6f-43bc-9778-9b9b9e95e7f1,9a4b2029-c405-49ee-b827-b40a4203bd22,SUCCESS,20260419.xlsx,,2026-04-22T13:56:34.525Z,e8e2f9a8-ce4f-4262-9c65-39272f3487eb
06b6ab2a-4742-403a-907c-92613e6ea276,9aeb3132-f278-431b-9d09-f3bba3145613,SUCCESS,20260419.xlsx,,2026-04-22T13:56:34.533Z,e8e2f9a8-ce4f-4262-9c65-39272f3487eb
5eaf042c-2a08-493a-bd18-225e25b0c0c5,67cfac59-6594-49cf-bfaf-6824497c72e2,SUCCESS,20260419.xlsx,,2026-04-22T13:56:34.541Z,e8e2f9a8-ce4f-4262-9c65-39272f3487eb
06cfc0df-fbb6-4cce-94e1-c0549f906709,62594348-3833-411b-8fed-81b2245d29c2,SUCCESS,20260419.xlsx,,2026-04-22T13:56:34.550Z,e8e2f9a8-ce4f-4262-9c65-39272f3487eb
438cce61-762a-4829-9306-a8f160135149,b3edd721-3b6b-4b9f-a98d-aacf668d2ee1,SUCCESS,20260419.xlsx,,2026-04-22T13:56:34.557Z,e8e2f9a8-ce4f-4262-9c65-39272f3487eb
11d2e63a-0913-402a-95ed-099985b8d99f,3363b2e6-6116-45f0-9e9d-d9ffd99c3f24,SUCCESS,20260419.xlsx,,2026-04-22T13:56:34.565Z,e8e2f9a8-ce4f-4262-9c65-39272f3487eb
8aec354b-bc2d-4e2d-a103-4b371064dd55,d865afb7-ff85-4c9b-bfd7-9a32f4664e34,SUCCESS,20260420.xlsx,,2026-04-22T13:56:47.003Z,37fe0043-dac9-46fb-9b74-06c600946663
c90d9ab3-1026-43e5-8623-f8ac202a1034,e169de9b-e18f-4a53-aade-923b0f360a35,SUCCESS,20260420.xlsx,,2026-04-22T13:56:47.023Z,37fe0043-dac9-46fb-9b74-06c600946663
55dde3a0-5d4f-477c-bdc4-fa389d0c40d3,c8a6b511-1a98-482f-9d84-5be9ad456e11,SUCCESS,20260420.xlsx,,2026-04-22T13:56:47.032Z,37fe0043-dac9-46fb-9b74-06c600946663
c0dd098f-b9bb-4f47-b318-f42026b44d91,4a736fae-a521-4c88-9beb-63af15c44cd4,SUCCESS,20260420.xlsx,,2026-04-22T13:56:47.039Z,37fe0043-dac9-46fb-9b74-06c600946663
763b356c-594e-4bd9-9933-08877b5a73f8,43ec63eb-aa87-4ae6-88d6-8a1a8e4fb38a,SUCCESS,20260420.xlsx,,2026-04-22T13:56:47.048Z,37fe0043-dac9-46fb-9b74-06c600946663
097b45a0-5693-4155-948d-442fbdc3162e,1744f22b-1e05-4e64-9d13-68614215e5c0,SUCCESS,20260420.xlsx,,2026-04-22T13:56:47.056Z,37fe0043-dac9-46fb-9b74-06c600946663
b42ebc9d-ae2d-49ac-845c-a0a0f7bfc921,3cc2177f-b5f0-44d1-8342-4cd437892828,SUCCESS,20260420.xlsx,,2026-04-22T13:56:47.064Z,37fe0043-dac9-46fb-9b74-06c600946663
cd181bd1-4cec-4f61-a9a1-ef3f0c4d2a45,e99f625c-0658-4f50-8184-a276c14c9b25,SUCCESS,20260420.xlsx,,2026-04-22T13:56:47.071Z,37fe0043-dac9-46fb-9b74-06c600946663
b38141a4-ee72-4d55-a3e6-a18ecff75736,cc0f7bae-8255-42a7-b03b-d77b900261e9,SUCCESS,20260420.xlsx,,2026-04-22T13:56:47.079Z,37fe0043-dac9-46fb-9b74-06c600946663
d0e3c2b0-fe24-4b62-85c9-9694d3d639a7,7cd4d25e-f97b-4449-9eda-6a4590249fdd,SUCCESS,20260420.xlsx,,2026-04-22T13:56:47.086Z,37fe0043-dac9-46fb-9b74-06c600946663
4427e9d8-9c07-4fab-bf00-e18afa0ee590,33a64bc4-3c58-4561-a6ba-fe58c4ececc4,SUCCESS,20260420.xlsx,,2026-04-22T13:56:47.097Z,37fe0043-dac9-46fb-9b74-06c600946663
577f5f6f-5758-4426-ae9c-8d3520536769,151c5a52-830c-431d-88f6-4059c627c357,SUCCESS,20260420.xlsx,,2026-04-22T13:56:47.106Z,37fe0043-dac9-46fb-9b74-06c600946663
15c3d4d3-7e7f-4e61-8862-eb01e0bb78de,2bf0e6a8-a208-4a0a-92fb-baeb3fde3184,SUCCESS,20260420.xlsx,,2026-04-22T13:56:47.119Z,37fe0043-dac9-46fb-9b74-06c600946663
664f31bd-251b-4c8a-b7b7-f8fb3fbf2b09,4f2f65b0-9f03-4c12-9137-600b40de011a,SUCCESS,20260420.xlsx,,2026-04-22T13:56:47.137Z,37fe0043-dac9-46fb-9b74-06c600946663
ae197c62-7eee-4d0f-883f-6f9fb50f2d6d,ab6798cb-4ced-40ab-af53-721bbe784fe3,SUCCESS,20260420.xlsx,,2026-04-22T13:56:47.148Z,37fe0043-dac9-46fb-9b74-06c600946663
567586f0-cc0e-43d0-8315-8db12b31be55,70746c9d-9baf-484b-a95a-b9735e392b06,SUCCESS,20260420.xlsx,,2026-04-22T13:56:47.155Z,37fe0043-dac9-46fb-9b74-06c600946663
fc763017-c810-47ac-9c25-c66b49a6ad1a,f3893a81-9a2d-46b3-a4d6-a12766aac9c1,SUCCESS,20260420.xlsx,,2026-04-22T13:56:47.162Z,37fe0043-dac9-46fb-9b74-06c600946663
5b712a1b-0838-47bc-a0e2-f8703e053ae9,f7e34c11-78ed-4d49-bc12-c462a36e8f5b,SUCCESS,20260420.xlsx,,2026-04-22T13:56:47.169Z,37fe0043-dac9-46fb-9b74-06c600946663
3495fa6a-abf3-492b-9889-5f3785d5b106,943a2e0b-7399-4f7e-9fd2-77bcfc913d31,SUCCESS,20260420.xlsx,,2026-04-22T13:56:47.176Z,37fe0043-dac9-46fb-9b74-06c600946663
2805533e-e851-423e-aa60-ebe42d19e822,317c7cdc-7af5-40bc-beab-899d5a9cde51,SUCCESS,20260420.xlsx,,2026-04-22T13:56:47.183Z,37fe0043-dac9-46fb-9b74-06c600946663
02b7299c-9ea5-4354-a03b-338b83bce4cf,74534fe1-9098-4180-8f8f-609f848aa1ef,SUCCESS,20260420.xlsx,,2026-04-22T13:56:47.190Z,37fe0043-dac9-46fb-9b74-06c600946663
ec287ed7-d215-4762-a8cc-f74a747f1e29,6cec69c8-d400-4431-9502-c0808a146513,SUCCESS,20260420.xlsx,,2026-04-22T13:56:47.200Z,37fe0043-dac9-46fb-9b74-06c600946663
574246a0-26f5-44ae-a0b5-18a59f2a2ab3,6d50ff1e-edfd-40f5-bbce-bb7757380e3c,SUCCESS,20260420.xlsx,,2026-04-22T13:56:47.207Z,37fe0043-dac9-46fb-9b74-06c600946663
f71e8417-089b-441c-aec2-63eecf251ff7,ea4ffcc2-ded5-435f-b8ab-c6dbd6e0fb75,SUCCESS,20260420.xlsx,,2026-04-22T13:56:47.214Z,37fe0043-dac9-46fb-9b74-06c600946663
b8274c26-7062-4752-8a91-12d6e3d18626,eef3414e-4689-476c-8f73-0664224bd5d6,SUCCESS,20260420.xlsx,,2026-04-22T13:56:47.221Z,37fe0043-dac9-46fb-9b74-06c600946663
a621a869-ad73-4f4d-ae4c-78d7ceeb1192,0c380b1b-b48f-47b2-8bd6-67b5bf24da2f,SUCCESS,20260420.xlsx,,2026-04-22T13:56:47.229Z,37fe0043-dac9-46fb-9b74-06c600946663
6feba502-8853-4ab6-a0d3-cbc6eeb169fc,8777447e-bacc-4b8f-b92a-72cacfad3da0,SUCCESS,20260420.xlsx,,2026-04-22T13:56:47.236Z,37fe0043-dac9-46fb-9b74-06c600946663
0046da53-84a9-4df6-bc51-a5cfac161706,73da49cc-153d-49b9-adc7-3916f32face9,SUCCESS,20260420.xlsx,,2026-04-22T13:56:47.244Z,37fe0043-dac9-46fb-9b74-06c600946663
731de085-6acd-4393-b86a-ff836f6b5183,4bb61e22-be75-47fb-99c9-ca0536267639,SUCCESS,20260420.xlsx,,2026-04-22T13:56:47.251Z,37fe0043-dac9-46fb-9b74-06c600946663
d1dc7a38-fa1e-4dd2-8d9c-a0e4b3981974,0fd5ed76-a523-413a-a34c-2a1a5c120b3f,SUCCESS,20260420.xlsx,,2026-04-22T13:56:47.258Z,37fe0043-dac9-46fb-9b74-06c600946663
a48216b6-15be-4def-b187-0ddbf1e79fdb,517eb11b-8923-4a66-a883-3ece9dc6ae07,SUCCESS,20260420.xlsx,,2026-04-22T13:56:47.267Z,37fe0043-dac9-46fb-9b74-06c600946663
3e486231-c740-4fd8-97d9-a9954ca3dfc9,6585161a-1dbb-4671-9cf2-8be0ca700cdd,SUCCESS,20260420.xlsx,,2026-04-22T13:56:47.275Z,37fe0043-dac9-46fb-9b74-06c600946663
87111f02-f070-4f9b-9a64-543405224ecc,2f99968c-9190-4cd4-8dba-573cbb9895d3,SUCCESS,20260420.xlsx,,2026-04-22T13:56:47.284Z,37fe0043-dac9-46fb-9b74-06c600946663
49fbb888-171c-42a3-93b9-66b30c0a6d67,83e85cdc-5218-4daf-90c1-488447d9659b,SUCCESS,20260420.xlsx,,2026-04-22T13:56:47.291Z,37fe0043-dac9-46fb-9b74-06c600946663
879a3ea6-ebbf-4d0f-8986-8d4ca2e4622e,3ffb62ec-0ca4-45d8-8d1f-16bec4deba1c,SUCCESS,20260420.xlsx,,2026-04-22T13:56:47.299Z,37fe0043-dac9-46fb-9b74-06c600946663
3d38f290-407c-4bd1-b919-e1f725a92cfe,1b4a38b7-ef53-4564-8cc1-8fb99efac52e,SUCCESS,20260420.xlsx,,2026-04-22T13:56:47.305Z,37fe0043-dac9-46fb-9b74-06c600946663
66fe0b71-5d67-4b83-8817-923e28171a17,32b59948-f8e1-42de-b3ba-d6444e39d1ae,SUCCESS,20260420.xlsx,,2026-04-22T13:56:47.313Z,37fe0043-dac9-46fb-9b74-06c600946663
505979b2-e8ab-44c8-a503-3728fe0d9e65,70be8b7b-36f0-4a3d-b2d7-49b0f5bff802,SUCCESS,20260420.xlsx,,2026-04-22T13:56:47.321Z,37fe0043-dac9-46fb-9b74-06c600946663
0f1d9c8c-7540-427b-af50-86ffa378762b,3b0be51e-ccf6-443f-b3c8-395c66759abe,SUCCESS,20260420.xlsx,,2026-04-22T13:56:47.328Z,37fe0043-dac9-46fb-9b74-06c600946663
3960eefb-16f3-4432-875e-ed1f156a141f,260822a5-38de-4642-9ce2-f3d50f952d25,SUCCESS,20260420.xlsx,,2026-04-22T13:56:47.335Z,37fe0043-dac9-46fb-9b74-06c600946663
2eba7025-99c0-47dd-9451-4b34f568eb01,351f0472-67a5-4316-930b-f4096ffdf8c5,SUCCESS,20260420.xlsx,,2026-04-22T13:56:47.344Z,37fe0043-dac9-46fb-9b74-06c600946663
d9949b54-af34-4fe8-a6e1-bd1ff32512f5,f0dab44c-e511-4ed8-9436-d4ab1abed77f,SUCCESS,20260420.xlsx,,2026-04-22T13:56:47.352Z,37fe0043-dac9-46fb-9b74-06c600946663
6f7e78cf-baa6-4f54-8c70-05e967a6ba76,6a9d503c-748e-44b7-aea5-65835c51ff6b,SUCCESS,20260420.xlsx,,2026-04-22T13:56:47.359Z,37fe0043-dac9-46fb-9b74-06c600946663
b35d272e-5529-42f5-b7f3-7b58daf6b0ff,7eeb67c1-e05a-41c5-b819-423539f158f1,SUCCESS,20260420.xlsx,,2026-04-22T13:56:47.367Z,37fe0043-dac9-46fb-9b74-06c600946663
1171e100-b86a-467f-9c41-fec3a2468f45,543bcf21-ebf3-4098-9474-00e580c96a0f,SUCCESS,20260420.xlsx,,2026-04-22T13:56:47.374Z,37fe0043-dac9-46fb-9b74-06c600946663
13adca67-31a3-44dc-8e1e-9b2e31cfd4d0,92ec1b33-2fd8-4ec3-a4a4-1860861756d1,SUCCESS,20260420.xlsx,,2026-04-22T13:56:47.383Z,37fe0043-dac9-46fb-9b74-06c600946663
f03271cf-59c5-4405-afec-6f76f39d1099,f4d42a8a-34e2-4bce-a251-db58cf0295d3,SUCCESS,20260420.xlsx,,2026-04-22T13:56:47.389Z,37fe0043-dac9-46fb-9b74-06c600946663
95efb97e-9ff9-4681-a068-626ed479bb1d,ef2372ab-02d3-4344-9934-88bbecdf7881,SUCCESS,20260420.xlsx,,2026-04-22T13:56:47.398Z,37fe0043-dac9-46fb-9b74-06c600946663
8de758cd-f1f3-424e-b0aa-588b8f95829b,fce29462-4317-4544-9cb3-ff8238bc6530,SUCCESS,20260420.xlsx,,2026-04-22T13:56:47.404Z,37fe0043-dac9-46fb-9b74-06c600946663
d12c04b3-e9bf-4ce4-94fe-d718e93f14c7,58084a27-cf9f-4d44-b070-dcb27c3a6f02,SUCCESS,20260420.xlsx,,2026-04-22T13:56:47.411Z,37fe0043-dac9-46fb-9b74-06c600946663
f2c0e915-a584-4d61-8ad4-dae813d406ec,9a4b2029-c405-49ee-b827-b40a4203bd22,SUCCESS,20260420.xlsx,,2026-04-22T13:56:47.420Z,37fe0043-dac9-46fb-9b74-06c600946663
5efbbdca-b74d-414b-974d-21265a003760,9aeb3132-f278-431b-9d09-f3bba3145613,SUCCESS,20260420.xlsx,,2026-04-22T13:56:47.429Z,37fe0043-dac9-46fb-9b74-06c600946663
32f846ab-0176-401f-97a9-d7dd4bb554c9,67cfac59-6594-49cf-bfaf-6824497c72e2,SUCCESS,20260420.xlsx,,2026-04-22T13:56:47.436Z,37fe0043-dac9-46fb-9b74-06c600946663
a4361ba0-08fe-4a2a-904c-c07b88c69e4e,62594348-3833-411b-8fed-81b2245d29c2,SUCCESS,20260420.xlsx,,2026-04-22T13:56:47.443Z,37fe0043-dac9-46fb-9b74-06c600946663
d2e48eff-085e-40a4-9670-12e0d7a72526,b3edd721-3b6b-4b9f-a98d-aacf668d2ee1,SUCCESS,20260420.xlsx,,2026-04-22T13:56:47.451Z,37fe0043-dac9-46fb-9b74-06c600946663
cb26ee20-180c-42e4-b8bd-05329cad1ed1,3363b2e6-6116-45f0-9e9d-d9ffd99c3f24,SUCCESS,20260420.xlsx,,2026-04-22T13:56:47.458Z,37fe0043-dac9-46fb-9b74-06c600946663
ad10cd79-ce34-4696-b6a8-d9645c83f3af,d865afb7-ff85-4c9b-bfd7-9a32f4664e34,SUCCESS,20260421.xlsx,,2026-04-22T14:22:32.982Z,628a2a5a-72c2-4755-bd9a-89cd2e8a6f5f
96135e42-4341-4de2-9552-a2d113060266,e169de9b-e18f-4a53-aade-923b0f360a35,SUCCESS,20260421.xlsx,,2026-04-22T14:22:33.012Z,628a2a5a-72c2-4755-bd9a-89cd2e8a6f5f
31d455b1-7791-4784-b6c4-651f9f2527ef,c8a6b511-1a98-482f-9d84-5be9ad456e11,SUCCESS,20260421.xlsx,,2026-04-22T14:22:33.031Z,628a2a5a-72c2-4755-bd9a-89cd2e8a6f5f
0f0e6555-66c1-421a-8621-789a799af89a,4a736fae-a521-4c88-9beb-63af15c44cd4,SUCCESS,20260421.xlsx,,2026-04-22T14:22:33.050Z,628a2a5a-72c2-4755-bd9a-89cd2e8a6f5f
90d432ac-4e8f-4c6a-b0a7-910ed7470834,43ec63eb-aa87-4ae6-88d6-8a1a8e4fb38a,SUCCESS,20260421.xlsx,,2026-04-22T14:22:33.065Z,628a2a5a-72c2-4755-bd9a-89cd2e8a6f5f
487eb3d1-9d06-4881-b40e-9d119fc1edae,1744f22b-1e05-4e64-9d13-68614215e5c0,SUCCESS,20260421.xlsx,,2026-04-22T14:22:33.081Z,628a2a5a-72c2-4755-bd9a-89cd2e8a6f5f
cea1ccb0-27dc-409d-b9c0-130cbb100cf8,3cc2177f-b5f0-44d1-8342-4cd437892828,SUCCESS,20260421.xlsx,,2026-04-22T14:22:33.097Z,628a2a5a-72c2-4755-bd9a-89cd2e8a6f5f
231583e2-4959-4f2a-92dd-d00ad7d2f3c5,e99f625c-0658-4f50-8184-a276c14c9b25,SUCCESS,20260421.xlsx,,2026-04-22T14:22:33.109Z,628a2a5a-72c2-4755-bd9a-89cd2e8a6f5f
c43c7e6e-bb72-4fae-b9c7-b8eb8de7fb3b,cc0f7bae-8255-42a7-b03b-d77b900261e9,SUCCESS,20260421.xlsx,,2026-04-22T14:22:33.121Z,628a2a5a-72c2-4755-bd9a-89cd2e8a6f5f
481e1e71-24e3-49db-8d65-ade10948041f,7cd4d25e-f97b-4449-9eda-6a4590249fdd,SUCCESS,20260421.xlsx,,2026-04-22T14:22:33.130Z,628a2a5a-72c2-4755-bd9a-89cd2e8a6f5f
f4cf6760-a017-48a4-b372-1a08f692a9b3,33a64bc4-3c58-4561-a6ba-fe58c4ececc4,SUCCESS,20260421.xlsx,,2026-04-22T14:22:33.141Z,628a2a5a-72c2-4755-bd9a-89cd2e8a6f5f
db0423bf-9df5-4cf6-9839-0a7f7c9a2c8d,151c5a52-830c-431d-88f6-4059c627c357,SUCCESS,20260421.xlsx,,2026-04-22T14:22:33.151Z,628a2a5a-72c2-4755-bd9a-89cd2e8a6f5f
9cf3c3b9-bfe7-4db7-9854-4289fbd8d986,2bf0e6a8-a208-4a0a-92fb-baeb3fde3184,SUCCESS,20260421.xlsx,,2026-04-22T14:22:33.161Z,628a2a5a-72c2-4755-bd9a-89cd2e8a6f5f
42ebc512-93c5-4980-9b4a-a2e1955c537f,4f2f65b0-9f03-4c12-9137-600b40de011a,SUCCESS,20260421.xlsx,,2026-04-22T14:22:33.170Z,628a2a5a-72c2-4755-bd9a-89cd2e8a6f5f
c89714a9-7d4c-4302-9bd5-4ec0793ec221,ab6798cb-4ced-40ab-af53-721bbe784fe3,SUCCESS,20260421.xlsx,,2026-04-22T14:22:33.185Z,628a2a5a-72c2-4755-bd9a-89cd2e8a6f5f
1c8cd574-eae6-454c-97c7-b2ee770a2edd,70746c9d-9baf-484b-a95a-b9735e392b06,SUCCESS,20260421.xlsx,,2026-04-22T14:22:33.204Z,628a2a5a-72c2-4755-bd9a-89cd2e8a6f5f
5b301730-a09d-4dce-b403-ed962d820cd6,f3893a81-9a2d-46b3-a4d6-a12766aac9c1,SUCCESS,20260421.xlsx,,2026-04-22T14:22:33.215Z,628a2a5a-72c2-4755-bd9a-89cd2e8a6f5f
849d9ee7-9589-4b83-814d-eaa5302d2942,f7e34c11-78ed-4d49-bc12-c462a36e8f5b,SUCCESS,20260421.xlsx,,2026-04-22T14:22:33.224Z,628a2a5a-72c2-4755-bd9a-89cd2e8a6f5f
16eba1ed-2f56-4a25-96a8-3fd2c34902cb,943a2e0b-7399-4f7e-9fd2-77bcfc913d31,SUCCESS,20260421.xlsx,,2026-04-22T14:22:33.232Z,628a2a5a-72c2-4755-bd9a-89cd2e8a6f5f
3d16254a-6b77-4d75-8560-fc2e2f88b192,317c7cdc-7af5-40bc-beab-899d5a9cde51,SUCCESS,20260421.xlsx,,2026-04-22T14:22:33.243Z,628a2a5a-72c2-4755-bd9a-89cd2e8a6f5f
bc1f487b-31e2-4380-90a8-b60496a219a4,74534fe1-9098-4180-8f8f-609f848aa1ef,SUCCESS,20260421.xlsx,,2026-04-22T14:22:33.254Z,628a2a5a-72c2-4755-bd9a-89cd2e8a6f5f
c437beba-3d7d-431c-a633-4cf853184d82,6cec69c8-d400-4431-9502-c0808a146513,SUCCESS,20260421.xlsx,,2026-04-22T14:22:33.263Z,628a2a5a-72c2-4755-bd9a-89cd2e8a6f5f
e3b94f4a-7509-433c-994b-205ec6901f56,6d50ff1e-edfd-40f5-bbce-bb7757380e3c,SUCCESS,20260421.xlsx,,2026-04-22T14:22:33.271Z,628a2a5a-72c2-4755-bd9a-89cd2e8a6f5f
1024ecb8-22ec-49a7-aefc-83c5240b79c9,ea4ffcc2-ded5-435f-b8ab-c6dbd6e0fb75,SUCCESS,20260421.xlsx,,2026-04-22T14:22:33.281Z,628a2a5a-72c2-4755-bd9a-89cd2e8a6f5f
a87681f2-0cfd-4dd9-ba4d-b611b62ff973,eef3414e-4689-476c-8f73-0664224bd5d6,SUCCESS,20260421.xlsx,,2026-04-22T14:22:33.289Z,628a2a5a-72c2-4755-bd9a-89cd2e8a6f5f
2eae2f91-194a-48c0-aadf-af95254eca88,0c380b1b-b48f-47b2-8bd6-67b5bf24da2f,SUCCESS,20260421.xlsx,,2026-04-22T14:22:33.297Z,628a2a5a-72c2-4755-bd9a-89cd2e8a6f5f
8aca9295-f10a-4b31-8d2a-cceae08de053,8777447e-bacc-4b8f-b92a-72cacfad3da0,SUCCESS,20260421.xlsx,,2026-04-22T14:22:33.308Z,628a2a5a-72c2-4755-bd9a-89cd2e8a6f5f
61320b6e-bde2-4f3d-86f2-fcf1ebfefdb2,73da49cc-153d-49b9-adc7-3916f32face9,SUCCESS,20260421.xlsx,,2026-04-22T14:22:33.319Z,628a2a5a-72c2-4755-bd9a-89cd2e8a6f5f
b9b44e44-4b6d-4a43-882d-3af376a443a9,4bb61e22-be75-47fb-99c9-ca0536267639,SUCCESS,20260421.xlsx,,2026-04-22T14:22:33.331Z,628a2a5a-72c2-4755-bd9a-89cd2e8a6f5f
56a7b929-6dc8-406a-b342-690c67b5d81f,0fd5ed76-a523-413a-a34c-2a1a5c120b3f,SUCCESS,20260421.xlsx,,2026-04-22T14:22:33.338Z,628a2a5a-72c2-4755-bd9a-89cd2e8a6f5f
6d19f520-2f31-4ba1-a68c-cdfb8a80e21c,517eb11b-8923-4a66-a883-3ece9dc6ae07,SUCCESS,20260421.xlsx,,2026-04-22T14:22:33.349Z,628a2a5a-72c2-4755-bd9a-89cd2e8a6f5f
3ed8e002-0378-4dbb-8cd1-96d565063aaa,6585161a-1dbb-4671-9cf2-8be0ca700cdd,SUCCESS,20260421.xlsx,,2026-04-22T14:22:33.360Z,628a2a5a-72c2-4755-bd9a-89cd2e8a6f5f
795bd0b1-b353-4842-b568-0137d8adeead,2f99968c-9190-4cd4-8dba-573cbb9895d3,SUCCESS,20260421.xlsx,,2026-04-22T14:22:33.368Z,628a2a5a-72c2-4755-bd9a-89cd2e8a6f5f
e9cb1b1f-18c4-4002-98b7-e92eea6ad9de,83e85cdc-5218-4daf-90c1-488447d9659b,SUCCESS,20260421.xlsx,,2026-04-22T14:22:33.379Z,628a2a5a-72c2-4755-bd9a-89cd2e8a6f5f
a5128492-bd73-4811-8a9d-54186b3ec18e,3ffb62ec-0ca4-45d8-8d1f-16bec4deba1c,SUCCESS,20260421.xlsx,,2026-04-22T14:22:33.389Z,628a2a5a-72c2-4755-bd9a-89cd2e8a6f5f
2c462643-75ea-42f0-ba28-d866dce8fca4,1b4a38b7-ef53-4564-8cc1-8fb99efac52e,SUCCESS,20260421.xlsx,,2026-04-22T14:22:33.397Z,628a2a5a-72c2-4755-bd9a-89cd2e8a6f5f
f140749b-0e6a-40b1-b321-aede68556633,32b59948-f8e1-42de-b3ba-d6444e39d1ae,SUCCESS,20260421.xlsx,,2026-04-22T14:22:33.406Z,628a2a5a-72c2-4755-bd9a-89cd2e8a6f5f
fd25587e-75aa-4b25-b21e-fd48543c6286,70be8b7b-36f0-4a3d-b2d7-49b0f5bff802,SUCCESS,20260421.xlsx,,2026-04-22T14:22:33.416Z,628a2a5a-72c2-4755-bd9a-89cd2e8a6f5f
1be26e7a-cc4f-409c-ab56-44ec93c13bb2,3b0be51e-ccf6-443f-b3c8-395c66759abe,SUCCESS,20260421.xlsx,,2026-04-22T14:22:33.423Z,628a2a5a-72c2-4755-bd9a-89cd2e8a6f5f
aea58904-cdcf-413c-a87e-cd24ef6b041c,260822a5-38de-4642-9ce2-f3d50f952d25,SUCCESS,20260421.xlsx,,2026-04-22T14:22:33.433Z,628a2a5a-72c2-4755-bd9a-89cd2e8a6f5f
3de2a3a0-8ed9-4307-928d-ee9e31d84bc8,351f0472-67a5-4316-930b-f4096ffdf8c5,SUCCESS,20260421.xlsx,,2026-04-22T14:22:33.442Z,628a2a5a-72c2-4755-bd9a-89cd2e8a6f5f
8754f20e-d283-4c5f-b13b-ef80ba6d0407,f0dab44c-e511-4ed8-9436-d4ab1abed77f,SUCCESS,20260421.xlsx,,2026-04-22T14:22:33.453Z,628a2a5a-72c2-4755-bd9a-89cd2e8a6f5f
d6e710e2-a31c-49c4-bc5d-3ab1a351788b,6a9d503c-748e-44b7-aea5-65835c51ff6b,SUCCESS,20260421.xlsx,,2026-04-22T14:22:33.462Z,628a2a5a-72c2-4755-bd9a-89cd2e8a6f5f
3c2d27a2-0f6c-4e1d-a0eb-d866387afddc,7eeb67c1-e05a-41c5-b819-423539f158f1,SUCCESS,20260421.xlsx,,2026-04-22T14:22:33.469Z,628a2a5a-72c2-4755-bd9a-89cd2e8a6f5f
ae3f573a-b91c-43dd-9d6c-c9799f906bac,543bcf21-ebf3-4098-9474-00e580c96a0f,SUCCESS,20260421.xlsx,,2026-04-22T14:22:33.481Z,628a2a5a-72c2-4755-bd9a-89cd2e8a6f5f
68765693-ed37-4979-b060-611370f9bf6f,92ec1b33-2fd8-4ec3-a4a4-1860861756d1,SUCCESS,20260421.xlsx,,2026-04-22T14:22:33.491Z,628a2a5a-72c2-4755-bd9a-89cd2e8a6f5f
eed1c520-373d-45df-963f-c6b4f0621847,f4d42a8a-34e2-4bce-a251-db58cf0295d3,SUCCESS,20260421.xlsx,,2026-04-22T14:22:33.504Z,628a2a5a-72c2-4755-bd9a-89cd2e8a6f5f
13befa0e-b101-4522-87df-d9240337800f,ef2372ab-02d3-4344-9934-88bbecdf7881,SUCCESS,20260421.xlsx,,2026-04-22T14:22:33.515Z,628a2a5a-72c2-4755-bd9a-89cd2e8a6f5f
17286bbe-a58a-449e-b632-fb6d03e8939b,fce29462-4317-4544-9cb3-ff8238bc6530,SUCCESS,20260421.xlsx,,2026-04-22T14:22:33.524Z,628a2a5a-72c2-4755-bd9a-89cd2e8a6f5f
1b219ca1-e945-447f-bf06-2eccbc828233,58084a27-cf9f-4d44-b070-dcb27c3a6f02,SUCCESS,20260421.xlsx,,2026-04-22T14:22:33.534Z,628a2a5a-72c2-4755-bd9a-89cd2e8a6f5f
bb560307-2d52-4e38-b0c0-dc3c4143b76d,9a4b2029-c405-49ee-b827-b40a4203bd22,SUCCESS,20260421.xlsx,,2026-04-22T14:22:33.541Z,628a2a5a-72c2-4755-bd9a-89cd2e8a6f5f
6a8766f0-55c7-4dce-9e13-ad4acdd458d8,9aeb3132-f278-431b-9d09-f3bba3145613,SUCCESS,20260421.xlsx,,2026-04-22T14:22:33.552Z,628a2a5a-72c2-4755-bd9a-89cd2e8a6f5f
6efe95a2-0bbb-412a-97f2-5b980fb91c31,67cfac59-6594-49cf-bfaf-6824497c72e2,SUCCESS,20260421.xlsx,,2026-04-22T14:22:33.561Z,628a2a5a-72c2-4755-bd9a-89cd2e8a6f5f
57dc0eef-8b84-493e-bf35-293d5b157faf,62594348-3833-411b-8fed-81b2245d29c2,SUCCESS,20260421.xlsx,,2026-04-22T14:22:33.571Z,628a2a5a-72c2-4755-bd9a-89cd2e8a6f5f
d2862498-e9cd-42d4-aa2d-1456bc6b17eb,b3edd721-3b6b-4b9f-a98d-aacf668d2ee1,SUCCESS,20260421.xlsx,,2026-04-22T14:22:33.582Z,628a2a5a-72c2-4755-bd9a-89cd2e8a6f5f
fa915ba7-a875-4df5-b3f2-6f55ac853024,3363b2e6-6116-45f0-9e9d-d9ffd99c3f24,SUCCESS,20260421.xlsx,,2026-04-22T14:22:33.589Z,628a2a5a-72c2-4755-bd9a-89cd2e8a6f5f