id,unitId,businessDate,status,version,frozenAt,createdAt
36d9cf35-8c98-4d8b-8e9a-8fc79811d472,d865afb7-ff85-4c9b-bfd7-9a32f4664e34,2024-03-31T00:00:00.000Z,PROVISIONAL,1,,2026-04-02T09:58:04.058Z
d1e0219f-1b94-42ba-a174-8a91587aa881,e169de9b-e18f-4a53-aade-923b0f360a35,2024-03-31T00:00:00.000Z,PROVISIONAL,1,,2026-04-02T09:58:04.200Z
6fde6640-a532-4cae-af87-0de9391e33de,d865afb7-ff85-4c9b-bfd7-9a32f4664e34,2026-04-14T00:00:00.000Z,PROVISIONAL,1,,2026-04-20T06:14:28.990Z
a1b742f9-d4c9-4d26-bca4-a0665347df95,e169de9b-e18f-4a53-aade-923b0f360a35,2026-04-14T00:00:00.000Z,PROVISIONAL,1,,2026-04-20T06:14:29.006Z
bc915023-e03d-4dba-a2b2-88934932aab6,c8a6b511-1a98-482f-9d84-5be9ad456e11,2026-04-14T00:00:00.000Z,PROVISIONAL,1,,2026-04-20T06:14:29.012Z
d305ab81-0a80-4463-a5a5-47ad5cb4dfd7,4a736fae-a521-4c88-9beb-63af15c44cd4,2026-04-14T00:00:00.000Z,PROVISIONAL,1,,2026-04-20T06:14:29.019Z
fe2577b0-f24e-459e-9f2a-b92bccd773a1,43ec63eb-aa87-4ae6-88d6-8a1a8e4fb38a,2026-04-14T00:00:00.000Z,PROVISIONAL,1,,2026-04-20T06:14:29.026Z
c5d564fb-f5e1-4c7f-b563-67a043c89e19,1744f22b-1e05-4e64-9d13-68614215e5c0,2026-04-14T00:00:00.000Z,PROVISIONAL,1,,2026-04-20T06:14:29.034Z
27650226-e767-4e6a-8395-7603ac4b8220,3cc2177f-b5f0-44d1-8342-4cd437892828,2026-04-14T00:00:00.000Z,PROVISIONAL,1,,2026-04-20T06:14:29.039Z
9078d64a-e7e0-4013-bc7a-db22f4eb732e,e99f625c-0658-4f50-8184-a276c14c9b25,2026-04-14T00:00:00.000Z,PROVISIONAL,1,,2026-04-20T06:14:29.043Z
98e77e86-137e-4933-ba87-8ca0c5113fa2,cc0f7bae-8255-42a7-b03b-d77b900261e9,2026-04-14T00:00:00.000Z,PROVISIONAL,1,,2026-04-20T06:14:29.048Z
fd935f5c-3f04-407e-a92b-0bdca053dce4,7cd4d25e-f97b-4449-9eda-6a4590249fdd,2026-04-14T00:00:00.000Z,PROVISIONAL,1,,2026-04-20T06:14:29.055Z
c12c015b-fbab-46cb-8855-29d80bd80996,33a64bc4-3c58-4561-a6ba-fe58c4ececc4,2026-04-14T00:00:00.000Z,PROVISIONAL,1,,2026-04-20T06:14:29.060Z
8e51419a-7b44-47ca-a248-651fb762d4f1,151c5a52-830c-431d-88f6-4059c627c357,2026-04-14T00:00:00.000Z,PROVISIONAL,1,,2026-04-20T06:14:29.066Z
d0d6a989-6025-438f-8196-a01b9456d0d4,2bf0e6a8-a208-4a0a-92fb-baeb3fde3184,2026-04-14T00:00:00.000Z,PROVISIONAL,1,,2026-04-20T06:14:29.071Z
faaad37a-1224-4fa3-b05a-bc4457515331,4f2f65b0-9f03-4c12-9137-600b40de011a,2026-04-14T00:00:00.000Z,PROVISIONAL,1,,2026-04-20T06:14:29.075Z
91c9222f-d75e-4215-be77-0bcebf9344d3,ab6798cb-4ced-40ab-af53-721bbe784fe3,2026-04-14T00:00:00.000Z,PROVISIONAL,1,,2026-04-20T06:14:29.079Z
762da94b-8dcc-4f99-b1e8-710f91b58986,70746c9d-9baf-484b-a95a-b9735e392b06,2026-04-14T00:00:00.000Z,PROVISIONAL,1,,2026-04-20T06:14:29.083Z
e0e5fcc0-65f9-4f00-877d-2655371b92c0,f3893a81-9a2d-46b3-a4d6-a12766aac9c1,2026-04-14T00:00:00.000Z,PROVISIONAL,1,,2026-04-20T06:14:29.088Z
fab747a8-50c1-4495-b022-d5bef3198824,f7e34c11-78ed-4d49-bc12-c462a36e8f5b,2026-04-14T00:00:00.000Z,PROVISIONAL,1,,2026-04-20T06:14:29.093Z
cc9420a0-9fe4-4010-bf17-c09847efe787,943a2e0b-7399-4f7e-9fd2-77bcfc913d31,2026-04-14T00:00:00.000Z,PROVISIONAL,1,,2026-04-20T06:14:29.097Z
e7b41681-fac5-45d0-8af8-f7d461df8100,317c7cdc-7af5-40bc-beab-899d5a9cde51,2026-04-14T00:00:00.000Z,PROVISIONAL,1,,2026-04-20T06:14:29.101Z
e90fb391-4bc4-480e-989c-97021a441212,74534fe1-9098-4180-8f8f-609f848aa1ef,2026-04-14T00:00:00.000Z,PROVISIONAL,1,,2026-04-20T06:14:29.106Z
3497fe4b-e3ba-4732-8f88-34874f499df5,6cec69c8-d400-4431-9502-c0808a146513,2026-04-14T00:00:00.000Z,PROVISIONAL,1,,2026-04-20T06:14:29.109Z
78e745ba-d079-465f-b526-fc0b6d6f9e45,6d50ff1e-edfd-40f5-bbce-bb7757380e3c,2026-04-14T00:00:00.000Z,PROVISIONAL,1,,2026-04-20T06:14:29.112Z
b9b3f7f6-8ca2-4b09-afa1-7030e5dd6acf,ea4ffcc2-ded5-435f-b8ab-c6dbd6e0fb75,2026-04-14T00:00:00.000Z,PROVISIONAL,1,,2026-04-20T06:14:29.115Z
915835cd-5454-4467-b3a2-56aaa5de12b5,eef3414e-4689-476c-8f73-0664224bd5d6,2026-04-14T00:00:00.000Z,PROVISIONAL,1,,2026-04-20T06:14:29.121Z
4fecb9bb-ed9e-4aae-8f86-c06386793815,0c380b1b-b48f-47b2-8bd6-67b5bf24da2f,2026-04-14T00:00:00.000Z,PROVISIONAL,1,,2026-04-20T06:14:29.124Z
98e30b82-9adf-44b1-9b21-8fe1ea4eb0b7,8777447e-bacc-4b8f-b92a-72cacfad3da0,2026-04-14T00:00:00.000Z,PROVISIONAL,1,,2026-04-20T06:14:29.128Z
816a9c2b-8ce3-4c23-acde-eeb635ab42bb,73da49cc-153d-49b9-adc7-3916f32face9,2026-04-14T00:00:00.000Z,PROVISIONAL,1,,2026-04-20T06:14:29.131Z
0a7ebc88-e468-446e-ad42-f15bc1810f78,4bb61e22-be75-47fb-99c9-ca0536267639,2026-04-14T00:00:00.000Z,PROVISIONAL,1,,2026-04-20T06:14:29.137Z
6ce75f51-0dda-461e-b684-b4696e1cd494,0fd5ed76-a523-413a-a34c-2a1a5c120b3f,2026-04-14T00:00:00.000Z,PROVISIONAL,1,,2026-04-20T06:14:29.140Z
8fca1f0b-cbff-45ac-afa0-b5b0884ef324,517eb11b-8923-4a66-a883-3ece9dc6ae07,2026-04-14T00:00:00.000Z,PROVISIONAL,1,,2026-04-20T06:14:29.144Z
8ad9e96b-2f29-4509-9f2e-5a5b86bfb4cc,6585161a-1dbb-4671-9cf2-8be0ca700cdd,2026-04-14T00:00:00.000Z,PROVISIONAL,1,,2026-04-20T06:14:29.147Z
7bd7c70a-78d0-4d2f-8d24-67487f1f4cb5,2f99968c-9190-4cd4-8dba-573cbb9895d3,2026-04-14T00:00:00.000Z,PROVISIONAL,1,,2026-04-20T06:14:29.153Z
e2dd8d10-ff54-4973-abc9-f5976e67c78b,83e85cdc-5218-4daf-90c1-488447d9659b,2026-04-14T00:00:00.000Z,PROVISIONAL,1,,2026-04-20T06:14:29.160Z
866377a8-ede2-4eba-9e25-4ce27d4c2008,3ffb62ec-0ca4-45d8-8d1f-16bec4deba1c,2026-04-14T00:00:00.000Z,PROVISIONAL,1,,2026-04-20T06:14:29.163Z
a3d91245-c2ce-44b1-8b3f-c1cc86f91f0f,1b4a38b7-ef53-4564-8cc1-8fb99efac52e,2026-04-14T00:00:00.000Z,PROVISIONAL,1,,2026-04-20T06:14:29.165Z
b9f1ce04-3fc5-49aa-9710-17e77c922478,32b59948-f8e1-42de-b3ba-d6444e39d1ae,2026-04-14T00:00:00.000Z,PROVISIONAL,1,,2026-04-20T06:14:29.170Z
79ad7fa5-6f2b-439b-acdc-102df3d004a7,70be8b7b-36f0-4a3d-b2d7-49b0f5bff802,2026-04-14T00:00:00.000Z,PROVISIONAL,1,,2026-04-20T06:14:29.176Z
ccc9bb88-80a6-40c5-a3db-831497116792,3b0be51e-ccf6-443f-b3c8-395c66759abe,2026-04-14T00:00:00.000Z,PROVISIONAL,1,,2026-04-20T06:14:29.179Z
4d140e30-8ab0-490a-9bc6-c43385c815e5,260822a5-38de-4642-9ce2-f3d50f952d25,2026-04-14T00:00:00.000Z,PROVISIONAL,1,,2026-04-20T06:14:29.184Z
999a9574-1874-4fea-920e-8293545a2d6b,73da49cc-153d-49b9-adc7-3916f32face9,2026-04-12T00:00:00.000Z,PROVISIONAL,1,,2026-04-14T19:36:35.259Z
36f15fa1-b683-4278-8f4b-a495bb628963,4bb61e22-be75-47fb-99c9-ca0536267639,2026-04-12T00:00:00.000Z,PROVISIONAL,1,,2026-04-14T19:36:35.482Z
fb65feb6-f170-4bf9-8b6f-d103afe0901b,0fd5ed76-a523-413a-a34c-2a1a5c120b3f,2026-04-12T00:00:00.000Z,PROVISIONAL,1,,2026-04-14T19:36:35.715Z
424024c5-47bc-4aad-ab79-36e325fdd001,517eb11b-8923-4a66-a883-3ece9dc6ae07,2026-04-12T00:00:00.000Z,PROVISIONAL,1,,2026-04-14T19:36:35.937Z
f5d43194-4ac6-4af7-a1d9-efc761792772,6585161a-1dbb-4671-9cf2-8be0ca700cdd,2026-04-12T00:00:00.000Z,PROVISIONAL,1,,2026-04-14T19:36:36.140Z
ade90354-3e7a-431d-9286-a655861694a4,2f99968c-9190-4cd4-8dba-573cbb9895d3,2026-04-12T00:00:00.000Z,PROVISIONAL,1,,2026-04-14T19:36:36.367Z
d15d37e5-fa5a-45b3-86fd-b1c1a5f9d519,83e85cdc-5218-4daf-90c1-488447d9659b,2026-04-12T00:00:00.000Z,PROVISIONAL,1,,2026-04-14T19:36:36.590Z
6a0951e0-ea6d-4a5d-ac35-3cf45b6c463a,3ffb62ec-0ca4-45d8-8d1f-16bec4deba1c,2026-04-12T00:00:00.000Z,PROVISIONAL,1,,2026-04-14T19:36:36.805Z
4af25d40-a7c1-43ce-9c92-350179eeae5e,1b4a38b7-ef53-4564-8cc1-8fb99efac52e,2026-04-12T00:00:00.000Z,PROVISIONAL,1,,2026-04-14T19:36:37.017Z
c3281776-f2ec-46be-be8e-13713f7b8f14,32b59948-f8e1-42de-b3ba-d6444e39d1ae,2026-04-12T00:00:00.000Z,PROVISIONAL,1,,2026-04-14T19:36:37.234Z
2f5e7ad2-cd6d-4535-9929-07fa56224a48,70be8b7b-36f0-4a3d-b2d7-49b0f5bff802,2026-04-12T00:00:00.000Z,PROVISIONAL,1,,2026-04-14T19:36:37.438Z
db5d8fb8-99c4-45f4-97f0-5cae7e4edbc3,3b0be51e-ccf6-443f-b3c8-395c66759abe,2026-04-12T00:00:00.000Z,PROVISIONAL,1,,2026-04-14T19:36:37.649Z
c451fe5a-2c7b-416f-bb90-284460533d3a,260822a5-38de-4642-9ce2-f3d50f952d25,2026-04-12T00:00:00.000Z,PROVISIONAL,1,,2026-04-14T19:36:37.868Z
e8bce1af-4484-48c3-8274-bdbd6f64d280,351f0472-67a5-4316-930b-f4096ffdf8c5,2026-04-12T00:00:00.000Z,PROVISIONAL,1,,2026-04-14T19:36:38.140Z
a64ecb85-8b11-47bb-828e-24442b799e4c,f0dab44c-e511-4ed8-9436-d4ab1abed77f,2026-04-12T00:00:00.000Z,PROVISIONAL,1,,2026-04-14T19:36:38.353Z
b216b4ad-7287-4f7c-a5cd-04ee193cc2f9,6a9d503c-748e-44b7-aea5-65835c51ff6b,2026-04-12T00:00:00.000Z,PROVISIONAL,1,,2026-04-14T19:36:38.572Z
5dde589f-05a3-4b8a-8388-dedf533f3b36,ef2372ab-02d3-4344-9934-88bbecdf7881,2026-03-16T00:00:00.000Z,PROVISIONAL,1,,2026-03-17T13:30:41.778Z
463ba605-ec93-4b06-a5ca-6faadc37515b,d865afb7-ff85-4c9b-bfd7-9a32f4664e34,2026-03-30T00:00:00.000Z,PROVISIONAL,1,,2026-04-02T09:27:47.763Z
56f1167c-6436-403f-8329-982467754e4f,e169de9b-e18f-4a53-aade-923b0f360a35,2026-03-30T00:00:00.000Z,PROVISIONAL,1,,2026-04-02T09:27:47.928Z
ee01ed1f-2d45-484e-b27c-3365f23ed0e0,c8a6b511-1a98-482f-9d84-5be9ad456e11,2026-03-30T00:00:00.000Z,PROVISIONAL,1,,2026-04-02T09:27:48.030Z
bd6eb8f3-29ca-4289-8e79-fd4f622d1b52,4a736fae-a521-4c88-9beb-63af15c44cd4,2026-03-30T00:00:00.000Z,PROVISIONAL,1,,2026-04-02T09:27:48.152Z
7ed08ccb-25cb-4206-bc23-ee19881b3ea4,43ec63eb-aa87-4ae6-88d6-8a1a8e4fb38a,2026-03-30T00:00:00.000Z,PROVISIONAL,1,,2026-04-02T09:27:48.251Z
f7684630-7cec-405c-ad67-d175c9c2a6c5,1744f22b-1e05-4e64-9d13-68614215e5c0,2026-03-30T00:00:00.000Z,PROVISIONAL,1,,2026-04-02T09:27:48.366Z
2cfad229-8368-49be-bbee-92c9f847db39,3cc2177f-b5f0-44d1-8342-4cd437892828,2026-03-30T00:00:00.000Z,PROVISIONAL,1,,2026-04-02T09:27:48.476Z
5a574528-cafb-474b-ab57-957907bc361b,e99f625c-0658-4f50-8184-a276c14c9b25,2026-03-30T00:00:00.000Z,PROVISIONAL,1,,2026-04-02T09:27:48.570Z
bd053f0f-e2fd-4f4c-9d26-06dce482af92,cc0f7bae-8255-42a7-b03b-d77b900261e9,2026-03-30T00:00:00.000Z,PROVISIONAL,1,,2026-04-02T09:27:48.665Z
91889468-0b5d-4396-9b8e-6b2ae77c388e,7cd4d25e-f97b-4449-9eda-6a4590249fdd,2026-03-30T00:00:00.000Z,PROVISIONAL,1,,2026-04-02T09:27:48.761Z
709fff3a-71b2-4a65-84fe-ddbce9d6a532,33a64bc4-3c58-4561-a6ba-fe58c4ececc4,2026-03-30T00:00:00.000Z,PROVISIONAL,1,,2026-04-02T09:27:48.867Z
9630af32-5862-4914-9a5a-625ea3c41bb5,151c5a52-830c-431d-88f6-4059c627c357,2026-03-30T00:00:00.000Z,PROVISIONAL,1,,2026-04-02T09:27:49.025Z
0f543bc7-7e1a-4dc7-8efd-66c2f1f12558,2bf0e6a8-a208-4a0a-92fb-baeb3fde3184,2026-03-30T00:00:00.000Z,PROVISIONAL,1,,2026-04-02T09:27:49.128Z
8feeff5d-8e4c-4da7-a568-49953d321ebc,4f2f65b0-9f03-4c12-9137-600b40de011a,2026-03-30T00:00:00.000Z,PROVISIONAL,1,,2026-04-02T09:27:49.228Z
3686b047-6eb6-498b-a386-94b35feff1af,ab6798cb-4ced-40ab-af53-721bbe784fe3,2026-03-30T00:00:00.000Z,PROVISIONAL,1,,2026-04-02T09:27:49.331Z
0ba0ba81-e96e-4ced-b4e9-d811a044fd09,70746c9d-9baf-484b-a95a-b9735e392b06,2026-03-30T00:00:00.000Z,PROVISIONAL,1,,2026-04-02T09:27:49.442Z
fed2bf12-a7c0-4fd7-954c-0554a47d7a9e,f3893a81-9a2d-46b3-a4d6-a12766aac9c1,2026-03-30T00:00:00.000Z,PROVISIONAL,1,,2026-04-02T09:27:49.545Z
6c3e127e-fdbc-4c6b-9be2-82f6e41ff41b,f7e34c11-78ed-4d49-bc12-c462a36e8f5b,2026-03-30T00:00:00.000Z,PROVISIONAL,1,,2026-04-02T09:27:49.641Z
e6ddc009-c065-48d5-96c1-ea631443232a,943a2e0b-7399-4f7e-9fd2-77bcfc913d31,2026-03-30T00:00:00.000Z,PROVISIONAL,1,,2026-04-02T09:27:49.729Z
913283b2-ee25-471d-8b48-44bf3071f526,317c7cdc-7af5-40bc-beab-899d5a9cde51,2026-03-30T00:00:00.000Z,PROVISIONAL,1,,2026-04-02T09:27:49.827Z
a07b9b84-5f73-4de1-bb09-b04fd2e7f9df,74534fe1-9098-4180-8f8f-609f848aa1ef,2026-03-30T00:00:00.000Z,PROVISIONAL,1,,2026-04-02T09:27:49.923Z
b8cafeef-37cd-42c3-9e80-e54e38820864,6cec69c8-d400-4431-9502-c0808a146513,2026-03-30T00:00:00.000Z,PROVISIONAL,1,,2026-04-02T09:27:50.020Z
006f4bf1-a381-4049-85cb-b3f074c71b43,6d50ff1e-edfd-40f5-bbce-bb7757380e3c,2026-03-30T00:00:00.000Z,PROVISIONAL,1,,2026-04-02T09:27:50.114Z
8b971d72-c5da-440c-b1c9-036c1db1c4c3,ea4ffcc2-ded5-435f-b8ab-c6dbd6e0fb75,2026-03-30T00:00:00.000Z,PROVISIONAL,1,,2026-04-02T09:27:50.215Z
a85c5fb0-f358-44ac-8203-ec7ddc140e3e,eef3414e-4689-476c-8f73-0664224bd5d6,2026-03-30T00:00:00.000Z,PROVISIONAL,1,,2026-04-02T09:27:50.310Z
de051796-7270-4c53-b94d-8ea410c75c22,0c380b1b-b48f-47b2-8bd6-67b5bf24da2f,2026-03-30T00:00:00.000Z,PROVISIONAL,1,,2026-04-02T09:27:50.423Z
a8b666ba-fd55-44ae-a2a4-ac2d7a3ca6f6,8777447e-bacc-4b8f-b92a-72cacfad3da0,2026-03-30T00:00:00.000Z,PROVISIONAL,1,,2026-04-02T09:27:50.513Z
61e97de4-b787-45be-b4aa-09a09a4b999b,73da49cc-153d-49b9-adc7-3916f32face9,2026-03-30T00:00:00.000Z,PROVISIONAL,1,,2026-04-02T09:27:50.603Z
081246ec-73f0-4639-9d5e-5f8a192a1753,4bb61e22-be75-47fb-99c9-ca0536267639,2026-03-30T00:00:00.000Z,PROVISIONAL,1,,2026-04-02T09:27:50.695Z
dd22f657-4551-488e-bcd2-c086b7849242,0fd5ed76-a523-413a-a34c-2a1a5c120b3f,2026-03-30T00:00:00.000Z,PROVISIONAL,1,,2026-04-02T09:27:50.784Z
010f7f03-92ad-4e4e-87ba-93b2f322d329,517eb11b-8923-4a66-a883-3ece9dc6ae07,2026-03-30T00:00:00.000Z,PROVISIONAL,1,,2026-04-02T09:27:50.880Z
dc95e657-7ff1-4696-982f-355f8836547b,6585161a-1dbb-4671-9cf2-8be0ca700cdd,2026-03-30T00:00:00.000Z,PROVISIONAL,1,,2026-04-02T09:27:50.995Z
aa463f81-5524-4644-8a71-e368a282a02b,2f99968c-9190-4cd4-8dba-573cbb9895d3,2026-03-30T00:00:00.000Z,PROVISIONAL,1,,2026-04-02T09:27:51.087Z
10b5064e-ad49-456c-b169-000f292150b4,83e85cdc-5218-4daf-90c1-488447d9659b,2026-03-30T00:00:00.000Z,PROVISIONAL,1,,2026-04-02T09:27:51.182Z
0ed8922b-863e-46e7-9cc7-1686f8910418,3ffb62ec-0ca4-45d8-8d1f-16bec4deba1c,2026-03-30T00:00:00.000Z,PROVISIONAL,1,,2026-04-02T09:27:51.278Z
9a1ebb93-1ae9-4641-9fd9-2038226b0df5,1b4a38b7-ef53-4564-8cc1-8fb99efac52e,2026-03-30T00:00:00.000Z,PROVISIONAL,1,,2026-04-02T09:27:51.381Z
d8f629e9-d709-49a7-89d7-5971b045cfbd,32b59948-f8e1-42de-b3ba-d6444e39d1ae,2026-03-30T00:00:00.000Z,PROVISIONAL,1,,2026-04-02T09:27:51.470Z
5a62fab2-48b3-45c2-b2a8-767ac528eb8b,70be8b7b-36f0-4a3d-b2d7-49b0f5bff802,2026-03-30T00:00:00.000Z,PROVISIONAL,1,,2026-04-02T09:27:51.573Z
9b780485-4951-48ef-afb1-b4e57dc4cf9d,3b0be51e-ccf6-443f-b3c8-395c66759abe,2026-03-30T00:00:00.000Z,PROVISIONAL,1,,2026-04-02T09:27:51.671Z
9bd24662-476f-4e52-ae14-3c197805f5e8,260822a5-38de-4642-9ce2-f3d50f952d25,2026-03-30T00:00:00.000Z,PROVISIONAL,1,,2026-04-02T09:27:51.774Z
f74edc1e-acf9-4eab-b203-fc595f52692a,351f0472-67a5-4316-930b-f4096ffdf8c5,2026-03-30T00:00:00.000Z,PROVISIONAL,1,,2026-04-02T09:27:51.879Z
f7adfc10-6f64-4138-bb77-ec2b072fd2a8,f0dab44c-e511-4ed8-9436-d4ab1abed77f,2026-03-30T00:00:00.000Z,PROVISIONAL,1,,2026-04-02T09:27:52.003Z
dd6df9f2-10b6-4c8a-b98e-6c01bd629d4d,6a9d503c-748e-44b7-aea5-65835c51ff6b,2026-03-30T00:00:00.000Z,PROVISIONAL,1,,2026-04-02T09:27:52.148Z
2da3ac34-63a3-49fe-bd2e-71834157b0d6,7eeb67c1-e05a-41c5-b819-423539f158f1,2026-03-30T00:00:00.000Z,PROVISIONAL,1,,2026-04-02T09:27:52.248Z
715d8dfa-92b3-412f-ae10-88e749b3a1dc,543bcf21-ebf3-4098-9474-00e580c96a0f,2026-03-30T00:00:00.000Z,PROVISIONAL,1,,2026-04-02T09:27:52.338Z
b3c80bb7-c6db-4d1b-a499-1e48b519bdba,92ec1b33-2fd8-4ec3-a4a4-1860861756d1,2026-03-30T00:00:00.000Z,PROVISIONAL,1,,2026-04-02T09:27:52.426Z
f046f655-3244-472c-baa5-fce503c1414a,f4d42a8a-34e2-4bce-a251-db58cf0295d3,2026-03-30T00:00:00.000Z,PROVISIONAL,1,,2026-04-02T09:27:52.515Z
b2dd3d34-e97c-4493-b76a-9bf70902c21a,ef2372ab-02d3-4344-9934-88bbecdf7881,2026-03-30T00:00:00.000Z,PROVISIONAL,1,,2026-04-02T09:27:52.607Z
20b8432c-827b-4792-bb2c-f476aa246d66,fce29462-4317-4544-9cb3-ff8238bc6530,2026-03-30T00:00:00.000Z,PROVISIONAL,1,,2026-04-02T09:27:52.700Z
3e1dccca-c83a-4fbc-8efe-04b61e889c5f,58084a27-cf9f-4d44-b070-dcb27c3a6f02,2026-03-30T00:00:00.000Z,PROVISIONAL,1,,2026-04-02T09:27:52.812Z
af788343-18c2-45d4-a70e-1f475f0782a8,9a4b2029-c405-49ee-b827-b40a4203bd22,2026-03-30T00:00:00.000Z,PROVISIONAL,1,,2026-04-02T09:27:52.943Z
f78567c8-e395-456e-9f30-2883ed39bec8,9aeb3132-f278-431b-9d09-f3bba3145613,2026-03-30T00:00:00.000Z,PROVISIONAL,1,,2026-04-02T09:27:53.067Z
cdf41db6-2835-4d0e-912d-2fbb2f8b9df2,67cfac59-6594-49cf-bfaf-6824497c72e2,2026-03-30T00:00:00.000Z,PROVISIONAL,1,,2026-04-02T09:27:53.183Z
43fca26c-1a19-4509-85c6-baf42d22c0b8,62594348-3833-411b-8fed-81b2245d29c2,2026-03-30T00:00:00.000Z,PROVISIONAL,1,,2026-04-02T09:27:53.283Z
4b025b02-b8af-43cd-b37a-e88805becd80,c8a6b511-1a98-482f-9d84-5be9ad456e11,2024-03-31T00:00:00.000Z,PROVISIONAL,1,,2026-04-02T09:58:04.302Z
d638a3fa-d2a6-474d-aee4-3844d068d5ad,4a736fae-a521-4c88-9beb-63af15c44cd4,2024-03-31T00:00:00.000Z,PROVISIONAL,1,,2026-04-02T09:58:04.412Z
696d56ed-4e63-48d1-952d-fa42c7e9ebed,43ec63eb-aa87-4ae6-88d6-8a1a8e4fb38a,2024-03-31T00:00:00.000Z,PROVISIONAL,1,,2026-04-02T09:58:04.538Z
edbb229b-cee9-41b9-9035-c88814a658f7,1744f22b-1e05-4e64-9d13-68614215e5c0,2024-03-31T00:00:00.000Z,PROVISIONAL,1,,2026-04-02T09:58:04.688Z
983c736b-8c62-4e16-8ba6-0a90cdd6e19b,e169de9b-e18f-4a53-aade-923b0f360a35,2026-03-16T00:00:00.000Z,PROVISIONAL,1,,2026-03-17T13:30:41.775Z
3f626c19-3bb0-42cb-b1a0-9c92c3cbd679,c8a6b511-1a98-482f-9d84-5be9ad456e11,2026-03-16T00:00:00.000Z,PROVISIONAL,1,,2026-03-17T13:30:41.761Z
b9dae941-a13e-4feb-bf7f-e85a13d09a48,3cc2177f-b5f0-44d1-8342-4cd437892828,2024-03-31T00:00:00.000Z,PROVISIONAL,1,,2026-04-02T09:58:04.796Z
4d699ef7-f91a-4525-8cb6-f29d49893937,4a736fae-a521-4c88-9beb-63af15c44cd4,2026-03-16T00:00:00.000Z,PROVISIONAL,1,,2026-03-17T13:30:41.763Z
ce502cc7-1db5-47b2-abb0-fe187849eaf0,43ec63eb-aa87-4ae6-88d6-8a1a8e4fb38a,2026-03-16T00:00:00.000Z,PROVISIONAL,1,,2026-03-17T13:30:41.765Z
31ba1c9a-89e6-4d21-b3ca-ae4469edca4a,1744f22b-1e05-4e64-9d13-68614215e5c0,2026-03-16T00:00:00.000Z,PROVISIONAL,1,,2026-03-17T13:30:41.767Z
62fd7ba7-95b0-424d-9756-ddf6cc8a17e0,3cc2177f-b5f0-44d1-8342-4cd437892828,2026-03-16T00:00:00.000Z,PROVISIONAL,1,,2026-03-17T13:30:41.769Z
5eddee01-9211-4487-afde-d99507483f73,e99f625c-0658-4f50-8184-a276c14c9b25,2026-03-16T00:00:00.000Z,PROVISIONAL,1,,2026-03-17T13:30:41.771Z
9f9e0a18-8070-4cde-8bb0-957b9c27d2be,cc0f7bae-8255-42a7-b03b-d77b900261e9,2026-03-16T00:00:00.000Z,PROVISIONAL,1,,2026-03-17T13:30:41.773Z
af8d2456-0a03-471c-ad94-0710167fb0c5,7cd4d25e-f97b-4449-9eda-6a4590249fdd,2026-03-16T00:00:00.000Z,PROVISIONAL,1,,2026-03-17T13:30:41.679Z
f4140ef5-d24c-479e-b5a6-e8132871e7de,33a64bc4-3c58-4561-a6ba-fe58c4ececc4,2026-03-16T00:00:00.000Z,PROVISIONAL,1,,2026-03-17T13:30:41.776Z
661afd41-9bcf-40f4-8deb-735d37cc4fe0,151c5a52-830c-431d-88f6-4059c627c357,2026-03-16T00:00:00.000Z,PROVISIONAL,1,,2026-03-17T13:30:41.685Z
9131f5db-6287-4858-80f6-33f119152488,2bf0e6a8-a208-4a0a-92fb-baeb3fde3184,2026-03-16T00:00:00.000Z,PROVISIONAL,1,,2026-03-17T13:30:41.687Z
3bc0c9b7-dc5c-424a-9353-40475c0da949,4f2f65b0-9f03-4c12-9137-600b40de011a,2026-03-16T00:00:00.000Z,PROVISIONAL,1,,2026-03-17T13:30:41.689Z
a3d877df-7cb6-40ff-bf95-ab99c9f8099e,ab6798cb-4ced-40ab-af53-721bbe784fe3,2026-03-16T00:00:00.000Z,PROVISIONAL,1,,2026-03-17T13:30:41.691Z
35106d32-f9b5-4914-804e-b6ee0c80a072,70746c9d-9baf-484b-a95a-b9735e392b06,2026-03-16T00:00:00.000Z,PROVISIONAL,1,,2026-03-17T13:30:41.693Z
5924ebc1-6aee-4a15-9f6a-0bf6800d302d,f3893a81-9a2d-46b3-a4d6-a12766aac9c1,2026-03-16T00:00:00.000Z,PROVISIONAL,1,,2026-03-17T13:30:41.696Z
778972b2-cd7c-42db-a2ad-e4513d5ae0a6,f7e34c11-78ed-4d49-bc12-c462a36e8f5b,2026-03-16T00:00:00.000Z,PROVISIONAL,1,,2026-03-17T13:30:41.698Z
92a3d558-a93c-4dd4-8012-5ff2d746ed97,943a2e0b-7399-4f7e-9fd2-77bcfc913d31,2026-03-16T00:00:00.000Z,PROVISIONAL,1,,2026-03-17T13:30:41.700Z
062bf924-f652-48d5-ac09-2d85f4b42257,317c7cdc-7af5-40bc-beab-899d5a9cde51,2026-03-16T00:00:00.000Z,PROVISIONAL,1,,2026-03-17T13:30:41.702Z
bd2045ce-3211-4540-a505-fb144a2b3f8c,74534fe1-9098-4180-8f8f-609f848aa1ef,2026-03-16T00:00:00.000Z,PROVISIONAL,1,,2026-03-17T13:30:41.704Z
f8eced74-02e8-4160-a71a-1f3a071e1078,6cec69c8-d400-4431-9502-c0808a146513,2026-03-16T00:00:00.000Z,PROVISIONAL,1,,2026-03-17T13:30:41.706Z
024a920b-a66a-4970-a917-333715278b50,6d50ff1e-edfd-40f5-bbce-bb7757380e3c,2026-03-16T00:00:00.000Z,PROVISIONAL,1,,2026-03-17T13:30:41.708Z
76f0f9a1-2ff7-4fdc-a16a-c8852d78b69b,ea4ffcc2-ded5-435f-b8ab-c6dbd6e0fb75,2026-03-16T00:00:00.000Z,PROVISIONAL,1,,2026-03-17T13:30:41.710Z
d2ad6003-57bb-4a50-bacd-fea55261d8b1,eef3414e-4689-476c-8f73-0664224bd5d6,2026-03-16T00:00:00.000Z,PROVISIONAL,1,,2026-03-17T13:30:41.712Z
6ded9b72-e5f6-44dc-914a-943227acb3d3,0c380b1b-b48f-47b2-8bd6-67b5bf24da2f,2026-03-16T00:00:00.000Z,PROVISIONAL,1,,2026-03-17T13:30:41.714Z
28b53ded-3d39-488f-9400-a4b61b87d646,8777447e-bacc-4b8f-b92a-72cacfad3da0,2026-03-16T00:00:00.000Z,PROVISIONAL,1,,2026-03-17T13:30:41.716Z
cde6d009-5f6d-49bc-8ad6-22d10e91f86c,73da49cc-153d-49b9-adc7-3916f32face9,2026-03-16T00:00:00.000Z,PROVISIONAL,1,,2026-03-17T13:30:41.719Z
2d86a7eb-dbf9-4be0-b6dc-5844bc8ba343,4bb61e22-be75-47fb-99c9-ca0536267639,2026-03-16T00:00:00.000Z,PROVISIONAL,1,,2026-03-17T13:30:41.721Z
9a2efbd4-65bc-4c1d-b4d7-40dea4df56a7,0fd5ed76-a523-413a-a34c-2a1a5c120b3f,2026-03-16T00:00:00.000Z,PROVISIONAL,1,,2026-03-17T13:30:41.722Z
3d0bd351-701e-4c8f-893e-8c05e9fa1146,517eb11b-8923-4a66-a883-3ece9dc6ae07,2026-03-16T00:00:00.000Z,PROVISIONAL,1,,2026-03-17T13:30:41.724Z
87cdf24d-d64a-44f5-b726-9d001316a99f,6585161a-1dbb-4671-9cf2-8be0ca700cdd,2026-03-16T00:00:00.000Z,PROVISIONAL,1,,2026-03-17T13:30:41.726Z
eb8e5c09-67d3-4a08-9827-cb070fa313f1,2f99968c-9190-4cd4-8dba-573cbb9895d3,2026-03-16T00:00:00.000Z,PROVISIONAL,1,,2026-03-17T13:30:41.728Z
fedcaefd-1468-4f30-bb7d-34f0fdd8715b,83e85cdc-5218-4daf-90c1-488447d9659b,2026-03-16T00:00:00.000Z,PROVISIONAL,1,,2026-03-17T13:30:41.730Z
7f280645-2952-4713-822d-6f3219264f52,3ffb62ec-0ca4-45d8-8d1f-16bec4deba1c,2026-03-16T00:00:00.000Z,PROVISIONAL,1,,2026-03-17T13:30:41.732Z
c52e8b1e-cdb5-43d4-a5c6-8464487ba547,1b4a38b7-ef53-4564-8cc1-8fb99efac52e,2026-03-16T00:00:00.000Z,PROVISIONAL,1,,2026-03-17T13:30:41.734Z
09e7e2bb-c550-4d8a-ad48-2b1cd9c1b3e2,32b59948-f8e1-42de-b3ba-d6444e39d1ae,2026-03-16T00:00:00.000Z,PROVISIONAL,1,,2026-03-17T13:30:41.736Z
4f313143-f282-4553-b593-c8b3d25da5cc,70be8b7b-36f0-4a3d-b2d7-49b0f5bff802,2026-03-16T00:00:00.000Z,PROVISIONAL,1,,2026-03-17T13:30:41.738Z
9b316814-e346-4409-ae9e-12bb094fb20a,3b0be51e-ccf6-443f-b3c8-395c66759abe,2026-03-16T00:00:00.000Z,PROVISIONAL,1,,2026-03-17T13:30:41.739Z
36876f64-e8df-4ff1-8c17-e3a58e6c3cfa,260822a5-38de-4642-9ce2-f3d50f952d25,2026-03-16T00:00:00.000Z,PROVISIONAL,1,,2026-03-17T13:30:41.741Z
d92419bb-790d-4c4e-9c68-a29fa7367621,351f0472-67a5-4316-930b-f4096ffdf8c5,2026-03-16T00:00:00.000Z,PROVISIONAL,1,,2026-03-17T13:30:41.743Z
6bf4c34e-cf8b-411d-977c-4aef6f346be5,f0dab44c-e511-4ed8-9436-d4ab1abed77f,2026-03-16T00:00:00.000Z,PROVISIONAL,1,,2026-03-17T13:30:41.745Z
592b6bcb-1394-4ab5-8dc1-637b2f9296f9,6a9d503c-748e-44b7-aea5-65835c51ff6b,2026-03-16T00:00:00.000Z,PROVISIONAL,1,,2026-03-17T13:30:41.747Z
b07c28f1-79c5-4c0d-9eea-09852279c00b,7eeb67c1-e05a-41c5-b819-423539f158f1,2026-03-16T00:00:00.000Z,PROVISIONAL,1,,2026-03-17T13:30:41.749Z
3742a684-e49f-45c2-b146-e8d97298f92e,543bcf21-ebf3-4098-9474-00e580c96a0f,2026-03-16T00:00:00.000Z,PROVISIONAL,1,,2026-03-17T13:30:41.751Z
611a7847-845b-4176-8f37-3eb4f14a6928,92ec1b33-2fd8-4ec3-a4a4-1860861756d1,2026-03-16T00:00:00.000Z,PROVISIONAL,1,,2026-03-17T13:30:41.753Z
b4e34226-4b6a-4c89-896b-b7aeedd39689,f4d42a8a-34e2-4bce-a251-db58cf0295d3,2026-03-16T00:00:00.000Z,PROVISIONAL,1,,2026-03-17T13:30:41.755Z
8be7cabe-a98a-4238-8f48-6c3f87324fe1,fce29462-4317-4544-9cb3-ff8238bc6530,2026-03-16T00:00:00.000Z,PROVISIONAL,1,,2026-03-17T13:30:41.757Z
4a612a6e-6e8d-43ca-a442-a8f6cb7e4783,58084a27-cf9f-4d44-b070-dcb27c3a6f02,2026-03-16T00:00:00.000Z,PROVISIONAL,1,,2026-03-17T13:30:41.758Z
049e1515-1a04-49c5-ad39-a243aa6a5164,9a4b2029-c405-49ee-b827-b40a4203bd22,2026-03-16T00:00:00.000Z,PROVISIONAL,1,,2026-03-17T13:30:41.780Z
cfef91f7-50af-48e8-b95f-e47a0fd1cd15,9aeb3132-f278-431b-9d09-f3bba3145613,2026-03-16T00:00:00.000Z,PROVISIONAL,1,,2026-03-17T13:30:41.782Z
ced287a3-612b-465b-b431-8c281a9b6aa1,67cfac59-6594-49cf-bfaf-6824497c72e2,2026-03-16T00:00:00.000Z,PROVISIONAL,1,,2026-03-17T13:30:41.785Z
b6541235-45bf-409c-9a18-5f1cfc2140d4,62594348-3833-411b-8fed-81b2245d29c2,2026-03-16T00:00:00.000Z,PROVISIONAL,1,,2026-03-17T13:30:41.787Z
f9d02f58-39f6-48bf-b681-fd2cd2cd03c1,b3edd721-3b6b-4b9f-a98d-aacf668d2ee1,2026-03-16T00:00:00.000Z,PROVISIONAL,1,,2026-03-17T13:30:41.789Z
18813359-4b19-487c-9220-41687b3ac5fd,d865afb7-ff85-4c9b-bfd7-9a32f4664e34,2026-03-17T00:00:00.000Z,PROVISIONAL,1,,2026-03-18T10:20:18.339Z
aa7ecbcd-630d-496f-bf87-8cf95315b1e3,e99f625c-0658-4f50-8184-a276c14c9b25,2024-03-31T00:00:00.000Z,PROVISIONAL,1,,2026-04-02T09:58:04.897Z
c4e82b47-773b-4ecf-bffd-91cc25901063,cc0f7bae-8255-42a7-b03b-d77b900261e9,2024-03-31T00:00:00.000Z,PROVISIONAL,1,,2026-04-02T09:58:05.023Z
66f43ad1-1904-43dc-83e7-a91238f4dbc0,7cd4d25e-f97b-4449-9eda-6a4590249fdd,2024-03-31T00:00:00.000Z,PROVISIONAL,1,,2026-04-02T09:58:05.130Z
22a9ea13-2645-4e39-a757-2fc9ddca5cd2,33a64bc4-3c58-4561-a6ba-fe58c4ececc4,2024-03-31T00:00:00.000Z,PROVISIONAL,1,,2026-04-02T09:58:05.282Z
bba59b8f-78ed-4eae-9ae3-3e755b79d92b,151c5a52-830c-431d-88f6-4059c627c357,2024-03-31T00:00:00.000Z,PROVISIONAL,1,,2026-04-02T09:58:05.408Z
66b2823b-2ddf-404f-82b4-4fde3ba9b358,2bf0e6a8-a208-4a0a-92fb-baeb3fde3184,2024-03-31T00:00:00.000Z,PROVISIONAL,1,,2026-04-02T09:58:05.523Z
01444fe0-b05a-4128-b46c-588b95fd03cc,4f2f65b0-9f03-4c12-9137-600b40de011a,2024-03-31T00:00:00.000Z,PROVISIONAL,1,,2026-04-02T09:58:05.623Z
dbac05a7-aba3-47f1-812a-716babc843d0,ab6798cb-4ced-40ab-af53-721bbe784fe3,2024-03-31T00:00:00.000Z,PROVISIONAL,1,,2026-04-02T09:58:05.724Z
33ba9b24-b7f7-4a6d-834e-d94ee7d346e7,70746c9d-9baf-484b-a95a-b9735e392b06,2024-03-31T00:00:00.000Z,PROVISIONAL,1,,2026-04-02T09:58:05.835Z
4e6b877b-c5b7-4860-9a7e-caf55c0b089a,f3893a81-9a2d-46b3-a4d6-a12766aac9c1,2024-03-31T00:00:00.000Z,PROVISIONAL,1,,2026-04-02T09:58:05.930Z
7f743d21-730b-4059-a4d8-bef808f9db8c,f7e34c11-78ed-4d49-bc12-c462a36e8f5b,2024-03-31T00:00:00.000Z,PROVISIONAL,1,,2026-04-02T09:58:06.016Z
a2102029-5e6d-440b-96a1-35e0ca343885,943a2e0b-7399-4f7e-9fd2-77bcfc913d31,2024-03-31T00:00:00.000Z,PROVISIONAL,1,,2026-04-02T09:58:06.093Z
8cd8692d-45a8-43f7-bc1a-c5a4a9e9fb77,317c7cdc-7af5-40bc-beab-899d5a9cde51,2024-03-31T00:00:00.000Z,PROVISIONAL,1,,2026-04-02T09:58:06.175Z
07dbacae-890e-48ca-8a33-66900402d77d,74534fe1-9098-4180-8f8f-609f848aa1ef,2024-03-31T00:00:00.000Z,PROVISIONAL,1,,2026-04-02T09:58:06.253Z
9c3c9f7b-984c-4e42-92df-219793412247,6cec69c8-d400-4431-9502-c0808a146513,2024-03-31T00:00:00.000Z,PROVISIONAL,1,,2026-04-02T09:58:06.331Z
d9369c23-c18c-470c-8e3d-2089a13062b7,6d50ff1e-edfd-40f5-bbce-bb7757380e3c,2024-03-31T00:00:00.000Z,PROVISIONAL,1,,2026-04-02T09:58:06.406Z
375ac6b7-59b5-418a-b2f0-bc3a937e1afc,ea4ffcc2-ded5-435f-b8ab-c6dbd6e0fb75,2024-03-31T00:00:00.000Z,PROVISIONAL,1,,2026-04-02T09:58:06.488Z
32c1f905-707d-404e-9fdd-09da76b2b3f5,eef3414e-4689-476c-8f73-0664224bd5d6,2024-03-31T00:00:00.000Z,PROVISIONAL,1,,2026-04-02T09:58:06.573Z
9758a308-42d2-4b33-9ce1-1e49aeb01f0e,0c380b1b-b48f-47b2-8bd6-67b5bf24da2f,2024-03-31T00:00:00.000Z,PROVISIONAL,1,,2026-04-02T09:58:06.650Z
f4d604e2-0b93-4cbe-8de6-7495b4f262e1,8777447e-bacc-4b8f-b92a-72cacfad3da0,2024-03-31T00:00:00.000Z,PROVISIONAL,1,,2026-04-02T09:58:06.728Z
c3536898-3b04-4278-9890-74e2103ae156,73da49cc-153d-49b9-adc7-3916f32face9,2024-03-31T00:00:00.000Z,PROVISIONAL,1,,2026-04-02T09:58:06.811Z
ca915baa-9226-4af2-8c34-0607e2cec73a,4bb61e22-be75-47fb-99c9-ca0536267639,2024-03-31T00:00:00.000Z,PROVISIONAL,1,,2026-04-02T09:58:06.893Z
12a54d5b-0bde-4967-9818-6b1e15df8fd6,0fd5ed76-a523-413a-a34c-2a1a5c120b3f,2024-03-31T00:00:00.000Z,PROVISIONAL,1,,2026-04-02T09:58:06.982Z
dbf93ba4-45ca-4d1c-98ef-84b9b06d398d,517eb11b-8923-4a66-a883-3ece9dc6ae07,2024-03-31T00:00:00.000Z,PROVISIONAL,1,,2026-04-02T09:58:07.062Z
88fcb471-aa9e-4ad3-b451-26c3a5e14a47,6585161a-1dbb-4671-9cf2-8be0ca700cdd,2024-03-31T00:00:00.000Z,PROVISIONAL,1,,2026-04-02T09:58:07.141Z
69dcd262-86ca-4414-8eaf-dea4a5b8004f,2f99968c-9190-4cd4-8dba-573cbb9895d3,2024-03-31T00:00:00.000Z,PROVISIONAL,1,,2026-04-02T09:58:07.224Z
41e8cacc-43d2-4b56-ae0a-f0e591541f70,83e85cdc-5218-4daf-90c1-488447d9659b,2024-03-31T00:00:00.000Z,PROVISIONAL,1,,2026-04-02T09:58:07.311Z
50d79c9d-d15e-4217-993b-81c6536db724,3ffb62ec-0ca4-45d8-8d1f-16bec4deba1c,2024-03-31T00:00:00.000Z,PROVISIONAL,1,,2026-04-02T09:58:07.391Z
e9a7cee4-2a79-4c70-bbb2-09dfd4cde1a2,1b4a38b7-ef53-4564-8cc1-8fb99efac52e,2024-03-31T00:00:00.000Z,PROVISIONAL,1,,2026-04-02T09:58:07.473Z
20634de1-a0a8-4ebf-8da2-fa6af3d955e2,32b59948-f8e1-42de-b3ba-d6444e39d1ae,2024-03-31T00:00:00.000Z,PROVISIONAL,1,,2026-04-02T09:58:07.558Z
86e6a938-68ee-40df-90c1-8c55f271bd8a,70be8b7b-36f0-4a3d-b2d7-49b0f5bff802,2024-03-31T00:00:00.000Z,PROVISIONAL,1,,2026-04-02T09:58:07.641Z
92104544-4c86-40b2-a04b-cdc73bef1339,3b0be51e-ccf6-443f-b3c8-395c66759abe,2024-03-31T00:00:00.000Z,PROVISIONAL,1,,2026-04-02T09:58:07.721Z
48b09cd7-5ba9-4250-95d5-757c7aa7a371,260822a5-38de-4642-9ce2-f3d50f952d25,2024-03-31T00:00:00.000Z,PROVISIONAL,1,,2026-04-02T09:58:07.804Z
8ff8f351-e31e-46f7-947b-a0edfd76e512,351f0472-67a5-4316-930b-f4096ffdf8c5,2024-03-31T00:00:00.000Z,PROVISIONAL,1,,2026-04-02T09:58:07.886Z
4edebd8a-705d-47d0-8ac2-14742ad0be4e,f0dab44c-e511-4ed8-9436-d4ab1abed77f,2024-03-31T00:00:00.000Z,PROVISIONAL,1,,2026-04-02T09:58:07.974Z
c275316a-1ec1-403b-a56a-c5e0d92c514f,6a9d503c-748e-44b7-aea5-65835c51ff6b,2024-03-31T00:00:00.000Z,PROVISIONAL,1,,2026-04-02T09:58:08.053Z
20f3562b-9f6a-47b5-9697-a522fe64a417,7eeb67c1-e05a-41c5-b819-423539f158f1,2024-03-31T00:00:00.000Z,PROVISIONAL,1,,2026-04-02T09:58:08.137Z
d2510b4b-bb3e-43e1-bfab-7f756a9a4d78,543bcf21-ebf3-4098-9474-00e580c96a0f,2024-03-31T00:00:00.000Z,PROVISIONAL,1,,2026-04-02T09:58:08.216Z
18f74e71-ab0b-4e12-b327-e25e721bd84a,92ec1b33-2fd8-4ec3-a4a4-1860861756d1,2024-03-31T00:00:00.000Z,PROVISIONAL,1,,2026-04-02T09:58:08.296Z
fccac90e-71f4-4c1b-8638-2071021e4c0c,f4d42a8a-34e2-4bce-a251-db58cf0295d3,2024-03-31T00:00:00.000Z,PROVISIONAL,1,,2026-04-02T09:58:08.382Z
c8234fd7-772f-49db-8002-8167084c79fe,ef2372ab-02d3-4344-9934-88bbecdf7881,2024-03-31T00:00:00.000Z,PROVISIONAL,1,,2026-04-02T09:58:08.467Z
698068b6-b325-4aab-875c-50f00311016a,fce29462-4317-4544-9cb3-ff8238bc6530,2024-03-31T00:00:00.000Z,PROVISIONAL,1,,2026-04-02T09:58:08.554Z
cb9c3442-9bd7-416d-9b5b-8d62efa470a5,58084a27-cf9f-4d44-b070-dcb27c3a6f02,2024-03-31T00:00:00.000Z,PROVISIONAL,1,,2026-04-02T09:58:08.637Z
2440c52a-418b-4edf-a09e-2e843c58a1d1,9a4b2029-c405-49ee-b827-b40a4203bd22,2024-03-31T00:00:00.000Z,PROVISIONAL,1,,2026-04-02T09:58:08.719Z
3365b432-a9ca-4fa9-a234-794e54a5892c,9aeb3132-f278-431b-9d09-f3bba3145613,2024-03-31T00:00:00.000Z,PROVISIONAL,1,,2026-04-02T09:58:08.802Z
2b53f3a6-2cef-4773-a080-aebfc5b65d51,67cfac59-6594-49cf-bfaf-6824497c72e2,2024-03-31T00:00:00.000Z,PROVISIONAL,1,,2026-04-02T09:58:08.889Z
aaecf21f-dba9-41e8-8777-60be31a5e227,62594348-3833-411b-8fed-81b2245d29c2,2024-03-31T00:00:00.000Z,PROVISIONAL,1,,2026-04-02T09:58:08.978Z
a731e01b-ce3d-4058-9f65-1f0127e9d188,b3edd721-3b6b-4b9f-a98d-aacf668d2ee1,2024-03-31T00:00:00.000Z,PROVISIONAL,1,,2026-04-02T09:58:09.060Z
8241e210-5d0f-41d0-a179-c200d59a5b74,d865afb7-ff85-4c9b-bfd7-9a32f4664e34,2026-04-06T00:00:00.000Z,PROVISIONAL,1,,2026-04-08T12:55:31.949Z
abe976d9-016c-4be8-9298-91d8a919af33,b3edd721-3b6b-4b9f-a98d-aacf668d2ee1,2026-03-30T00:00:00.000Z,PROVISIONAL,1,,2026-04-02T09:27:53.377Z
b1122783-1cc7-4ac9-9fc9-e8c85c94fb2c,43ec63eb-aa87-4ae6-88d6-8a1a8e4fb38a,2026-03-17T00:00:00.000Z,PROVISIONAL,1,,2026-03-18T10:20:18.675Z
54bbeee5-6ed9-4739-8967-0183b5a917ee,3cc2177f-b5f0-44d1-8342-4cd437892828,2026-03-17T00:00:00.000Z,PROVISIONAL,1,,2026-03-18T10:20:18.734Z
58fcde65-48c1-48b0-9ef6-9d1dee45b344,e99f625c-0658-4f50-8184-a276c14c9b25,2026-03-17T00:00:00.000Z,PROVISIONAL,1,,2026-03-18T10:20:18.761Z
0de43f5e-d238-4415-a27d-535ce246e77c,e169de9b-e18f-4a53-aade-923b0f360a35,2026-03-17T00:00:00.000Z,PROVISIONAL,1,,2026-03-18T10:20:18.412Z
300854d7-79e5-4c6a-8e03-c26a7c011c2e,c8a6b511-1a98-482f-9d84-5be9ad456e11,2026-03-17T00:00:00.000Z,PROVISIONAL,1,,2026-03-18T10:20:18.577Z
20e7c9bb-d81e-4d98-ae5d-159168177cfe,4a736fae-a521-4c88-9beb-63af15c44cd4,2026-03-17T00:00:00.000Z,PROVISIONAL,1,,2026-03-18T10:20:18.638Z
ce3b6eee-67e9-4e5a-b17a-1ef4cd82a7db,b3edd721-3b6b-4b9f-a98d-aacf668d2ee1,2026-03-17T00:00:00.000Z,PROVISIONAL,1,,2026-03-18T10:20:27.950Z
392e8a23-225f-4606-a15b-0d0f3853853c,ea4ffcc2-ded5-435f-b8ab-c6dbd6e0fb75,2026-03-17T00:00:00.000Z,PROVISIONAL,1,,2026-03-18T10:20:19.413Z
fd04a44f-8130-4e50-b085-0c44a4596a72,eef3414e-4689-476c-8f73-0664224bd5d6,2026-03-17T00:00:00.000Z,PROVISIONAL,1,,2026-03-18T10:20:19.446Z
9528923c-83c1-402c-8f9f-1d44ca0e1480,33a64bc4-3c58-4561-a6ba-fe58c4ececc4,2026-03-17T00:00:00.000Z,PROVISIONAL,1,,2026-03-18T10:20:18.901Z
ca38ab96-700c-4802-9291-afe2b6cd0b67,2bf0e6a8-a208-4a0a-92fb-baeb3fde3184,2026-03-17T00:00:00.000Z,PROVISIONAL,1,,2026-03-18T10:20:19.031Z
acc10cb9-a4c9-46e7-b8ab-dc0fec9e6890,4f2f65b0-9f03-4c12-9137-600b40de011a,2026-03-17T00:00:00.000Z,PROVISIONAL,1,,2026-03-18T10:20:19.086Z
a0a4bbc0-b058-49d6-9695-b4481a452f3f,f7e34c11-78ed-4d49-bc12-c462a36e8f5b,2026-03-17T00:00:00.000Z,PROVISIONAL,1,,2026-03-18T10:20:19.175Z
709ba630-9a78-41ea-b1f1-0d6882838282,317c7cdc-7af5-40bc-beab-899d5a9cde51,2026-03-17T00:00:00.000Z,PROVISIONAL,1,,2026-03-18T10:20:19.240Z
31f005cd-b1de-4a80-acc9-4a7195762005,74534fe1-9098-4180-8f8f-609f848aa1ef,2026-03-17T00:00:00.000Z,PROVISIONAL,1,,2026-03-18T10:20:19.295Z
466e4a83-1fbd-46a5-b7ef-bee63bef955d,6cec69c8-d400-4431-9502-c0808a146513,2026-03-17T00:00:00.000Z,PROVISIONAL,1,,2026-03-18T10:20:19.339Z
339c9878-cab7-4841-a145-3d91e5bdeefd,6d50ff1e-edfd-40f5-bbce-bb7757380e3c,2026-03-17T00:00:00.000Z,PROVISIONAL,1,,2026-03-18T10:20:19.385Z
86012c8d-937d-4d1f-8ae8-256bbae7d87c,8777447e-bacc-4b8f-b92a-72cacfad3da0,2026-03-17T00:00:00.000Z,PROVISIONAL,1,,2026-03-18T10:20:19.527Z
5d5759db-30f9-4c3a-8962-d9cf5e812b5d,73da49cc-153d-49b9-adc7-3916f32face9,2026-03-17T00:00:00.000Z,PROVISIONAL,1,,2026-03-18T10:20:19.585Z
1bddc37f-b3b0-435f-9e23-dfaacacc5b2b,4bb61e22-be75-47fb-99c9-ca0536267639,2026-03-17T00:00:00.000Z,PROVISIONAL,1,,2026-03-18T10:20:19.968Z
2e27462c-7132-4066-8c6e-80dfc327b0dd,6585161a-1dbb-4671-9cf2-8be0ca700cdd,2026-03-17T00:00:00.000Z,PROVISIONAL,1,,2026-03-18T10:20:21.140Z
4589e68b-fc43-454b-81fc-81c37f57891c,2f99968c-9190-4cd4-8dba-573cbb9895d3,2026-03-17T00:00:00.000Z,PROVISIONAL,1,,2026-03-18T10:20:21.163Z
a882ad23-f8d5-4f77-b7d7-f36c40a2439d,83e85cdc-5218-4daf-90c1-488447d9659b,2026-03-17T00:00:00.000Z,PROVISIONAL,1,,2026-03-18T10:20:21.542Z
af14a232-3c8f-4339-a960-20bfbf60c364,3ffb62ec-0ca4-45d8-8d1f-16bec4deba1c,2026-03-17T00:00:00.000Z,PROVISIONAL,1,,2026-03-18T10:20:21.950Z
8fa86e76-6752-4653-81e6-f3bb254eeefe,1b4a38b7-ef53-4564-8cc1-8fb99efac52e,2026-03-17T00:00:00.000Z,PROVISIONAL,1,,2026-03-18T10:20:22.278Z
ae2e87d8-d5ed-4ca9-8fc7-0b4ca10ca18d,32b59948-f8e1-42de-b3ba-d6444e39d1ae,2026-03-17T00:00:00.000Z,PROVISIONAL,1,,2026-03-18T10:20:22.580Z
4afe170f-0030-416d-99f9-ba6d52522f5e,3b0be51e-ccf6-443f-b3c8-395c66759abe,2026-03-17T00:00:00.000Z,PROVISIONAL,1,,2026-03-18T10:20:23.266Z
362c3a06-41dc-482f-81e5-531fb9932646,260822a5-38de-4642-9ce2-f3d50f952d25,2026-03-17T00:00:00.000Z,PROVISIONAL,1,,2026-03-18T10:20:23.291Z
df6961f7-0df5-4fc1-a77b-7cc81e4e399b,f0dab44c-e511-4ed8-9436-d4ab1abed77f,2026-03-17T00:00:00.000Z,PROVISIONAL,1,,2026-03-18T10:20:23.652Z
fd3f7136-6a7f-49ba-aedd-1dcb83eb80a9,7eeb67c1-e05a-41c5-b819-423539f158f1,2026-03-17T00:00:00.000Z,PROVISIONAL,1,,2026-03-18T10:20:24.313Z
5893fb73-a374-4acc-be41-21adee2d9955,543bcf21-ebf3-4098-9474-00e580c96a0f,2026-03-17T00:00:00.000Z,PROVISIONAL,1,,2026-03-18T10:20:24.357Z
8b1c7754-0142-43ab-a670-585ef103c83d,92ec1b33-2fd8-4ec3-a4a4-1860861756d1,2026-03-17T00:00:00.000Z,PROVISIONAL,1,,2026-03-18T10:20:24.998Z
bbf777c5-df61-4fdf-ad4a-e4e2ea2bbdce,f4d42a8a-34e2-4bce-a251-db58cf0295d3,2026-03-17T00:00:00.000Z,PROVISIONAL,1,,2026-03-18T10:20:25.033Z
e91c1cec-d2dd-43c1-a42c-e01970718516,ef2372ab-02d3-4344-9934-88bbecdf7881,2026-03-17T00:00:00.000Z,PROVISIONAL,1,,2026-03-18T10:20:25.344Z
3e25df28-452f-4ce4-83ca-87ab13b19c03,58084a27-cf9f-4d44-b070-dcb27c3a6f02,2026-03-17T00:00:00.000Z,PROVISIONAL,1,,2026-03-18T10:20:25.993Z
c4556b89-7dc8-43c0-a3d8-11bfb16a0ef4,9a4b2029-c405-49ee-b827-b40a4203bd22,2026-03-17T00:00:00.000Z,PROVISIONAL,1,,2026-03-18T10:20:26.385Z
ab8b394f-0ffc-4c1f-88c0-818807895977,9aeb3132-f278-431b-9d09-f3bba3145613,2026-03-17T00:00:00.000Z,PROVISIONAL,1,,2026-03-18T10:20:26.701Z
12d89e98-93c4-4cc2-9ed9-f6209b788b51,67cfac59-6594-49cf-bfaf-6824497c72e2,2026-03-17T00:00:00.000Z,PROVISIONAL,1,,2026-03-18T10:20:27.002Z
fcad2738-2a0d-4bfa-840e-69f2875f9284,62594348-3833-411b-8fed-81b2245d29c2,2026-03-17T00:00:00.000Z,PROVISIONAL,1,2026-03-18T11:34:22.984Z,2026-03-18T10:20:27.636Z
6e7327b8-30fe-4d8d-b74d-4cf70347aff2,3363b2e6-6116-45f0-9e9d-d9ffd99c3f24,2026-03-30T00:00:00.000Z,PROVISIONAL,1,,2026-04-02T09:27:53.468Z
5f8afc97-a1b1-49a6-854d-25c01b8482a4,151c5a52-830c-431d-88f6-4059c627c357,2026-03-17T00:00:00.000Z,PROVISIONAL,1,,2026-03-18T10:20:18.987Z
c4841cfb-a2e8-46d1-a7de-3b30a1bff0dc,943a2e0b-7399-4f7e-9fd2-77bcfc913d31,2026-03-17T00:00:00.000Z,PROVISIONAL,1,,2026-03-18T10:20:19.198Z
787d0116-ed9a-4bcb-9d69-0e615eb45a41,70be8b7b-36f0-4a3d-b2d7-49b0f5bff802,2026-03-17T00:00:00.000Z,PROVISIONAL,1,,2026-03-18T10:20:22.953Z
1db6cf7b-a5e0-44be-bb66-eff6f7d40e3f,6a9d503c-748e-44b7-aea5-65835c51ff6b,2026-03-17T00:00:00.000Z,PROVISIONAL,1,,2026-03-18T10:20:23.971Z
90c9b0cd-07bb-4db9-9757-baba69d89aa0,fce29462-4317-4544-9cb3-ff8238bc6530,2026-03-17T00:00:00.000Z,PROVISIONAL,1,,2026-03-18T10:20:25.651Z
d3ddfa78-6974-4de7-8d8d-9f7506158500,70746c9d-9baf-484b-a95a-b9735e392b06,2026-03-17T00:00:00.000Z,PROVISIONAL,1,,2026-03-18T10:20:19.129Z
723323c2-4d8a-4c62-a10c-a3bf6722f01b,0fd5ed76-a523-413a-a34c-2a1a5c120b3f,2026-03-17T00:00:00.000Z,PROVISIONAL,1,,2026-03-18T10:20:20.337Z
29aeec12-2f1d-4e8e-91e2-bad947d5a477,517eb11b-8923-4a66-a883-3ece9dc6ae07,2026-03-17T00:00:00.000Z,PROVISIONAL,1,,2026-03-18T10:20:20.722Z
eff75c18-d0ef-4af4-81f4-064aec35f853,351f0472-67a5-4316-930b-f4096ffdf8c5,2026-03-17T00:00:00.000Z,PROVISIONAL,1,,2026-03-18T10:20:23.618Z
fe53f1cb-4e49-41eb-9931-7b0e45430277,0c380b1b-b48f-47b2-8bd6-67b5bf24da2f,2026-03-17T00:00:00.000Z,PROVISIONAL,1,,2026-03-18T10:20:19.491Z
6a118e27-da65-4dd1-841d-7faad4c08726,cc0f7bae-8255-42a7-b03b-d77b900261e9,2026-03-17T00:00:00.000Z,PROVISIONAL,1,,2026-03-18T10:20:18.784Z
0d74d72f-a31b-4a63-b2d9-d8ae5cea64d1,7cd4d25e-f97b-4449-9eda-6a4590249fdd,2026-03-17T00:00:00.000Z,PROVISIONAL,1,,2026-03-18T10:20:18.812Z
567d6b12-98dd-414c-ae98-c0ae767a8c01,ab6798cb-4ced-40ab-af53-721bbe784fe3,2026-03-17T00:00:00.000Z,PROVISIONAL,1,,2026-03-18T10:20:19.107Z
04f6e5cf-9093-41ac-b921-66fad8988539,f3893a81-9a2d-46b3-a4d6-a12766aac9c1,2026-03-17T00:00:00.000Z,PROVISIONAL,1,,2026-03-18T10:20:19.151Z
ae9e197f-4824-43ef-9474-0be5bf99e246,f4d42a8a-34e2-4bce-a251-db58cf0295d3,2026-04-21T00:00:00.000Z,DRAFT,1,,2026-04-22T13:45:07.560Z
d54b2f08-56fb-483e-b551-b23ec86c65f5,83e85cdc-5218-4daf-90c1-488447d9659b,2026-04-21T00:00:00.000Z,DRAFT,1,,2026-04-22T13:45:07.590Z
184a9c0b-978d-4861-a267-f1aa085d0b6b,3ffb62ec-0ca4-45d8-8d1f-16bec4deba1c,2026-04-21T00:00:00.000Z,DRAFT,1,,2026-04-22T13:45:07.620Z
f5e49bd5-575a-445b-bb97-0af0c19fe873,1b4a38b7-ef53-4564-8cc1-8fb99efac52e,2026-04-21T00:00:00.000Z,DRAFT,1,,2026-04-22T13:45:07.656Z
efbd9b01-73b4-4f08-8142-3c2f75fb244a,32b59948-f8e1-42de-b3ba-d6444e39d1ae,2026-04-21T00:00:00.000Z,DRAFT,1,,2026-04-22T13:45:07.693Z
e846b726-d409-4e01-a92e-b060a69339d5,70be8b7b-36f0-4a3d-b2d7-49b0f5bff802,2026-04-21T00:00:00.000Z,DRAFT,1,,2026-04-22T13:45:07.724Z
c595f3f2-2aa6-4755-bb9b-2d0942431574,260822a5-38de-4642-9ce2-f3d50f952d25,2026-04-21T00:00:00.000Z,DRAFT,1,,2026-04-22T13:45:07.755Z
0000577b-57c9-46e1-a53c-b2cbd81afa8c,d865afb7-ff85-4c9b-bfd7-9a32f4664e34,2026-03-29T00:00:00.000Z,PROVISIONAL,1,,2026-03-31T11:12:09.301Z
12520a1b-fca6-4f79-b0c2-34e1bf2d4f72,e169de9b-e18f-4a53-aade-923b0f360a35,2026-03-29T00:00:00.000Z,PROVISIONAL,1,,2026-03-31T11:12:09.358Z
2820bb10-8ae9-4cb8-aff0-dbd9b7a0e423,1744f22b-1e05-4e64-9d13-68614215e5c0,2026-03-17T00:00:00.000Z,PROVISIONAL,1,,2026-03-18T10:20:18.713Z
a1b30760-9d36-4e6c-a2c9-736faaca510a,c8a6b511-1a98-482f-9d84-5be9ad456e11,2026-03-29T00:00:00.000Z,PROVISIONAL,1,,2026-03-31T11:12:09.389Z
1e5877c8-9bcf-451a-b32a-41acf2c87b23,4a736fae-a521-4c88-9beb-63af15c44cd4,2026-03-29T00:00:00.000Z,PROVISIONAL,1,,2026-03-31T11:12:09.438Z
ae52d942-11a1-4fae-9e07-83f5c50e57ab,43ec63eb-aa87-4ae6-88d6-8a1a8e4fb38a,2026-03-29T00:00:00.000Z,PROVISIONAL,1,,2026-03-31T11:12:09.472Z
7f6b5492-2346-4f42-82ab-d1931511c0f4,1744f22b-1e05-4e64-9d13-68614215e5c0,2026-03-29T00:00:00.000Z,PROVISIONAL,1,,2026-03-31T11:12:09.496Z
068c28b6-1dfa-432a-9475-2ed0df225598,3cc2177f-b5f0-44d1-8342-4cd437892828,2026-03-29T00:00:00.000Z,PROVISIONAL,1,,2026-03-31T11:12:09.524Z
85224c81-9633-4b6f-ac13-be485495695b,e99f625c-0658-4f50-8184-a276c14c9b25,2026-03-29T00:00:00.000Z,PROVISIONAL,1,,2026-03-31T11:12:09.556Z
3d2477dc-466e-4f38-94cb-88723c60a15c,cc0f7bae-8255-42a7-b03b-d77b900261e9,2026-03-29T00:00:00.000Z,PROVISIONAL,1,,2026-03-31T11:12:09.586Z
b3fe16d2-3959-4c23-823f-373063e232b0,7cd4d25e-f97b-4449-9eda-6a4590249fdd,2026-03-29T00:00:00.000Z,PROVISIONAL,1,,2026-03-31T11:12:09.610Z
c091e533-f004-4df5-9681-70ed18ddbd4a,33a64bc4-3c58-4561-a6ba-fe58c4ececc4,2026-03-29T00:00:00.000Z,PROVISIONAL,1,,2026-03-31T11:12:09.632Z
a44ff1ab-0df7-4939-b301-36a6c2f90431,151c5a52-830c-431d-88f6-4059c627c357,2026-03-29T00:00:00.000Z,PROVISIONAL,1,,2026-03-31T11:12:09.658Z
2a3e0f0b-906e-4e03-b079-96cdf508ec41,2bf0e6a8-a208-4a0a-92fb-baeb3fde3184,2026-03-29T00:00:00.000Z,PROVISIONAL,1,,2026-03-31T11:12:09.692Z
08defba4-8eea-43c7-b207-ee999d647e27,4f2f65b0-9f03-4c12-9137-600b40de011a,2026-03-29T00:00:00.000Z,PROVISIONAL,1,,2026-03-31T11:12:09.721Z
e0f57d29-e012-4a9e-ae62-bdc75d1d32d4,ab6798cb-4ced-40ab-af53-721bbe784fe3,2026-03-29T00:00:00.000Z,PROVISIONAL,1,,2026-03-31T11:12:09.752Z
aa2afa54-8b76-43c3-b776-07caa23c71b1,70746c9d-9baf-484b-a95a-b9735e392b06,2026-03-29T00:00:00.000Z,PROVISIONAL,1,,2026-03-31T11:12:09.776Z
ecb94df7-bc5f-4896-a2bd-eb0ebe2030a3,f3893a81-9a2d-46b3-a4d6-a12766aac9c1,2026-03-29T00:00:00.000Z,PROVISIONAL,1,,2026-03-31T11:12:09.812Z
71e0236f-e6d6-4b35-8f04-bdbe8115d991,f7e34c11-78ed-4d49-bc12-c462a36e8f5b,2026-03-29T00:00:00.000Z,PROVISIONAL,1,,2026-03-31T11:12:09.855Z
b340ce5d-c139-4320-b442-ff986cb32e80,943a2e0b-7399-4f7e-9fd2-77bcfc913d31,2026-03-29T00:00:00.000Z,PROVISIONAL,1,,2026-03-31T11:12:09.887Z
dad8c50b-9c10-46c0-af0d-dbd5709365a0,317c7cdc-7af5-40bc-beab-899d5a9cde51,2026-03-29T00:00:00.000Z,PROVISIONAL,1,,2026-03-31T11:12:09.909Z
263f2a36-d808-4e5f-bfb6-35acf9210581,74534fe1-9098-4180-8f8f-609f848aa1ef,2026-03-29T00:00:00.000Z,PROVISIONAL,1,,2026-03-31T11:12:09.929Z
e36188e7-b113-4399-9cb2-20b1ba18ebe6,6cec69c8-d400-4431-9502-c0808a146513,2026-03-29T00:00:00.000Z,PROVISIONAL,1,,2026-03-31T11:12:09.954Z
2e6b5a1b-36ea-460c-b6df-3596e50a9ccd,6d50ff1e-edfd-40f5-bbce-bb7757380e3c,2026-03-29T00:00:00.000Z,PROVISIONAL,1,,2026-03-31T11:12:09.980Z
c5c4312b-88fb-411c-a161-765f8be95c2a,ea4ffcc2-ded5-435f-b8ab-c6dbd6e0fb75,2026-03-29T00:00:00.000Z,PROVISIONAL,1,,2026-03-31T11:12:10.006Z
eff088f8-79b4-4041-8c26-77407f961623,eef3414e-4689-476c-8f73-0664224bd5d6,2026-03-29T00:00:00.000Z,PROVISIONAL,1,,2026-03-31T11:12:10.030Z
a425c47d-53b7-43ce-9141-5cd3bb6fb11a,0c380b1b-b48f-47b2-8bd6-67b5bf24da2f,2026-03-29T00:00:00.000Z,PROVISIONAL,1,,2026-03-31T11:12:10.051Z
5498c8a9-d428-4572-9d10-cb0274c21ff6,8777447e-bacc-4b8f-b92a-72cacfad3da0,2026-03-29T00:00:00.000Z,PROVISIONAL,1,,2026-03-31T11:12:10.081Z
55884f37-b70f-4174-a548-990e69d264b0,73da49cc-153d-49b9-adc7-3916f32face9,2026-03-29T00:00:00.000Z,PROVISIONAL,1,,2026-03-31T11:12:10.107Z
5e795d8f-95f4-4685-b732-85399e3f4be7,4bb61e22-be75-47fb-99c9-ca0536267639,2026-03-29T00:00:00.000Z,PROVISIONAL,1,,2026-03-31T11:12:10.127Z
1951d79c-4154-4cd3-96d1-4cf2ee2cb425,0fd5ed76-a523-413a-a34c-2a1a5c120b3f,2026-03-29T00:00:00.000Z,PROVISIONAL,1,,2026-03-31T11:12:10.146Z
d79ae0e6-224b-4a34-937a-a033e63a3a3c,517eb11b-8923-4a66-a883-3ece9dc6ae07,2026-03-29T00:00:00.000Z,PROVISIONAL,1,,2026-03-31T11:12:10.169Z
576e9d1d-8528-4e2f-8b36-4d748f208e2b,6585161a-1dbb-4671-9cf2-8be0ca700cdd,2026-03-29T00:00:00.000Z,PROVISIONAL,1,,2026-03-31T11:12:10.186Z
fffd5960-dc5c-4e40-ac9d-171eafe491c8,2f99968c-9190-4cd4-8dba-573cbb9895d3,2026-03-29T00:00:00.000Z,PROVISIONAL,1,,2026-03-31T11:12:10.204Z
c34fd686-4f31-4531-9066-9b30874c7a71,83e85cdc-5218-4daf-90c1-488447d9659b,2026-03-29T00:00:00.000Z,PROVISIONAL,1,,2026-03-31T11:12:10.222Z
0895b931-97d8-4947-a403-0decbc056b6c,3ffb62ec-0ca4-45d8-8d1f-16bec4deba1c,2026-03-29T00:00:00.000Z,PROVISIONAL,1,,2026-03-31T11:12:10.240Z
e5af6732-7525-408f-a0a8-2b56f51b0f51,1b4a38b7-ef53-4564-8cc1-8fb99efac52e,2026-03-29T00:00:00.000Z,PROVISIONAL,1,,2026-03-31T11:12:10.260Z
99984b26-fe6e-4930-af02-f1ddaee96386,32b59948-f8e1-42de-b3ba-d6444e39d1ae,2026-03-29T00:00:00.000Z,PROVISIONAL,1,,2026-03-31T11:12:10.288Z
a82d664d-b7f1-4826-be78-305c22b70bcf,70be8b7b-36f0-4a3d-b2d7-49b0f5bff802,2026-03-29T00:00:00.000Z,PROVISIONAL,1,,2026-03-31T11:12:10.306Z
c658e37a-00f4-4d64-8f04-c16e0f633b32,3b0be51e-ccf6-443f-b3c8-395c66759abe,2026-03-29T00:00:00.000Z,PROVISIONAL,1,,2026-03-31T11:12:10.324Z
d68ac797-ee2d-4807-a7d1-be77771f98d1,260822a5-38de-4642-9ce2-f3d50f952d25,2026-03-29T00:00:00.000Z,PROVISIONAL,1,,2026-03-31T11:12:10.342Z
494a05ab-a008-4aef-9670-ec891a6f39d1,351f0472-67a5-4316-930b-f4096ffdf8c5,2026-03-29T00:00:00.000Z,PROVISIONAL,1,,2026-03-31T11:12:10.364Z
5b4a4a8a-937e-41b5-99b4-5e2af4862b15,f0dab44c-e511-4ed8-9436-d4ab1abed77f,2026-03-29T00:00:00.000Z,PROVISIONAL,1,,2026-03-31T11:12:10.383Z
04823b31-7f65-4768-b1e7-33c4b3c898c0,6a9d503c-748e-44b7-aea5-65835c51ff6b,2026-03-29T00:00:00.000Z,PROVISIONAL,1,,2026-03-31T11:12:10.408Z
d2c324e1-88b8-4f02-b22a-6d953c1efa36,7eeb67c1-e05a-41c5-b819-423539f158f1,2026-03-29T00:00:00.000Z,PROVISIONAL,1,,2026-03-31T11:12:10.445Z
97ba03f3-a9be-4e1c-ad1d-4fd16ebb7172,543bcf21-ebf3-4098-9474-00e580c96a0f,2026-03-29T00:00:00.000Z,PROVISIONAL,1,,2026-03-31T11:12:10.480Z
ace6659a-8d40-42b2-af52-e89cdafd8cc8,92ec1b33-2fd8-4ec3-a4a4-1860861756d1,2026-03-29T00:00:00.000Z,PROVISIONAL,1,,2026-03-31T11:12:10.520Z
9aa7bdf7-433b-4cfd-887f-b0d58680cf97,f4d42a8a-34e2-4bce-a251-db58cf0295d3,2026-03-29T00:00:00.000Z,PROVISIONAL,1,,2026-03-31T11:12:10.552Z
5c81f749-2503-4683-acd6-edcf451932de,ef2372ab-02d3-4344-9934-88bbecdf7881,2026-03-29T00:00:00.000Z,PROVISIONAL,1,,2026-03-31T11:12:10.575Z
a6af9dd0-2574-49db-85d1-6f8e428bc98a,fce29462-4317-4544-9cb3-ff8238bc6530,2026-03-29T00:00:00.000Z,PROVISIONAL,1,,2026-03-31T11:12:10.595Z
fe028580-def0-4b10-b223-7e3f3f8c459e,58084a27-cf9f-4d44-b070-dcb27c3a6f02,2026-03-29T00:00:00.000Z,PROVISIONAL,1,,2026-03-31T11:12:10.615Z
22e37b68-827d-4ee4-ae01-4e325db9b697,9a4b2029-c405-49ee-b827-b40a4203bd22,2026-03-29T00:00:00.000Z,PROVISIONAL,1,,2026-03-31T11:12:10.630Z
5555a862-8370-445e-b879-5c8f2007bc95,9aeb3132-f278-431b-9d09-f3bba3145613,2026-03-29T00:00:00.000Z,PROVISIONAL,1,,2026-03-31T11:12:10.649Z
6f322579-4f98-4079-9495-606c2cb25fdc,67cfac59-6594-49cf-bfaf-6824497c72e2,2026-03-29T00:00:00.000Z,PROVISIONAL,1,,2026-03-31T11:12:10.672Z
b690afd1-705f-4f50-b24f-4ce510af0990,62594348-3833-411b-8fed-81b2245d29c2,2026-03-29T00:00:00.000Z,PROVISIONAL,1,,2026-03-31T11:12:10.696Z
332ffc2e-8c63-4d01-829c-c15f24a2ca75,b3edd721-3b6b-4b9f-a98d-aacf668d2ee1,2026-03-29T00:00:00.000Z,PROVISIONAL,1,,2026-03-31T11:12:10.718Z
94d99ccc-b13e-43f7-a419-6f44a9c838b4,3363b2e6-6116-45f0-9e9d-d9ffd99c3f24,2026-03-29T00:00:00.000Z,PROVISIONAL,1,,2026-03-31T11:12:10.741Z
8af34653-248a-4e27-ac0b-9d0cca197fbe,7eeb67c1-e05a-41c5-b819-423539f158f1,2026-04-21T00:00:00.000Z,DRAFT,1,,2026-04-22T13:45:07.816Z
daa38ebd-9ba2-4784-a53e-d4b476ad1213,fce29462-4317-4544-9cb3-ff8238bc6530,2026-04-21T00:00:00.000Z,DRAFT,1,,2026-04-22T13:45:07.846Z
8c060c02-e046-4e12-9779-ce583c4a874f,58084a27-cf9f-4d44-b070-dcb27c3a6f02,2026-04-21T00:00:00.000Z,DRAFT,1,,2026-04-22T13:45:07.875Z
9f2e26ac-98ab-42d5-84da-ddb4fe1f3689,3363b2e6-6116-45f0-9e9d-d9ffd99c3f24,2026-04-21T00:00:00.000Z,DRAFT,1,,2026-04-22T13:45:07.904Z
f25f6dc9-f6dc-4432-8501-20ec365e8930,3cc2177f-b5f0-44d1-8342-4cd437892828,2026-04-21T00:00:00.000Z,DRAFT,1,,2026-04-22T13:45:07.938Z
75320c5b-82b2-4f62-8ddf-8859c717021b,e169de9b-e18f-4a53-aade-923b0f360a35,2026-04-06T00:00:00.000Z,PROVISIONAL,1,,2026-04-08T12:55:32.291Z
2093f289-aefb-4f4c-8154-5f36e118c705,c8a6b511-1a98-482f-9d84-5be9ad456e11,2026-04-06T00:00:00.000Z,PROVISIONAL,1,,2026-04-08T12:55:32.518Z
14434eac-dc22-4c89-9017-e2ea29538b37,4a736fae-a521-4c88-9beb-63af15c44cd4,2026-04-06T00:00:00.000Z,PROVISIONAL,1,,2026-04-08T12:55:32.725Z
c7212ea1-6f68-415f-b3ba-bdedb07f661d,43ec63eb-aa87-4ae6-88d6-8a1a8e4fb38a,2026-04-06T00:00:00.000Z,PROVISIONAL,1,,2026-04-08T12:55:32.889Z
c721a09c-8154-43fc-91de-86db1e3191bd,1744f22b-1e05-4e64-9d13-68614215e5c0,2026-04-06T00:00:00.000Z,PROVISIONAL,1,,2026-04-08T12:55:33.042Z
71987f93-dc7f-4112-9f94-c635fa20a31f,3cc2177f-b5f0-44d1-8342-4cd437892828,2026-04-06T00:00:00.000Z,PROVISIONAL,1,,2026-04-08T12:55:33.182Z
1289a8e0-25dc-457a-a3b9-ac1eabb62886,e99f625c-0658-4f50-8184-a276c14c9b25,2026-04-06T00:00:00.000Z,PROVISIONAL,1,,2026-04-08T12:55:33.314Z
071a8019-e709-43bf-992a-a274cfb58c48,cc0f7bae-8255-42a7-b03b-d77b900261e9,2026-04-06T00:00:00.000Z,PROVISIONAL,1,,2026-04-08T12:55:33.425Z
a96ff151-a028-4ab1-8cc2-b7de6a1ec530,7cd4d25e-f97b-4449-9eda-6a4590249fdd,2026-04-06T00:00:00.000Z,PROVISIONAL,1,,2026-04-08T12:55:33.533Z
2044e29d-8aca-4233-815c-34efcc9782f7,33a64bc4-3c58-4561-a6ba-fe58c4ececc4,2026-04-06T00:00:00.000Z,PROVISIONAL,1,,2026-04-08T12:55:33.648Z
d9c36671-ab48-41f7-908d-89fb833c3174,151c5a52-830c-431d-88f6-4059c627c357,2026-04-06T00:00:00.000Z,PROVISIONAL,1,,2026-04-08T12:55:33.808Z
5326dba3-bd76-4aa8-95f8-90ab38ee14d6,351f0472-67a5-4316-930b-f4096ffdf8c5,2026-04-14T00:00:00.000Z,PROVISIONAL,1,,2026-04-20T06:14:29.190Z
6b944191-6968-49f3-ab9f-0ca4a64013a8,7cd4d25e-f97b-4449-9eda-6a4590249fdd,2026-04-21T00:00:00.000Z,DRAFT,1,,2026-04-22T13:45:07.968Z
d4111c34-c14a-4bc4-923a-09f816279643,151c5a52-830c-431d-88f6-4059c627c357,2026-04-21T00:00:00.000Z,DRAFT,1,,2026-04-22T13:45:07.999Z
d56b891a-b5e7-4909-addb-0435da22651a,2bf0e6a8-a208-4a0a-92fb-baeb3fde3184,2026-04-21T00:00:00.000Z,DRAFT,1,,2026-04-22T13:45:08.029Z
fa29ffeb-ea7b-4fb3-886a-3fcfe7b4ab52,6a9d503c-748e-44b7-aea5-65835c51ff6b,2026-04-21T00:00:00.000Z,DRAFT,1,,2026-04-22T13:45:08.059Z
efedc2a4-7c5e-41f7-9c11-4a47edcadcc5,517eb11b-8923-4a66-a883-3ece9dc6ae07,2026-04-21T00:00:00.000Z,DRAFT,1,,2026-04-22T13:45:08.088Z
8d7cd8f8-fcab-4281-988a-9135a5d2b42c,f7e34c11-78ed-4d49-bc12-c462a36e8f5b,2026-04-21T00:00:00.000Z,DRAFT,1,,2026-04-22T13:45:08.127Z
e1252554-eb96-491b-b8ff-38ab7751b1c6,6d50ff1e-edfd-40f5-bbce-bb7757380e3c,2026-04-21T00:00:00.000Z,DRAFT,1,,2026-04-22T13:45:08.166Z
6df7be18-71b1-4848-b021-71d55573514a,6585161a-1dbb-4671-9cf2-8be0ca700cdd,2026-04-21T00:00:00.000Z,DRAFT,1,,2026-04-22T13:45:08.203Z
687d7fa1-597b-405f-ac3e-1c22071a3360,2f99968c-9190-4cd4-8dba-573cbb9895d3,2026-04-21T00:00:00.000Z,DRAFT,1,,2026-04-22T13:45:08.228Z
44408431-64c7-4c0b-93fc-3cf304e6a09e,3b0be51e-ccf6-443f-b3c8-395c66759abe,2026-04-21T00:00:00.000Z,DRAFT,1,,2026-04-22T13:45:08.254Z
f162e79e-f9ae-4d6c-b4fb-f5ed997a9dad,351f0472-67a5-4316-930b-f4096ffdf8c5,2026-04-21T00:00:00.000Z,DRAFT,1,,2026-04-22T13:45:08.279Z
131deac6-482a-4ebc-9eec-deafc8c03f1a,92ec1b33-2fd8-4ec3-a4a4-1860861756d1,2026-04-21T00:00:00.000Z,DRAFT,1,,2026-04-22T13:45:08.305Z
0008e970-dc26-4938-92a9-03e5e5bcade6,ef2372ab-02d3-4344-9934-88bbecdf7881,2026-04-21T00:00:00.000Z,DRAFT,1,,2026-04-22T13:45:08.334Z
2e339df5-614e-471d-93cf-32ace1b45087,9a4b2029-c405-49ee-b827-b40a4203bd22,2026-04-21T00:00:00.000Z,DRAFT,1,,2026-04-22T13:45:08.365Z
e74ad0ab-f3ad-422c-a9f0-51c83d405126,4f2f65b0-9f03-4c12-9137-600b40de011a,2026-04-21T00:00:00.000Z,DRAFT,1,,2026-04-22T13:45:08.389Z
899354a7-e7ec-400b-a343-e9dbfd9b5ac2,70746c9d-9baf-484b-a95a-b9735e392b06,2026-04-21T00:00:00.000Z,DRAFT,1,,2026-04-22T13:45:08.415Z
63c79d82-7f08-4894-b09c-e09e16e8a959,e169de9b-e18f-4a53-aade-923b0f360a35,2026-04-21T00:00:00.000Z,DRAFT,1,,2026-04-22T13:45:08.440Z
847c2ab0-2999-4130-9cce-51d2d041c70a,67cfac59-6594-49cf-bfaf-6824497c72e2,2026-04-21T00:00:00.000Z,DRAFT,1,,2026-04-22T13:45:08.470Z
4aa655cc-1f4f-4934-95ab-012cb8569982,4a736fae-a521-4c88-9beb-63af15c44cd4,2026-04-21T00:00:00.000Z,DRAFT,1,,2026-04-22T13:45:08.497Z
bc297f1e-4a3c-47d9-9056-1a4a057d0052,f3893a81-9a2d-46b3-a4d6-a12766aac9c1,2026-04-21T00:00:00.000Z,DRAFT,1,,2026-04-22T13:45:08.524Z
9a8e1151-46e6-4c98-ba7a-358023df0f22,0fd5ed76-a523-413a-a34c-2a1a5c120b3f,2026-04-21T00:00:00.000Z,DRAFT,1,,2026-04-22T13:45:08.556Z
0406a133-7a02-4deb-9def-a9662d4bd53e,62594348-3833-411b-8fed-81b2245d29c2,2026-04-21T00:00:00.000Z,DRAFT,1,,2026-04-22T13:45:08.584Z
82b0d26f-01ea-4c64-8877-0a2133e1e515,e99f625c-0658-4f50-8184-a276c14c9b25,2026-04-21T00:00:00.000Z,DRAFT,1,,2026-04-22T13:45:08.612Z
2948f714-c8d8-4617-bd0f-3edfa06bfdea,cc0f7bae-8255-42a7-b03b-d77b900261e9,2026-04-21T00:00:00.000Z,DRAFT,1,,2026-04-22T13:45:08.643Z
8d4a623c-186b-40d3-992e-a2d959674925,33a64bc4-3c58-4561-a6ba-fe58c4ececc4,2026-04-21T00:00:00.000Z,DRAFT,1,,2026-04-22T13:45:08.677Z
238e4c79-601e-4653-bf52-c48c53fbe70c,43ec63eb-aa87-4ae6-88d6-8a1a8e4fb38a,2026-04-21T00:00:00.000Z,DRAFT,1,,2026-04-22T13:45:08.705Z
38076fc6-721a-4ed5-9c3c-86a1a33d330f,b3edd721-3b6b-4b9f-a98d-aacf668d2ee1,2026-04-21T00:00:00.000Z,DRAFT,1,,2026-04-22T13:45:08.735Z
b9eaac99-000f-40ff-aba2-b2f31f8fad25,ab6798cb-4ced-40ab-af53-721bbe784fe3,2026-04-21T00:00:00.000Z,DRAFT,1,,2026-04-22T13:45:08.762Z
99b5b7ac-64e1-47f7-b0e6-31af38300dfe,c8a6b511-1a98-482f-9d84-5be9ad456e11,2026-04-21T00:00:00.000Z,DRAFT,1,,2026-04-22T13:45:08.798Z
6d34f288-b9c8-4b98-a735-5715840decd6,9aeb3132-f278-431b-9d09-f3bba3145613,2026-04-21T00:00:00.000Z,DRAFT,1,,2026-04-22T13:45:08.826Z
9d130893-2b33-4f0b-bf59-7fbb11ce605e,eef3414e-4689-476c-8f73-0664224bd5d6,2026-04-21T00:00:00.000Z,DRAFT,1,,2026-04-22T13:45:08.856Z
6af780f2-4b2a-4531-b185-0c62e1fcc801,543bcf21-ebf3-4098-9474-00e580c96a0f,2026-04-21T00:00:00.000Z,DRAFT,1,,2026-04-22T13:45:08.888Z
415b9310-2454-4d28-b361-2c49155a538e,8777447e-bacc-4b8f-b92a-72cacfad3da0,2026-04-21T00:00:00.000Z,DRAFT,1,,2026-04-22T13:45:08.916Z
d450a71b-cc68-4d30-8da3-2a246da6ea90,943a2e0b-7399-4f7e-9fd2-77bcfc913d31,2026-04-21T00:00:00.000Z,DRAFT,1,,2026-04-22T13:45:08.943Z
545c859b-fff5-45d4-b918-2dbe438a8f4c,6cec69c8-d400-4431-9502-c0808a146513,2026-04-21T00:00:00.000Z,DRAFT,1,,2026-04-22T13:45:08.971Z
da35ccd1-287a-46c7-8aff-3f42cb97a482,4bb61e22-be75-47fb-99c9-ca0536267639,2026-04-21T00:00:00.000Z,DRAFT,1,,2026-04-22T13:45:09.002Z
e6fb4727-3b82-4111-8f8d-ec53420b9fe6,f0dab44c-e511-4ed8-9436-d4ab1abed77f,2026-04-14T00:00:00.000Z,PROVISIONAL,1,,2026-04-20T06:14:29.193Z
c0593413-9884-48a3-a71b-2d9934db7f1c,3ffb62ec-0ca4-45d8-8d1f-16bec4deba1c,1970-01-01T00:00:00.000Z,DRAFT,1,,2026-04-22T13:54:00.463Z
b851ba69-bf11-41f1-9aa1-7abd3b1a9158,1b4a38b7-ef53-4564-8cc1-8fb99efac52e,1970-01-01T00:00:00.000Z,DRAFT,1,,2026-04-22T13:54:00.502Z
9e2ae00f-b3c0-44e7-9418-471e82792d78,32b59948-f8e1-42de-b3ba-d6444e39d1ae,1970-01-01T00:00:00.000Z,DRAFT,1,,2026-04-22T13:54:00.536Z
d1ed4b3a-234e-4eee-9520-f851a5f5edcf,70be8b7b-36f0-4a3d-b2d7-49b0f5bff802,1970-01-01T00:00:00.000Z,DRAFT,1,,2026-04-22T13:54:00.570Z
e9b723eb-01b3-4d74-aa51-302abc7b93d4,260822a5-38de-4642-9ce2-f3d50f952d25,1970-01-01T00:00:00.000Z,DRAFT,1,,2026-04-22T13:54:00.612Z
00c707a7-bb6d-42a0-ae5b-1a3853edf85e,f0dab44c-e511-4ed8-9436-d4ab1abed77f,1970-01-01T00:00:00.000Z,DRAFT,1,,2026-04-22T13:54:00.651Z
545c9e93-fd15-439b-806c-f4f501d54300,0c380b1b-b48f-47b2-8bd6-67b5bf24da2f,1970-01-01T00:00:00.000Z,DRAFT,1,,2026-04-22T13:54:00.688Z
5fc537e8-f77b-44b5-9624-6ec0addfac76,7eeb67c1-e05a-41c5-b819-423539f158f1,1970-01-01T00:00:00.000Z,DRAFT,1,,2026-04-22T13:54:00.736Z
c5929941-7bd1-4cb7-bb37-d924ef76bfd7,fce29462-4317-4544-9cb3-ff8238bc6530,1970-01-01T00:00:00.000Z,DRAFT,1,,2026-04-22T13:54:00.797Z
8765e0a2-cfe8-4214-bbfd-ad76bb116101,58084a27-cf9f-4d44-b070-dcb27c3a6f02,1970-01-01T00:00:00.000Z,DRAFT,1,,2026-04-22T13:54:00.840Z
4d11cb94-4646-4761-a537-86100a5fbfb8,1744f22b-1e05-4e64-9d13-68614215e5c0,1970-01-01T00:00:00.000Z,DRAFT,1,,2026-04-22T13:54:00.883Z
a6153f83-e93c-4d3a-b573-898b660fddad,3cc2177f-b5f0-44d1-8342-4cd437892828,1970-01-01T00:00:00.000Z,DRAFT,1,,2026-04-22T13:54:00.917Z
7e11a853-63a6-441e-b58c-c46d9ad0e10d,7cd4d25e-f97b-4449-9eda-6a4590249fdd,1970-01-01T00:00:00.000Z,DRAFT,1,,2026-04-22T13:54:00.953Z
85401ce6-d8f9-42dd-b1c3-a6276fabf470,74534fe1-9098-4180-8f8f-609f848aa1ef,1970-01-01T00:00:00.000Z,DRAFT,1,,2026-04-22T13:54:00.995Z
d291596a-2b44-4479-a4d9-ad9e14f7859d,151c5a52-830c-431d-88f6-4059c627c357,1970-01-01T00:00:00.000Z,DRAFT,1,,2026-04-22T13:54:01.036Z
cffd2a4c-393b-426d-bafc-6e921cb2a489,2bf0e6a8-a208-4a0a-92fb-baeb3fde3184,1970-01-01T00:00:00.000Z,DRAFT,1,,2026-04-22T13:54:01.073Z
32daf7c7-dbfb-46e5-ae4c-5d91539033b7,ea4ffcc2-ded5-435f-b8ab-c6dbd6e0fb75,1970-01-01T00:00:00.000Z,DRAFT,1,,2026-04-22T13:54:01.109Z
c1bc59c6-b0b6-4424-9883-c2f54c31dbc2,6a9d503c-748e-44b7-aea5-65835c51ff6b,1970-01-01T00:00:00.000Z,DRAFT,1,,2026-04-22T13:54:01.143Z
ee685e96-621b-40e1-bb98-ad7e33ba11e1,517eb11b-8923-4a66-a883-3ece9dc6ae07,1970-01-01T00:00:00.000Z,DRAFT,1,,2026-04-22T13:54:01.179Z
0fbfa4a0-1b42-49da-9ca9-ff29bdcbce46,f7e34c11-78ed-4d49-bc12-c462a36e8f5b,1970-01-01T00:00:00.000Z,DRAFT,1,,2026-04-22T13:54:01.214Z
5753d055-f403-45fd-bd47-47063126ee2f,6d50ff1e-edfd-40f5-bbce-bb7757380e3c,1970-01-01T00:00:00.000Z,DRAFT,1,,2026-04-22T13:54:01.249Z
903673e6-1979-4251-b63b-96108ed26989,6585161a-1dbb-4671-9cf2-8be0ca700cdd,1970-01-01T00:00:00.000Z,DRAFT,1,,2026-04-22T13:54:01.283Z
88572da3-daff-4296-acd7-ef8ba9bbd7ea,2f99968c-9190-4cd4-8dba-573cbb9895d3,1970-01-01T00:00:00.000Z,DRAFT,1,,2026-04-22T13:54:01.315Z
6481e007-12ff-44f3-95f4-fdaa382682d9,3b0be51e-ccf6-443f-b3c8-395c66759abe,1970-01-01T00:00:00.000Z,DRAFT,1,,2026-04-22T13:54:01.353Z
4d075ccf-2248-45a8-8c38-aa0f1d2f8175,351f0472-67a5-4316-930b-f4096ffdf8c5,1970-01-01T00:00:00.000Z,DRAFT,1,,2026-04-22T13:54:01.389Z
58f3e469-f63e-4b18-b706-c1e06558cba3,92ec1b33-2fd8-4ec3-a4a4-1860861756d1,1970-01-01T00:00:00.000Z,DRAFT,1,,2026-04-22T13:54:01.425Z
944cae8a-f6c2-4ca3-8472-72cbee655166,ef2372ab-02d3-4344-9934-88bbecdf7881,1970-01-01T00:00:00.000Z,DRAFT,1,,2026-04-22T13:54:01.464Z
c60c1c4a-4ebf-41a1-822a-32269a8f2493,9a4b2029-c405-49ee-b827-b40a4203bd22,1970-01-01T00:00:00.000Z,DRAFT,1,,2026-04-22T13:54:01.496Z
bea4cd26-c972-4f04-ab72-c638f228151f,4f2f65b0-9f03-4c12-9137-600b40de011a,1970-01-01T00:00:00.000Z,DRAFT,1,,2026-04-22T13:54:01.530Z
8f94f4ee-7565-4daa-8c76-9f67d2ad6c2b,70746c9d-9baf-484b-a95a-b9735e392b06,1970-01-01T00:00:00.000Z,DRAFT,1,,2026-04-22T13:54:01.565Z
e9f65a0b-865f-4765-b748-71227d6b7304,e169de9b-e18f-4a53-aade-923b0f360a35,1970-01-01T00:00:00.000Z,DRAFT,1,,2026-04-22T13:54:01.599Z
4771673e-7af9-4193-aed5-02457096f60b,67cfac59-6594-49cf-bfaf-6824497c72e2,1970-01-01T00:00:00.000Z,DRAFT,1,,2026-04-22T13:54:01.632Z
7f6a502c-88ab-4057-961f-1eaa6eab035d,4a736fae-a521-4c88-9beb-63af15c44cd4,1970-01-01T00:00:00.000Z,DRAFT,1,,2026-04-22T13:54:01.663Z
b711c2ab-88ba-48f4-93d6-6e4f0dd2bbd7,f3893a81-9a2d-46b3-a4d6-a12766aac9c1,1970-01-01T00:00:00.000Z,DRAFT,1,,2026-04-22T13:54:01.698Z
faccd70f-a408-4e40-af4b-2ca593f4fcc1,0fd5ed76-a523-413a-a34c-2a1a5c120b3f,1970-01-01T00:00:00.000Z,DRAFT,1,,2026-04-22T13:54:01.733Z
89788a17-b231-487d-8e49-da88bc2dfc0b,62594348-3833-411b-8fed-81b2245d29c2,1970-01-01T00:00:00.000Z,DRAFT,1,,2026-04-22T13:54:01.768Z
1e6d4ee8-4572-4eb0-8d5a-36d3be38a06a,e99f625c-0658-4f50-8184-a276c14c9b25,1970-01-01T00:00:00.000Z,DRAFT,1,,2026-04-22T13:54:01.804Z
3c2a9c08-dddf-41a8-b031-007cfb9506a8,cc0f7bae-8255-42a7-b03b-d77b900261e9,1970-01-01T00:00:00.000Z,DRAFT,1,,2026-04-22T13:54:01.837Z
b6d4ac66-c776-4c53-928f-6bbbf93dae4f,33a64bc4-3c58-4561-a6ba-fe58c4ececc4,1970-01-01T00:00:00.000Z,DRAFT,1,,2026-04-22T13:54:01.872Z
6c3bb77a-395b-47ad-a3c9-adb37cb26008,43ec63eb-aa87-4ae6-88d6-8a1a8e4fb38a,1970-01-01T00:00:00.000Z,DRAFT,1,,2026-04-22T13:54:01.908Z
c644856a-585d-4a4e-96ef-aa90f28c06c5,b3edd721-3b6b-4b9f-a98d-aacf668d2ee1,1970-01-01T00:00:00.000Z,DRAFT,1,,2026-04-22T13:54:01.943Z
a8f93f66-4e70-41d5-8ee0-5874e260eb60,ab6798cb-4ced-40ab-af53-721bbe784fe3,1970-01-01T00:00:00.000Z,DRAFT,1,,2026-04-22T13:54:01.977Z
ed9379da-f7b0-4b32-8cf3-285baea08f78,c8a6b511-1a98-482f-9d84-5be9ad456e11,1970-01-01T00:00:00.000Z,DRAFT,1,,2026-04-22T13:54:02.012Z
a17f9250-6df6-48c8-835f-dd1a50c45e47,9aeb3132-f278-431b-9d09-f3bba3145613,1970-01-01T00:00:00.000Z,DRAFT,1,,2026-04-22T13:54:02.048Z
b1503060-f8d3-4f34-a364-6c5b47bac5ac,d865afb7-ff85-4c9b-bfd7-9a32f4664e34,1970-01-01T00:00:00.000Z,DRAFT,1,,2026-04-22T13:54:02.119Z
f1fb6a76-dcad-41d6-b220-fa4decfed584,543bcf21-ebf3-4098-9474-00e580c96a0f,1970-01-01T00:00:00.000Z,DRAFT,1,,2026-04-22T13:54:02.153Z
db0d9868-c067-43d1-8343-6d86c72e3c3c,8777447e-bacc-4b8f-b92a-72cacfad3da0,1970-01-01T00:00:00.000Z,DRAFT,1,,2026-04-22T13:54:02.185Z
453fe7d3-e104-4aa4-9443-1e00bc3046cf,943a2e0b-7399-4f7e-9fd2-77bcfc913d31,1970-01-01T00:00:00.000Z,DRAFT,1,,2026-04-22T13:54:02.218Z
bd6e6e69-9e41-470c-9054-7108f8644692,6cec69c8-d400-4431-9502-c0808a146513,1970-01-01T00:00:00.000Z,DRAFT,1,,2026-04-22T13:54:02.253Z
73ae258c-8446-47cf-bcc8-278c7db00a1c,4bb61e22-be75-47fb-99c9-ca0536267639,1970-01-01T00:00:00.000Z,DRAFT,1,,2026-04-22T13:54:02.286Z
0615302a-e974-45df-8201-778b0853aa3e,317c7cdc-7af5-40bc-beab-899d5a9cde51,1970-01-01T00:00:00.000Z,DRAFT,1,,2026-04-22T13:54:00.263Z
85929074-f3c8-4005-bb01-b327aaf05aef,73da49cc-153d-49b9-adc7-3916f32face9,1970-01-01T00:00:00.000Z,DRAFT,1,,2026-04-22T13:54:00.346Z
71d3646c-a4f2-4e48-9341-e2b4b42870a9,f4d42a8a-34e2-4bce-a251-db58cf0295d3,1970-01-01T00:00:00.000Z,DRAFT,1,,2026-04-22T13:54:00.385Z
4538f41c-5a51-4f8e-86da-003a93619464,83e85cdc-5218-4daf-90c1-488447d9659b,1970-01-01T00:00:00.000Z,DRAFT,1,,2026-04-22T13:54:00.423Z
6033550b-dd7d-468f-af55-0b1640c6c550,2bf0e6a8-a208-4a0a-92fb-baeb3fde3184,2026-04-06T00:00:00.000Z,PROVISIONAL,1,,2026-04-08T12:55:33.958Z
341dfd5f-99c4-4ab6-b3d2-ac30b2865e38,4f2f65b0-9f03-4c12-9137-600b40de011a,2026-04-06T00:00:00.000Z,PROVISIONAL,1,,2026-04-08T12:55:34.087Z
cac857e2-3d66-43ac-95a0-0e6ff10da4f1,ab6798cb-4ced-40ab-af53-721bbe784fe3,2026-04-06T00:00:00.000Z,PROVISIONAL,1,,2026-04-08T12:55:34.212Z
b01f1de5-8ff7-4ed4-b8f5-a24ae09ae3c9,70746c9d-9baf-484b-a95a-b9735e392b06,2026-04-06T00:00:00.000Z,PROVISIONAL,1,,2026-04-08T12:55:34.347Z
235f8614-4884-4353-8513-986f107b1ded,f3893a81-9a2d-46b3-a4d6-a12766aac9c1,2026-04-06T00:00:00.000Z,PROVISIONAL,1,,2026-04-08T12:55:34.484Z
891c8bdb-fa44-4bb8-aa98-a3b9e5228e7b,f7e34c11-78ed-4d49-bc12-c462a36e8f5b,2026-04-06T00:00:00.000Z,PROVISIONAL,1,,2026-04-08T12:55:34.610Z
915fba19-bb43-4396-b426-9cbc322fa3aa,943a2e0b-7399-4f7e-9fd2-77bcfc913d31,2026-04-06T00:00:00.000Z,PROVISIONAL,1,,2026-04-08T12:55:34.727Z
0fd2d3d1-7587-4744-9f31-1e6c28357bc4,317c7cdc-7af5-40bc-beab-899d5a9cde51,2026-04-06T00:00:00.000Z,PROVISIONAL,1,,2026-04-08T12:55:34.843Z
5c795501-db45-422b-b451-1d920ac62076,74534fe1-9098-4180-8f8f-609f848aa1ef,2026-04-06T00:00:00.000Z,PROVISIONAL,1,,2026-04-08T12:55:34.977Z
2f29a494-51ba-4b5a-a23a-d502d9357dc0,6cec69c8-d400-4431-9502-c0808a146513,2026-04-06T00:00:00.000Z,PROVISIONAL,1,,2026-04-08T12:55:35.162Z
e3b6c2cc-aa6d-40a4-ab30-f9059c54a66f,6d50ff1e-edfd-40f5-bbce-bb7757380e3c,2026-04-06T00:00:00.000Z,PROVISIONAL,1,,2026-04-08T12:55:35.316Z
8cf6e458-043e-4125-a6a4-400920693846,ea4ffcc2-ded5-435f-b8ab-c6dbd6e0fb75,2026-04-06T00:00:00.000Z,PROVISIONAL,1,,2026-04-08T12:55:35.447Z
8420c217-0b28-4bb2-baaf-7f3809ce5a42,eef3414e-4689-476c-8f73-0664224bd5d6,2026-04-06T00:00:00.000Z,PROVISIONAL,1,,2026-04-08T12:55:35.573Z
4ee25f78-7f50-4a10-a46f-fa6cc8955c5f,0c380b1b-b48f-47b2-8bd6-67b5bf24da2f,2026-04-06T00:00:00.000Z,PROVISIONAL,1,,2026-04-08T12:55:35.695Z
dce8a9b4-2515-4855-86f0-b4decd8460e1,8777447e-bacc-4b8f-b92a-72cacfad3da0,2026-04-06T00:00:00.000Z,PROVISIONAL,1,,2026-04-08T12:55:35.800Z
7892b96f-1856-453f-9530-6c279c7e4f97,73da49cc-153d-49b9-adc7-3916f32face9,2026-04-06T00:00:00.000Z,PROVISIONAL,1,,2026-04-08T12:55:35.927Z
01ef2dd6-efd1-4d5b-a42d-db66b19aa24c,4bb61e22-be75-47fb-99c9-ca0536267639,2026-04-06T00:00:00.000Z,PROVISIONAL,1,,2026-04-08T12:55:36.040Z
8e0bd5fb-97f4-4722-910c-ae02fce5c390,0fd5ed76-a523-413a-a34c-2a1a5c120b3f,2026-04-06T00:00:00.000Z,PROVISIONAL,1,,2026-04-08T12:55:36.158Z
6dae2919-7d94-41b5-9162-fefe2a806e5b,517eb11b-8923-4a66-a883-3ece9dc6ae07,2026-04-06T00:00:00.000Z,PROVISIONAL,1,,2026-04-08T12:55:36.303Z
ec04af87-afd6-45c9-8dab-6965ce863ef9,6585161a-1dbb-4671-9cf2-8be0ca700cdd,2026-04-06T00:00:00.000Z,PROVISIONAL,1,,2026-04-08T12:55:36.445Z
2292b3ba-c7eb-46b1-9ef2-da12c7ab97fa,2f99968c-9190-4cd4-8dba-573cbb9895d3,2026-04-06T00:00:00.000Z,PROVISIONAL,1,,2026-04-08T12:55:36.559Z
2bb4d439-f9a2-4e30-b874-4118a7a73399,83e85cdc-5218-4daf-90c1-488447d9659b,2026-04-06T00:00:00.000Z,PROVISIONAL,1,,2026-04-08T12:55:36.661Z
4a107600-4069-4584-b07b-4f6cee00893a,3ffb62ec-0ca4-45d8-8d1f-16bec4deba1c,2026-04-06T00:00:00.000Z,PROVISIONAL,1,,2026-04-08T12:55:36.771Z
e5799f15-29b1-47c3-ae0f-61544cad55c2,1b4a38b7-ef53-4564-8cc1-8fb99efac52e,2026-04-06T00:00:00.000Z,PROVISIONAL,1,,2026-04-08T12:55:36.894Z
bd8785a5-dce4-4e84-91a1-815138013cbc,32b59948-f8e1-42de-b3ba-d6444e39d1ae,2026-04-06T00:00:00.000Z,PROVISIONAL,1,,2026-04-08T12:55:36.996Z
9ee17bf2-e2ea-4262-8596-eb088fc7bb6c,70be8b7b-36f0-4a3d-b2d7-49b0f5bff802,2026-04-06T00:00:00.000Z,PROVISIONAL,1,,2026-04-08T12:55:37.091Z
c7861d00-4eae-48b1-a585-bd1e32519a6e,3b0be51e-ccf6-443f-b3c8-395c66759abe,2026-04-06T00:00:00.000Z,PROVISIONAL,1,,2026-04-08T12:55:37.195Z
80b11951-eb19-4d08-8839-562b598233f4,260822a5-38de-4642-9ce2-f3d50f952d25,2026-04-06T00:00:00.000Z,PROVISIONAL,1,,2026-04-08T12:55:37.332Z
987e2ad4-a20e-416e-8b72-6385ceb2e3ce,351f0472-67a5-4316-930b-f4096ffdf8c5,2026-04-06T00:00:00.000Z,PROVISIONAL,1,,2026-04-08T12:55:37.448Z
634f25d6-c7ca-4d60-bf63-51e2a0a489ac,f0dab44c-e511-4ed8-9436-d4ab1abed77f,2026-04-06T00:00:00.000Z,PROVISIONAL,1,,2026-04-08T12:55:37.543Z
e379d69d-5c99-4f93-9652-1e1a59aed58e,6a9d503c-748e-44b7-aea5-65835c51ff6b,2026-04-06T00:00:00.000Z,PROVISIONAL,1,,2026-04-08T12:55:37.632Z
f24d0fd7-3820-4906-915d-79723467ada0,7eeb67c1-e05a-41c5-b819-423539f158f1,2026-04-06T00:00:00.000Z,PROVISIONAL,1,,2026-04-08T12:55:37.720Z
49d34111-826b-4f2c-97ee-06e9a5e85e84,543bcf21-ebf3-4098-9474-00e580c96a0f,2026-04-06T00:00:00.000Z,PROVISIONAL,1,,2026-04-08T12:55:37.815Z
82e2064c-68ee-48b6-b1e4-ea45e9f49718,92ec1b33-2fd8-4ec3-a4a4-1860861756d1,2026-04-06T00:00:00.000Z,PROVISIONAL,1,,2026-04-08T12:55:37.918Z
5da99ae0-6cb4-4da8-89c2-658367bd37e9,f4d42a8a-34e2-4bce-a251-db58cf0295d3,2026-04-06T00:00:00.000Z,PROVISIONAL,1,,2026-04-08T12:55:38.076Z
4984e5a2-62cc-450b-8855-85a997133a46,ef2372ab-02d3-4344-9934-88bbecdf7881,2026-04-06T00:00:00.000Z,PROVISIONAL,1,,2026-04-08T12:55:38.227Z
b61aa557-7a21-41d1-a07a-6de1f44950ba,fce29462-4317-4544-9cb3-ff8238bc6530,2026-04-06T00:00:00.000Z,PROVISIONAL,1,,2026-04-08T12:55:38.376Z
8ca744f3-b55c-4182-9518-a975d4396d02,58084a27-cf9f-4d44-b070-dcb27c3a6f02,2026-04-06T00:00:00.000Z,PROVISIONAL,1,,2026-04-08T12:55:38.499Z
a51a5208-a2fc-4169-ab4d-3453831dc1c7,9a4b2029-c405-49ee-b827-b40a4203bd22,2026-04-06T00:00:00.000Z,PROVISIONAL,1,,2026-04-08T12:55:38.627Z
a80ddac2-6d22-4298-8d8f-8240234c58ac,9aeb3132-f278-431b-9d09-f3bba3145613,2026-04-06T00:00:00.000Z,PROVISIONAL,1,,2026-04-08T12:55:38.799Z
a463ed8b-4747-4a09-a6cf-f69614db2026,67cfac59-6594-49cf-bfaf-6824497c72e2,2026-04-06T00:00:00.000Z,PROVISIONAL,1,,2026-04-08T12:55:38.968Z
a807ee63-96d0-4c0d-9aea-7310b2252d6b,62594348-3833-411b-8fed-81b2245d29c2,2026-04-06T00:00:00.000Z,PROVISIONAL,1,,2026-04-08T12:55:39.100Z
a8b23677-88f4-44f4-963a-70b8449b955b,b3edd721-3b6b-4b9f-a98d-aacf668d2ee1,2026-04-06T00:00:00.000Z,PROVISIONAL,1,,2026-04-08T12:55:39.229Z
fac281a6-6e4b-4bc1-8b73-89465e9300c3,3363b2e6-6116-45f0-9e9d-d9ffd99c3f24,2026-04-06T00:00:00.000Z,PROVISIONAL,1,,2026-04-08T12:55:39.336Z
1db0fa63-f1ce-4465-824a-9a652b0575d9,d865afb7-ff85-4c9b-bfd7-9a32f4664e34,2026-04-07T00:00:00.000Z,PROVISIONAL,1,,2026-04-08T12:55:49.974Z
b643aa95-4ebf-4136-8c9a-931df47ea261,e169de9b-e18f-4a53-aade-923b0f360a35,2026-04-07T00:00:00.000Z,PROVISIONAL,1,,2026-04-08T12:55:50.072Z
1ac32f0a-facd-4ba9-8704-a284410dad95,c8a6b511-1a98-482f-9d84-5be9ad456e11,2026-04-07T00:00:00.000Z,PROVISIONAL,1,,2026-04-08T12:55:50.169Z
f3000e55-b80f-40ff-970b-23f7919ecb2c,4a736fae-a521-4c88-9beb-63af15c44cd4,2026-04-07T00:00:00.000Z,PROVISIONAL,1,,2026-04-08T12:55:50.285Z
6549de07-50c3-4807-aa9c-c74790ac1b30,43ec63eb-aa87-4ae6-88d6-8a1a8e4fb38a,2026-04-07T00:00:00.000Z,PROVISIONAL,1,,2026-04-08T12:55:50.370Z
43a545fc-eb7b-424e-b3a9-94ee977c781e,1744f22b-1e05-4e64-9d13-68614215e5c0,2026-04-07T00:00:00.000Z,PROVISIONAL,1,,2026-04-08T12:55:50.456Z
0f305a61-874d-47ec-897e-e97e2f786030,3cc2177f-b5f0-44d1-8342-4cd437892828,2026-04-07T00:00:00.000Z,PROVISIONAL,1,,2026-04-08T12:55:50.555Z
54c0677b-dc2c-4c65-bd2e-0a59b12b8685,e99f625c-0658-4f50-8184-a276c14c9b25,2026-04-07T00:00:00.000Z,PROVISIONAL,1,,2026-04-08T12:55:50.686Z
9fbacc6c-5ec8-4ff6-86b8-94387c0a42f9,cc0f7bae-8255-42a7-b03b-d77b900261e9,2026-04-07T00:00:00.000Z,PROVISIONAL,1,,2026-04-08T12:55:50.775Z
4d1a8346-59db-4cc0-8625-cea564b3b893,7cd4d25e-f97b-4449-9eda-6a4590249fdd,2026-04-07T00:00:00.000Z,PROVISIONAL,1,,2026-04-08T12:55:50.861Z
48468885-2fd8-4e8a-b494-2c3aec7e7417,33a64bc4-3c58-4561-a6ba-fe58c4ececc4,2026-04-07T00:00:00.000Z,PROVISIONAL,1,,2026-04-08T12:55:50.945Z
3bdaccfd-3940-4bee-b342-5257da3474ce,3363b2e6-6116-45f0-9e9d-d9ffd99c3f24,1970-01-01T00:00:00.000Z,DRAFT,1,,2026-04-22T13:54:10.044Z
ef27d119-181c-4399-b31d-28f217aa8b1f,9aeb3132-f278-431b-9d09-f3bba3145613,2026-04-07T00:00:00.000Z,PROVISIONAL,1,,2026-04-08T12:55:55.221Z
1ed5e6be-5508-46d4-83fc-ba2cffcda05d,151c5a52-830c-431d-88f6-4059c627c357,2026-04-07T00:00:00.000Z,PROVISIONAL,1,,2026-04-08T12:55:51.047Z
a0361509-7449-4d26-a29b-f96889d4649d,2bf0e6a8-a208-4a0a-92fb-baeb3fde3184,2026-04-07T00:00:00.000Z,PROVISIONAL,1,,2026-04-08T12:55:51.208Z
35719de2-d716-47a9-bf93-bd35958c71f7,4f2f65b0-9f03-4c12-9137-600b40de011a,2026-04-07T00:00:00.000Z,PROVISIONAL,1,,2026-04-08T12:55:51.299Z
4fc715ea-8ead-4b04-a5db-05343ace61eb,ab6798cb-4ced-40ab-af53-721bbe784fe3,2026-04-07T00:00:00.000Z,PROVISIONAL,1,,2026-04-08T12:55:51.408Z
44f17392-53e0-4550-82fe-916d01ed839c,70746c9d-9baf-484b-a95a-b9735e392b06,2026-04-07T00:00:00.000Z,PROVISIONAL,1,,2026-04-08T12:55:51.498Z
2db4b628-9fc4-47f7-845e-945f34f49b81,f3893a81-9a2d-46b3-a4d6-a12766aac9c1,2026-04-07T00:00:00.000Z,PROVISIONAL,1,,2026-04-08T12:55:51.589Z
52f0db21-0aae-4ced-8cb4-fbc554d1714c,f7e34c11-78ed-4d49-bc12-c462a36e8f5b,2026-04-07T00:00:00.000Z,PROVISIONAL,1,,2026-04-08T12:55:51.702Z
4814978c-7397-4254-bc95-0c76f5b0e861,943a2e0b-7399-4f7e-9fd2-77bcfc913d31,2026-04-07T00:00:00.000Z,PROVISIONAL,1,,2026-04-08T12:55:51.796Z
2bab4ce7-209e-41d9-a793-83a153455fd3,317c7cdc-7af5-40bc-beab-899d5a9cde51,2026-04-07T00:00:00.000Z,PROVISIONAL,1,,2026-04-08T12:55:51.896Z
fc450e69-59b4-4be6-bfee-b59daa8733df,74534fe1-9098-4180-8f8f-609f848aa1ef,2026-04-07T00:00:00.000Z,PROVISIONAL,1,,2026-04-08T12:55:52.011Z
b4662125-e99b-44e7-bb8a-dabd1f66c244,6cec69c8-d400-4431-9502-c0808a146513,2026-04-07T00:00:00.000Z,PROVISIONAL,1,,2026-04-08T12:55:52.107Z
3b7858eb-71a4-4211-983c-1d96141128d0,6d50ff1e-edfd-40f5-bbce-bb7757380e3c,2026-04-07T00:00:00.000Z,PROVISIONAL,1,,2026-04-08T12:55:52.209Z
78f3635a-f768-48ad-ad5d-f1c9d792d833,ea4ffcc2-ded5-435f-b8ab-c6dbd6e0fb75,2026-04-07T00:00:00.000Z,PROVISIONAL,1,,2026-04-08T12:55:52.316Z
5ff1e677-2522-4e33-84a9-b336f52a55d2,eef3414e-4689-476c-8f73-0664224bd5d6,2026-04-07T00:00:00.000Z,PROVISIONAL,1,,2026-04-08T12:55:52.415Z
d60eef65-bb3c-4e10-97b6-8d94074ae1b8,0c380b1b-b48f-47b2-8bd6-67b5bf24da2f,2026-04-07T00:00:00.000Z,PROVISIONAL,1,,2026-04-08T12:55:52.537Z
f6c3cf29-d68f-49c2-8fcf-0f82239102b1,8777447e-bacc-4b8f-b92a-72cacfad3da0,2026-04-07T00:00:00.000Z,PROVISIONAL,1,,2026-04-08T12:55:52.638Z
1239ef3f-9520-4e96-919f-60c17c6ee808,73da49cc-153d-49b9-adc7-3916f32face9,2026-04-07T00:00:00.000Z,PROVISIONAL,1,,2026-04-08T12:55:52.728Z
85c0185b-35aa-4410-9885-7457419c0f60,4bb61e22-be75-47fb-99c9-ca0536267639,2026-04-07T00:00:00.000Z,PROVISIONAL,1,,2026-04-08T12:55:52.813Z
5022567e-8861-483c-8e0c-13898b5dd553,0fd5ed76-a523-413a-a34c-2a1a5c120b3f,2026-04-07T00:00:00.000Z,PROVISIONAL,1,,2026-04-08T12:55:52.901Z
5f34604a-3869-4f79-86a9-2b81377f766c,517eb11b-8923-4a66-a883-3ece9dc6ae07,2026-04-07T00:00:00.000Z,PROVISIONAL,1,,2026-04-08T12:55:52.989Z
1c2f150c-af39-4b9a-8abc-5ec7d80a23e2,6585161a-1dbb-4671-9cf2-8be0ca700cdd,2026-04-07T00:00:00.000Z,PROVISIONAL,1,,2026-04-08T12:55:53.078Z
76eae04f-11bf-42ae-9ca9-d022e28d3bba,2f99968c-9190-4cd4-8dba-573cbb9895d3,2026-04-07T00:00:00.000Z,PROVISIONAL,1,,2026-04-08T12:55:53.180Z
0d6c9ac8-6824-4a71-9129-99f1fdedf411,83e85cdc-5218-4daf-90c1-488447d9659b,2026-04-07T00:00:00.000Z,PROVISIONAL,1,,2026-04-08T12:55:53.270Z
3b3ded5f-fa13-41b8-93d6-66b1991d2498,3ffb62ec-0ca4-45d8-8d1f-16bec4deba1c,2026-04-07T00:00:00.000Z,PROVISIONAL,1,,2026-04-08T12:55:53.364Z
a6c005f7-3ec8-430d-b6c6-da4a2d91f444,1b4a38b7-ef53-4564-8cc1-8fb99efac52e,2026-04-07T00:00:00.000Z,PROVISIONAL,1,,2026-04-08T12:55:53.480Z
88ef331b-e3cc-44d6-b5f9-e0757511e88d,32b59948-f8e1-42de-b3ba-d6444e39d1ae,2026-04-07T00:00:00.000Z,PROVISIONAL,1,,2026-04-08T12:55:53.592Z
e1a67c73-12cb-4925-b20e-d11ca95a00c5,70be8b7b-36f0-4a3d-b2d7-49b0f5bff802,2026-04-07T00:00:00.000Z,PROVISIONAL,1,,2026-04-08T12:55:53.721Z
25e2a7a4-d16b-444a-a921-f0745cc09040,3b0be51e-ccf6-443f-b3c8-395c66759abe,2026-04-07T00:00:00.000Z,PROVISIONAL,1,,2026-04-08T12:55:53.873Z
cbfbfb80-df52-4aa2-a239-dac07edd0118,260822a5-38de-4642-9ce2-f3d50f952d25,2026-04-07T00:00:00.000Z,PROVISIONAL,1,,2026-04-08T12:55:54.006Z
970e706b-f124-465a-bb17-535f4534f8a0,351f0472-67a5-4316-930b-f4096ffdf8c5,2026-04-07T00:00:00.000Z,PROVISIONAL,1,,2026-04-08T12:55:54.125Z
2ed78ed9-d60c-49a6-a1b8-ebffd158581a,f0dab44c-e511-4ed8-9436-d4ab1abed77f,2026-04-07T00:00:00.000Z,PROVISIONAL,1,,2026-04-08T12:55:54.249Z
d9ea4dd1-07af-4ee7-a14c-3b0a16bcb1a0,6a9d503c-748e-44b7-aea5-65835c51ff6b,2026-04-07T00:00:00.000Z,PROVISIONAL,1,,2026-04-08T12:55:54.363Z
7410a25c-7db2-4610-b619-4faba36e5fd9,7eeb67c1-e05a-41c5-b819-423539f158f1,2026-04-07T00:00:00.000Z,PROVISIONAL,1,,2026-04-08T12:55:54.456Z
a0f88956-3bed-403f-8770-f64a9f47c1cb,543bcf21-ebf3-4098-9474-00e580c96a0f,2026-04-07T00:00:00.000Z,PROVISIONAL,1,,2026-04-08T12:55:54.546Z
49aecdce-c598-4028-879b-a2cc25d10688,92ec1b33-2fd8-4ec3-a4a4-1860861756d1,2026-04-07T00:00:00.000Z,PROVISIONAL,1,,2026-04-08T12:55:54.642Z
45322143-b06f-45e4-bdc1-e72d9620936f,f4d42a8a-34e2-4bce-a251-db58cf0295d3,2026-04-07T00:00:00.000Z,PROVISIONAL,1,,2026-04-08T12:55:54.729Z
28045d50-d9b2-4e20-a4b5-ac0a07f2a485,ef2372ab-02d3-4344-9934-88bbecdf7881,2026-04-07T00:00:00.000Z,PROVISIONAL,1,,2026-04-08T12:55:54.825Z
ec736c44-48a5-4617-8330-f2b477831d21,fce29462-4317-4544-9cb3-ff8238bc6530,2026-04-07T00:00:00.000Z,PROVISIONAL,1,,2026-04-08T12:55:54.915Z
0f31f3fa-f7ca-46a4-aee0-051f2cafb7f8,58084a27-cf9f-4d44-b070-dcb27c3a6f02,2026-04-07T00:00:00.000Z,PROVISIONAL,1,,2026-04-08T12:55:55.008Z
8c0ce858-cee5-436d-9954-8de2a0c4b6e5,9a4b2029-c405-49ee-b827-b40a4203bd22,2026-04-07T00:00:00.000Z,PROVISIONAL,1,,2026-04-08T12:55:55.111Z
d0cb8bf3-bac1-40ee-aa74-cd75fef09c67,67cfac59-6594-49cf-bfaf-6824497c72e2,2026-04-07T00:00:00.000Z,PROVISIONAL,1,,2026-04-08T12:55:55.308Z
9f90d214-5b77-4428-811f-df9032ce54f1,62594348-3833-411b-8fed-81b2245d29c2,2026-04-07T00:00:00.000Z,PROVISIONAL,1,,2026-04-08T12:55:55.396Z
14d40ab1-1001-40e4-8521-dbcf9483e73e,b3edd721-3b6b-4b9f-a98d-aacf668d2ee1,2026-04-07T00:00:00.000Z,PROVISIONAL,1,,2026-04-08T12:55:55.489Z
27ac617e-7bcf-42a2-843a-4db42cd95549,3363b2e6-6116-45f0-9e9d-d9ffd99c3f24,2026-04-07T00:00:00.000Z,PROVISIONAL,1,,2026-04-08T12:55:55.589Z
6e1ef671-7d4b-4451-8ea4-82132ddc6c69,d865afb7-ff85-4c9b-bfd7-9a32f4664e34,2026-04-08T00:00:00.000Z,PROVISIONAL,1,,2026-04-09T06:28:12.349Z
09522da7-bef2-42c9-a6f8-1d3654cca83e,e169de9b-e18f-4a53-aade-923b0f360a35,2026-04-08T00:00:00.000Z,PROVISIONAL,1,,2026-04-09T06:28:12.585Z
c29412af-2b20-4e78-a2f6-f183ef9c07c0,c8a6b511-1a98-482f-9d84-5be9ad456e11,2026-04-08T00:00:00.000Z,PROVISIONAL,1,,2026-04-09T06:28:12.752Z
46b9ab74-eb77-483c-baff-56899fee10e2,4a736fae-a521-4c88-9beb-63af15c44cd4,2026-04-08T00:00:00.000Z,PROVISIONAL,1,,2026-04-09T06:28:12.921Z
ee0a03df-87d4-4600-bb11-b023d799ce5d,43ec63eb-aa87-4ae6-88d6-8a1a8e4fb38a,2026-04-08T00:00:00.000Z,PROVISIONAL,1,,2026-04-09T06:28:13.084Z
d1b2bd7f-c096-4399-9164-0c27aff94017,1744f22b-1e05-4e64-9d13-68614215e5c0,2026-04-08T00:00:00.000Z,PROVISIONAL,1,,2026-04-09T06:28:13.230Z
23e2ef75-5ee9-486b-8e36-a451fc315b41,3cc2177f-b5f0-44d1-8342-4cd437892828,2026-04-08T00:00:00.000Z,PROVISIONAL,1,,2026-04-09T06:28:13.389Z
20d3a1e9-4233-4416-90ed-65d8cca5b5b4,e99f625c-0658-4f50-8184-a276c14c9b25,2026-04-08T00:00:00.000Z,PROVISIONAL,1,,2026-04-09T06:28:13.580Z
17cdab87-7894-4286-b87b-d4d84141ed5d,cc0f7bae-8255-42a7-b03b-d77b900261e9,2026-04-08T00:00:00.000Z,PROVISIONAL,1,,2026-04-09T06:28:13.726Z
2299ea14-73c4-4a63-813d-ade7b37d1a11,7cd4d25e-f97b-4449-9eda-6a4590249fdd,2026-04-08T00:00:00.000Z,PROVISIONAL,1,,2026-04-09T06:28:13.869Z
ea63ec71-bcc9-4376-93e2-3dfd250526cd,33a64bc4-3c58-4561-a6ba-fe58c4ececc4,2026-04-08T00:00:00.000Z,PROVISIONAL,1,,2026-04-09T06:28:13.976Z
d41f371f-9821-4670-87ab-b68f46db08a1,151c5a52-830c-431d-88f6-4059c627c357,2026-04-08T00:00:00.000Z,PROVISIONAL,1,,2026-04-09T06:28:14.123Z
cb364b9f-9224-429f-9259-ebbfe422e0f7,2bf0e6a8-a208-4a0a-92fb-baeb3fde3184,2026-04-08T00:00:00.000Z,PROVISIONAL,1,,2026-04-09T06:28:14.250Z
442e82c6-f7a8-425d-ab99-8739a8e0c39d,4f2f65b0-9f03-4c12-9137-600b40de011a,2026-04-08T00:00:00.000Z,PROVISIONAL,1,,2026-04-09T06:28:14.388Z
850eda41-f811-4c85-abcb-10bc067b4747,ab6798cb-4ced-40ab-af53-721bbe784fe3,2026-04-08T00:00:00.000Z,PROVISIONAL,1,,2026-04-09T06:28:14.519Z
d3be1580-030f-49d5-8711-4980334c1baf,70746c9d-9baf-484b-a95a-b9735e392b06,2026-04-08T00:00:00.000Z,PROVISIONAL,1,,2026-04-09T06:28:14.646Z
03442309-d72b-4964-909b-e61a3873325d,f3893a81-9a2d-46b3-a4d6-a12766aac9c1,2026-04-08T00:00:00.000Z,PROVISIONAL,1,,2026-04-09T06:28:14.780Z
2eccc06c-6d4b-4109-8f7f-af5361397dee,f7e34c11-78ed-4d49-bc12-c462a36e8f5b,2026-04-08T00:00:00.000Z,PROVISIONAL,1,,2026-04-09T06:28:14.904Z
a87d077a-2aca-4513-9c5f-33caef6bb730,943a2e0b-7399-4f7e-9fd2-77bcfc913d31,2026-04-08T00:00:00.000Z,PROVISIONAL,1,,2026-04-09T06:28:15.019Z
ce933a73-3365-41c5-8be9-a898aed6b283,317c7cdc-7af5-40bc-beab-899d5a9cde51,2026-04-08T00:00:00.000Z,PROVISIONAL,1,,2026-04-09T06:28:15.135Z
3ec99621-834b-4481-a7ff-747891d1ee85,74534fe1-9098-4180-8f8f-609f848aa1ef,2026-04-08T00:00:00.000Z,PROVISIONAL,1,,2026-04-09T06:28:15.237Z
ebcb2238-933e-4e96-bba5-6bbb977e24f0,6cec69c8-d400-4431-9502-c0808a146513,2026-04-08T00:00:00.000Z,PROVISIONAL,1,,2026-04-09T06:28:15.351Z
fe435a96-b6cd-4a29-8336-43e92aca8ab6,6d50ff1e-edfd-40f5-bbce-bb7757380e3c,2026-04-08T00:00:00.000Z,PROVISIONAL,1,,2026-04-09T06:28:15.471Z
1898b61a-846a-4541-95ae-17cbda6bc223,ea4ffcc2-ded5-435f-b8ab-c6dbd6e0fb75,2026-04-08T00:00:00.000Z,PROVISIONAL,1,,2026-04-09T06:28:15.592Z
f0627636-8df2-4e16-8e85-033f87cb47b4,eef3414e-4689-476c-8f73-0664224bd5d6,2026-04-08T00:00:00.000Z,PROVISIONAL,1,,2026-04-09T06:28:15.676Z
3661bded-cf79-474e-81e8-46c5194a3e84,0c380b1b-b48f-47b2-8bd6-67b5bf24da2f,2026-04-08T00:00:00.000Z,PROVISIONAL,1,,2026-04-09T06:28:15.771Z
2565ecec-4382-4512-9f08-678f19d29347,8777447e-bacc-4b8f-b92a-72cacfad3da0,2026-04-08T00:00:00.000Z,PROVISIONAL,1,,2026-04-09T06:28:15.872Z
6af3864f-e29c-4880-8979-1e19e4b97a73,73da49cc-153d-49b9-adc7-3916f32face9,2026-04-08T00:00:00.000Z,PROVISIONAL,1,,2026-04-09T06:28:15.963Z
c7765ed3-8c3c-4257-bc52-45c2195f4579,4bb61e22-be75-47fb-99c9-ca0536267639,2026-04-08T00:00:00.000Z,PROVISIONAL,1,,2026-04-09T06:28:16.055Z
b09e481c-7cb4-4f1d-83ed-caf8805d69ae,0fd5ed76-a523-413a-a34c-2a1a5c120b3f,2026-04-08T00:00:00.000Z,PROVISIONAL,1,,2026-04-09T06:28:16.149Z
724a643c-2e30-434f-b39c-58e3b76f287d,517eb11b-8923-4a66-a883-3ece9dc6ae07,2026-04-08T00:00:00.000Z,PROVISIONAL,1,,2026-04-09T06:28:16.254Z
344f7cb0-e541-4d40-916a-539d756ef094,6585161a-1dbb-4671-9cf2-8be0ca700cdd,2026-04-08T00:00:00.000Z,PROVISIONAL,1,,2026-04-09T06:28:16.354Z
cca9dc0f-6c68-4acb-ae32-a60e9810617e,2f99968c-9190-4cd4-8dba-573cbb9895d3,2026-04-08T00:00:00.000Z,PROVISIONAL,1,,2026-04-09T06:28:16.455Z
d41c518e-ce87-4fe0-a7bf-32c7acf8d860,83e85cdc-5218-4daf-90c1-488447d9659b,2026-04-08T00:00:00.000Z,PROVISIONAL,1,,2026-04-09T06:28:16.546Z
b33f0d07-40f5-4140-8081-a8fe15353be8,3ffb62ec-0ca4-45d8-8d1f-16bec4deba1c,2026-04-08T00:00:00.000Z,PROVISIONAL,1,,2026-04-09T06:28:16.635Z
5d7b1078-9cc6-4992-8fb1-fef11e642c7a,1b4a38b7-ef53-4564-8cc1-8fb99efac52e,2026-04-08T00:00:00.000Z,PROVISIONAL,1,,2026-04-09T06:28:16.750Z
7b1adf46-dbc2-4c8d-864e-9f633a2ac95b,32b59948-f8e1-42de-b3ba-d6444e39d1ae,2026-04-08T00:00:00.000Z,PROVISIONAL,1,,2026-04-09T06:28:16.892Z
ab4ead89-36f2-4a94-881b-a13df6ed1234,70be8b7b-36f0-4a3d-b2d7-49b0f5bff802,2026-04-08T00:00:00.000Z,PROVISIONAL,1,,2026-04-09T06:28:17.065Z
03bde66e-2ecb-4ef1-9071-24b5d648bfb5,3b0be51e-ccf6-443f-b3c8-395c66759abe,2026-04-08T00:00:00.000Z,PROVISIONAL,1,,2026-04-09T06:28:17.199Z
75e64305-5a4f-4aea-ae3d-7435714a8d6b,260822a5-38de-4642-9ce2-f3d50f952d25,2026-04-08T00:00:00.000Z,PROVISIONAL,1,,2026-04-09T06:28:17.289Z
0c41ff3c-d7c9-4a12-92b7-9e18b9f9186c,351f0472-67a5-4316-930b-f4096ffdf8c5,2026-04-08T00:00:00.000Z,PROVISIONAL,1,,2026-04-09T06:28:17.392Z
602836c3-f6b4-4ce4-bce7-cf4998bbed83,f0dab44c-e511-4ed8-9436-d4ab1abed77f,2026-04-08T00:00:00.000Z,PROVISIONAL,1,,2026-04-09T06:28:17.485Z
e6d0aff3-5650-4f2c-b75a-86ea3b967115,6a9d503c-748e-44b7-aea5-65835c51ff6b,2026-04-08T00:00:00.000Z,PROVISIONAL,1,,2026-04-09T06:28:17.579Z
1fce31ec-fb41-4be8-9c40-8a09967d0506,7eeb67c1-e05a-41c5-b819-423539f158f1,2026-04-08T00:00:00.000Z,PROVISIONAL,1,,2026-04-09T06:28:17.669Z
eadef6b3-939a-47ec-b988-027d70714f0f,543bcf21-ebf3-4098-9474-00e580c96a0f,2026-04-08T00:00:00.000Z,PROVISIONAL,1,,2026-04-09T06:28:17.764Z
07c8a02a-e606-424f-bcfb-a1f880e2e685,92ec1b33-2fd8-4ec3-a4a4-1860861756d1,2026-04-08T00:00:00.000Z,PROVISIONAL,1,,2026-04-09T06:28:17.859Z
8b1a0e05-e5a0-4c88-8d53-8a6841a00c80,f4d42a8a-34e2-4bce-a251-db58cf0295d3,2026-04-08T00:00:00.000Z,PROVISIONAL,1,,2026-04-09T06:28:17.954Z
93854c1a-7d79-4e77-a791-9a322ecdb572,ef2372ab-02d3-4344-9934-88bbecdf7881,2026-04-08T00:00:00.000Z,PROVISIONAL,1,,2026-04-09T06:28:18.048Z
0c72bd75-4549-4859-bf1e-53a6e829cb7f,fce29462-4317-4544-9cb3-ff8238bc6530,2026-04-08T00:00:00.000Z,PROVISIONAL,1,,2026-04-09T06:28:18.143Z
ebe1ee31-e06d-4445-b41d-296db30fb944,58084a27-cf9f-4d44-b070-dcb27c3a6f02,2026-04-08T00:00:00.000Z,PROVISIONAL,1,,2026-04-09T06:28:18.234Z
2bdf7a05-8822-40ae-914e-0201786d1d9e,9a4b2029-c405-49ee-b827-b40a4203bd22,2026-04-08T00:00:00.000Z,PROVISIONAL,1,,2026-04-09T06:28:18.345Z
559ab679-96b0-40ef-b5a1-d7b4217e1229,9aeb3132-f278-431b-9d09-f3bba3145613,2026-04-08T00:00:00.000Z,PROVISIONAL,1,,2026-04-09T06:28:18.432Z
8b790373-25f2-41b9-a088-d55f4f2c8cda,67cfac59-6594-49cf-bfaf-6824497c72e2,2026-04-08T00:00:00.000Z,PROVISIONAL,1,,2026-04-09T06:28:18.527Z
d980d44a-387a-4aee-938d-7b749c72932e,62594348-3833-411b-8fed-81b2245d29c2,2026-04-08T00:00:00.000Z,PROVISIONAL,1,,2026-04-09T06:28:18.621Z
5ce1a12e-4556-478d-bcbc-a60c9b032583,b3edd721-3b6b-4b9f-a98d-aacf668d2ee1,2026-04-08T00:00:00.000Z,PROVISIONAL,1,,2026-04-09T06:28:18.711Z
f06567a3-7e54-4de9-bfd0-188d17ce607f,3363b2e6-6116-45f0-9e9d-d9ffd99c3f24,2026-04-08T00:00:00.000Z,PROVISIONAL,1,,2026-04-09T06:28:18.806Z
9fe6a134-cd17-47ad-85b5-15c09e7c4ec8,d865afb7-ff85-4c9b-bfd7-9a32f4664e34,2026-04-09T00:00:00.000Z,PROVISIONAL,1,,2026-04-10T09:29:25.229Z
d76c8548-d258-4fc3-ba91-92542ffd13db,e169de9b-e18f-4a53-aade-923b0f360a35,2026-04-09T00:00:00.000Z,PROVISIONAL,1,,2026-04-10T09:29:25.432Z
b0e739c9-2f3e-4466-aaf8-c87c5cd019b2,c8a6b511-1a98-482f-9d84-5be9ad456e11,2026-04-09T00:00:00.000Z,PROVISIONAL,1,,2026-04-10T09:29:25.580Z
d9b3d982-2008-467b-acf1-50fbf3e97538,4a736fae-a521-4c88-9beb-63af15c44cd4,2026-04-09T00:00:00.000Z,PROVISIONAL,1,,2026-04-10T09:29:25.729Z
4d0e5342-b0e4-468c-9845-d9c00c6edae6,43ec63eb-aa87-4ae6-88d6-8a1a8e4fb38a,2026-04-09T00:00:00.000Z,PROVISIONAL,1,,2026-04-10T09:29:25.851Z
7fd09985-d030-48ea-9d84-da3472534ea4,1744f22b-1e05-4e64-9d13-68614215e5c0,2026-04-09T00:00:00.000Z,PROVISIONAL,1,,2026-04-10T09:29:25.964Z
51b9ff48-55b6-41a8-a040-d96d707fbccc,3cc2177f-b5f0-44d1-8342-4cd437892828,2026-04-09T00:00:00.000Z,PROVISIONAL,1,,2026-04-10T09:29:26.083Z
c1c43c83-4dc4-414e-b7aa-b0f285c6288e,e99f625c-0658-4f50-8184-a276c14c9b25,2026-04-09T00:00:00.000Z,PROVISIONAL,1,,2026-04-10T09:29:26.183Z
1eeaec2d-14b1-4974-85d6-081b3e50c925,cc0f7bae-8255-42a7-b03b-d77b900261e9,2026-04-09T00:00:00.000Z,PROVISIONAL,1,,2026-04-10T09:29:26.283Z
78a7e321-1720-4d6c-aaf2-60aeea21d3a3,7cd4d25e-f97b-4449-9eda-6a4590249fdd,2026-04-09T00:00:00.000Z,PROVISIONAL,1,,2026-04-10T09:29:26.464Z
38a352dc-1363-4f63-8452-a77b62663f1e,33a64bc4-3c58-4561-a6ba-fe58c4ececc4,2026-04-09T00:00:00.000Z,PROVISIONAL,1,,2026-04-10T09:29:26.614Z
af62882a-53a5-4fa7-89b4-0af9eeba88bf,151c5a52-830c-431d-88f6-4059c627c357,2026-04-09T00:00:00.000Z,PROVISIONAL,1,,2026-04-10T09:29:26.720Z
ca8ae65f-2317-4d2a-bd50-623d677c1ddb,2bf0e6a8-a208-4a0a-92fb-baeb3fde3184,2026-04-09T00:00:00.000Z,PROVISIONAL,1,,2026-04-10T09:29:26.820Z
b8b46959-78f7-4fe6-a8a0-e9385d76c463,4f2f65b0-9f03-4c12-9137-600b40de011a,2026-04-09T00:00:00.000Z,PROVISIONAL,1,,2026-04-10T09:29:26.946Z
c3a97c21-7b83-4ecd-95a4-0a09dc755b89,ab6798cb-4ced-40ab-af53-721bbe784fe3,2026-04-09T00:00:00.000Z,PROVISIONAL,1,,2026-04-10T09:29:27.073Z
50764e87-4009-4f28-a53f-546ae511e85b,70746c9d-9baf-484b-a95a-b9735e392b06,2026-04-09T00:00:00.000Z,PROVISIONAL,1,,2026-04-10T09:29:27.205Z
b3ccc655-a337-4c89-89b2-e779004da35d,f3893a81-9a2d-46b3-a4d6-a12766aac9c1,2026-04-09T00:00:00.000Z,PROVISIONAL,1,,2026-04-10T09:29:27.362Z
e3b04469-2a1f-48aa-a2f9-2622664df0c7,f7e34c11-78ed-4d49-bc12-c462a36e8f5b,2026-04-09T00:00:00.000Z,PROVISIONAL,1,,2026-04-10T09:29:27.471Z
254ea378-e2e2-493e-ab2a-1fa0f697c8f7,943a2e0b-7399-4f7e-9fd2-77bcfc913d31,2026-04-09T00:00:00.000Z,PROVISIONAL,1,,2026-04-10T09:29:27.581Z
4f9405c4-31e1-4d74-b650-dc5a0f674cc4,317c7cdc-7af5-40bc-beab-899d5a9cde51,2026-04-09T00:00:00.000Z,PROVISIONAL,1,,2026-04-10T09:29:27.689Z
fd059980-a165-43b6-807e-cd1268e72a8a,74534fe1-9098-4180-8f8f-609f848aa1ef,2026-04-09T00:00:00.000Z,PROVISIONAL,1,,2026-04-10T09:29:27.798Z
94d4b693-77f2-4a33-b45c-2b1a9cc746c1,6cec69c8-d400-4431-9502-c0808a146513,2026-04-09T00:00:00.000Z,PROVISIONAL,1,,2026-04-10T09:29:27.907Z
afb477fd-82d2-4734-be2f-87342c5be42e,6d50ff1e-edfd-40f5-bbce-bb7757380e3c,2026-04-09T00:00:00.000Z,PROVISIONAL,1,,2026-04-10T09:29:28.027Z
e13d6897-bc0c-4667-8bb4-35a55ea8cc90,ea4ffcc2-ded5-435f-b8ab-c6dbd6e0fb75,2026-04-09T00:00:00.000Z,PROVISIONAL,1,,2026-04-10T09:29:28.133Z
7fbfa245-b9ec-47b0-a36e-f92e8453d84a,eef3414e-4689-476c-8f73-0664224bd5d6,2026-04-09T00:00:00.000Z,PROVISIONAL,1,,2026-04-10T09:29:28.228Z
0ee7fe1b-9d90-409e-957d-87e96f99cf69,0c380b1b-b48f-47b2-8bd6-67b5bf24da2f,2026-04-09T00:00:00.000Z,PROVISIONAL,1,,2026-04-10T09:29:28.329Z
9386c533-5a95-4452-a693-155f1deb88f2,8777447e-bacc-4b8f-b92a-72cacfad3da0,2026-04-09T00:00:00.000Z,PROVISIONAL,1,,2026-04-10T09:29:28.433Z
b7f47a25-5f9b-46dc-be10-3f937c5995db,73da49cc-153d-49b9-adc7-3916f32face9,2026-04-09T00:00:00.000Z,PROVISIONAL,1,,2026-04-10T09:29:28.533Z
a3805f9f-37cc-4dfd-b31a-caa2fa886dbb,4bb61e22-be75-47fb-99c9-ca0536267639,2026-04-09T00:00:00.000Z,PROVISIONAL,1,,2026-04-10T09:29:28.632Z
3b4a1970-5175-420e-aa25-aa359ec91846,0fd5ed76-a523-413a-a34c-2a1a5c120b3f,2026-04-09T00:00:00.000Z,PROVISIONAL,1,,2026-04-10T09:29:28.732Z
44829251-23d9-4145-a785-e08790003ebf,517eb11b-8923-4a66-a883-3ece9dc6ae07,2026-04-09T00:00:00.000Z,PROVISIONAL,1,,2026-04-10T09:29:28.834Z
6402e0df-ea98-4841-a1d2-40ec2fe36498,6585161a-1dbb-4671-9cf2-8be0ca700cdd,2026-04-09T00:00:00.000Z,PROVISIONAL,1,,2026-04-10T09:29:28.930Z
a35b04b8-3769-4fe6-a073-c9c58c47e171,2f99968c-9190-4cd4-8dba-573cbb9895d3,2026-04-09T00:00:00.000Z,PROVISIONAL,1,,2026-04-10T09:29:29.023Z
3d7e94d5-03fd-4333-9d08-bf4dfd63e873,83e85cdc-5218-4daf-90c1-488447d9659b,2026-04-09T00:00:00.000Z,PROVISIONAL,1,,2026-04-10T09:29:29.136Z
f14ecedc-bcca-4b7a-b0f6-c08f8593be53,3ffb62ec-0ca4-45d8-8d1f-16bec4deba1c,2026-04-09T00:00:00.000Z,PROVISIONAL,1,,2026-04-10T09:29:29.236Z
1a0674ad-3737-4cd2-a60e-4606f1501cf1,1b4a38b7-ef53-4564-8cc1-8fb99efac52e,2026-04-09T00:00:00.000Z,PROVISIONAL,1,,2026-04-10T09:29:29.329Z
a86a26b0-dcb8-4a4b-bb90-d4e246165de8,32b59948-f8e1-42de-b3ba-d6444e39d1ae,2026-04-09T00:00:00.000Z,PROVISIONAL,1,,2026-04-10T09:29:29.432Z
21ec4814-c220-414f-98f2-e2d7d307f94d,70be8b7b-36f0-4a3d-b2d7-49b0f5bff802,2026-04-09T00:00:00.000Z,PROVISIONAL,1,,2026-04-10T09:29:29.540Z
bad51d00-33f8-4db0-9e44-dea9689fc83b,3b0be51e-ccf6-443f-b3c8-395c66759abe,2026-04-09T00:00:00.000Z,PROVISIONAL,1,,2026-04-10T09:29:29.636Z
3985f330-cabd-4f50-8651-2eddf4ba74c1,260822a5-38de-4642-9ce2-f3d50f952d25,2026-04-09T00:00:00.000Z,PROVISIONAL,1,,2026-04-10T09:29:29.737Z
f3fa6d40-ec58-4d66-90ab-8a6344913703,351f0472-67a5-4316-930b-f4096ffdf8c5,2026-04-09T00:00:00.000Z,PROVISIONAL,1,,2026-04-10T09:29:29.843Z
f99a61ab-45b5-4324-910b-67ac9566a664,f0dab44c-e511-4ed8-9436-d4ab1abed77f,2026-04-09T00:00:00.000Z,PROVISIONAL,1,,2026-04-10T09:29:29.942Z
fcdbaf6e-caf2-48c0-a7ea-ed51542d4f9e,6a9d503c-748e-44b7-aea5-65835c51ff6b,2026-04-09T00:00:00.000Z,PROVISIONAL,1,,2026-04-10T09:29:30.047Z
1671083f-98fc-43b6-86e1-d1196f57ecef,7eeb67c1-e05a-41c5-b819-423539f158f1,2026-04-09T00:00:00.000Z,PROVISIONAL,1,,2026-04-10T09:29:30.145Z
da3ce60a-da41-4dae-b350-b47090426269,543bcf21-ebf3-4098-9474-00e580c96a0f,2026-04-09T00:00:00.000Z,PROVISIONAL,1,,2026-04-10T09:29:30.242Z
331740f9-b83d-42f4-b791-e6c0ed6b18d7,92ec1b33-2fd8-4ec3-a4a4-1860861756d1,2026-04-09T00:00:00.000Z,PROVISIONAL,1,,2026-04-10T09:29:30.346Z
8ee417b7-63f7-4fab-b792-805d38bd29f4,f4d42a8a-34e2-4bce-a251-db58cf0295d3,2026-04-09T00:00:00.000Z,PROVISIONAL,1,,2026-04-10T09:29:30.448Z
dbbc7c2f-7640-47c0-8170-6363c929d5d4,ef2372ab-02d3-4344-9934-88bbecdf7881,2026-04-09T00:00:00.000Z,PROVISIONAL,1,,2026-04-10T09:29:30.551Z
bb2a4a12-5ac1-463f-8f29-c19e20ab6174,fce29462-4317-4544-9cb3-ff8238bc6530,2026-04-09T00:00:00.000Z,PROVISIONAL,1,,2026-04-10T09:29:30.650Z
61915437-db70-48a5-a800-11a7ee52244b,58084a27-cf9f-4d44-b070-dcb27c3a6f02,2026-04-09T00:00:00.000Z,PROVISIONAL,1,,2026-04-10T09:29:30.780Z
89fcf61b-6662-4f25-a00d-4c231c630ae0,9a4b2029-c405-49ee-b827-b40a4203bd22,2026-04-09T00:00:00.000Z,PROVISIONAL,1,,2026-04-10T09:29:30.906Z
337f3b68-23dd-43a9-9f2a-809890e28291,9aeb3132-f278-431b-9d09-f3bba3145613,2026-04-09T00:00:00.000Z,PROVISIONAL,1,,2026-04-10T09:29:31.012Z
77215931-beca-44e1-b6b3-550e1e05fa0a,67cfac59-6594-49cf-bfaf-6824497c72e2,2026-04-09T00:00:00.000Z,PROVISIONAL,1,,2026-04-10T09:29:31.138Z
9ea0a9fa-992d-4258-a8cf-51c7430b020d,62594348-3833-411b-8fed-81b2245d29c2,2026-04-09T00:00:00.000Z,PROVISIONAL,1,,2026-04-10T09:29:31.234Z
c265617b-fa96-4eab-b781-f9a62f273fb8,b3edd721-3b6b-4b9f-a98d-aacf668d2ee1,2026-04-09T00:00:00.000Z,PROVISIONAL,1,,2026-04-10T09:29:31.333Z
f3505fad-a65c-4d7d-ad66-b6098f95e158,3363b2e6-6116-45f0-9e9d-d9ffd99c3f24,2026-04-09T00:00:00.000Z,PROVISIONAL,1,,2026-04-10T09:29:31.435Z
7eb4f02d-cdd3-415d-8254-fd5e0575091e,6a9d503c-748e-44b7-aea5-65835c51ff6b,2026-04-14T00:00:00.000Z,PROVISIONAL,1,,2026-04-20T06:14:29.196Z
966bb7fd-c53d-42c2-9b10-84d2b921e241,7eeb67c1-e05a-41c5-b819-423539f158f1,2026-04-14T00:00:00.000Z,PROVISIONAL,1,,2026-04-20T06:14:29.200Z
078d5592-78e1-4775-9ab5-eaa4ec8346d8,543bcf21-ebf3-4098-9474-00e580c96a0f,2026-04-14T00:00:00.000Z,PROVISIONAL,1,,2026-04-20T06:14:29.205Z
05bd89ab-546d-430e-bdbf-ecb4bf2011ce,92ec1b33-2fd8-4ec3-a4a4-1860861756d1,2026-04-14T00:00:00.000Z,PROVISIONAL,1,,2026-04-20T06:14:29.208Z
c4854407-2870-4dc4-bf08-a72e72bbeae0,f4d42a8a-34e2-4bce-a251-db58cf0295d3,2026-04-14T00:00:00.000Z,PROVISIONAL,1,,2026-04-20T06:14:29.212Z
1b828fa4-5caa-46ee-af0d-514f731829c6,ef2372ab-02d3-4344-9934-88bbecdf7881,2026-04-14T00:00:00.000Z,PROVISIONAL,1,,2026-04-20T06:14:29.216Z
d18c394e-55eb-4efc-8b74-46c328cce720,fce29462-4317-4544-9cb3-ff8238bc6530,2026-04-14T00:00:00.000Z,PROVISIONAL,1,,2026-04-20T06:14:29.222Z
84228b79-2ea0-493a-9236-7623b2263666,58084a27-cf9f-4d44-b070-dcb27c3a6f02,2026-04-14T00:00:00.000Z,PROVISIONAL,1,,2026-04-20T06:14:29.227Z
94b15e2a-640a-4e35-b353-dfa0b38b27ad,9a4b2029-c405-49ee-b827-b40a4203bd22,2026-04-14T00:00:00.000Z,PROVISIONAL,1,,2026-04-20T06:14:29.232Z
0af8a896-8916-4b95-bdfb-de2ea0c08bd5,9aeb3132-f278-431b-9d09-f3bba3145613,2026-04-14T00:00:00.000Z,PROVISIONAL,1,,2026-04-20T06:14:29.239Z
6937d2e1-428e-4204-823d-0f9e6c49bd3b,67cfac59-6594-49cf-bfaf-6824497c72e2,2026-04-14T00:00:00.000Z,PROVISIONAL,1,,2026-04-20T06:14:29.245Z
637d639f-7c26-449d-a5d5-5832d88d74a3,62594348-3833-411b-8fed-81b2245d29c2,2026-04-14T00:00:00.000Z,PROVISIONAL,1,,2026-04-20T06:14:29.257Z
53b5711e-7021-49bb-a7f9-90b578561db4,b3edd721-3b6b-4b9f-a98d-aacf668d2ee1,2026-04-14T00:00:00.000Z,PROVISIONAL,1,,2026-04-20T06:14:29.261Z
d32fb103-7e4b-4725-8f84-91f8370bec7b,3363b2e6-6116-45f0-9e9d-d9ffd99c3f24,2026-04-14T00:00:00.000Z,PROVISIONAL,1,,2026-04-20T06:14:29.264Z
985c2638-4d07-4bd4-9a8f-24c1734f011d,d865afb7-ff85-4c9b-bfd7-9a32f4664e34,2026-04-15T00:00:00.000Z,PROVISIONAL,1,,2026-04-20T06:14:37.177Z
f9ca3677-8517-4b5d-a364-bd560b32d317,e169de9b-e18f-4a53-aade-923b0f360a35,2026-04-15T00:00:00.000Z,PROVISIONAL,1,,2026-04-20T06:14:37.180Z
8e85d2e7-4fc8-4063-a8bd-65ad4bf94341,c8a6b511-1a98-482f-9d84-5be9ad456e11,2026-04-15T00:00:00.000Z,PROVISIONAL,1,,2026-04-20T06:14:37.185Z
a0714c70-55a4-48af-9fbc-08c5ef719020,4a736fae-a521-4c88-9beb-63af15c44cd4,2026-04-15T00:00:00.000Z,PROVISIONAL,1,,2026-04-20T06:14:37.189Z
c7311483-02b1-4d6c-9b06-980998ffbf0c,43ec63eb-aa87-4ae6-88d6-8a1a8e4fb38a,2026-04-15T00:00:00.000Z,PROVISIONAL,1,,2026-04-20T06:14:37.193Z
d0606bf3-b67c-44cd-8d8d-fb699d6cf071,1744f22b-1e05-4e64-9d13-68614215e5c0,2026-04-15T00:00:00.000Z,PROVISIONAL,1,,2026-04-20T06:14:37.195Z
71e3c042-276b-49d1-aaa7-892dbcbad5d7,3cc2177f-b5f0-44d1-8342-4cd437892828,2026-04-15T00:00:00.000Z,PROVISIONAL,1,,2026-04-20T06:14:37.200Z
ff3ce301-dc4a-41dd-98fc-17d611c82a6b,e99f625c-0658-4f50-8184-a276c14c9b25,2026-04-15T00:00:00.000Z,PROVISIONAL,1,,2026-04-20T06:14:37.203Z
b8772bcf-dfc9-4d67-8f39-027d99be5da2,cc0f7bae-8255-42a7-b03b-d77b900261e9,2026-04-15T00:00:00.000Z,PROVISIONAL,1,,2026-04-20T06:14:37.206Z
2b80436b-411a-4ad4-8e0f-a70023e8f7e3,7cd4d25e-f97b-4449-9eda-6a4590249fdd,2026-04-15T00:00:00.000Z,PROVISIONAL,1,,2026-04-20T06:14:37.209Z
0cae99cc-c043-4946-8156-bded36093a91,33a64bc4-3c58-4561-a6ba-fe58c4ececc4,2026-04-15T00:00:00.000Z,PROVISIONAL,1,,2026-04-20T06:14:37.212Z
6d7c3db9-501f-4a75-b7b7-f1b60664916b,151c5a52-830c-431d-88f6-4059c627c357,2026-04-15T00:00:00.000Z,PROVISIONAL,1,,2026-04-20T06:14:37.215Z
c1774467-3de6-431a-ad55-9267d13c3062,2bf0e6a8-a208-4a0a-92fb-baeb3fde3184,2026-04-15T00:00:00.000Z,PROVISIONAL,1,,2026-04-20T06:14:37.219Z
3de98506-f442-4f79-a27b-e1ccfdc478e5,4f2f65b0-9f03-4c12-9137-600b40de011a,2026-04-15T00:00:00.000Z,PROVISIONAL,1,,2026-04-20T06:14:37.222Z
da835bda-08ed-4664-8600-2694e7a599dd,ab6798cb-4ced-40ab-af53-721bbe784fe3,2026-04-15T00:00:00.000Z,PROVISIONAL,1,,2026-04-20T06:14:37.225Z
8e944d93-2730-487b-9459-161b734ec680,70746c9d-9baf-484b-a95a-b9735e392b06,2026-04-15T00:00:00.000Z,PROVISIONAL,1,,2026-04-20T06:14:37.228Z
3c7fce58-4d39-4d13-a395-16e7303fd03f,f3893a81-9a2d-46b3-a4d6-a12766aac9c1,2026-04-15T00:00:00.000Z,PROVISIONAL,1,,2026-04-20T06:14:37.231Z
f8af5595-0b18-423b-87b6-88b4dc47cb6e,f7e34c11-78ed-4d49-bc12-c462a36e8f5b,2026-04-15T00:00:00.000Z,PROVISIONAL,1,,2026-04-20T06:14:37.236Z
f03eaf0b-cbdf-4a69-9652-a1e27fdcfe95,943a2e0b-7399-4f7e-9fd2-77bcfc913d31,2026-04-15T00:00:00.000Z,PROVISIONAL,1,,2026-04-20T06:14:37.239Z
a4cd1146-7c8a-496d-8eb7-bcf8bb6a6079,317c7cdc-7af5-40bc-beab-899d5a9cde51,2026-04-15T00:00:00.000Z,PROVISIONAL,1,,2026-04-20T06:14:37.242Z
9b5fb6be-c890-4bdb-b1a8-ec0def29fdf9,74534fe1-9098-4180-8f8f-609f848aa1ef,2026-04-15T00:00:00.000Z,PROVISIONAL,1,,2026-04-20T06:14:37.245Z
b98f1a6f-aa89-496d-b8d9-4959875eeed3,6cec69c8-d400-4431-9502-c0808a146513,2026-04-15T00:00:00.000Z,PROVISIONAL,1,,2026-04-20T06:14:37.248Z
e721e5dc-20a5-40dd-aa5b-906e301c3b7b,6d50ff1e-edfd-40f5-bbce-bb7757380e3c,2026-04-15T00:00:00.000Z,PROVISIONAL,1,,2026-04-20T06:14:37.253Z
5534f668-3045-4105-af23-faa1b8dba9af,ea4ffcc2-ded5-435f-b8ab-c6dbd6e0fb75,2026-04-15T00:00:00.000Z,PROVISIONAL,1,,2026-04-20T06:14:37.256Z
6a36d91c-c86f-4433-90f9-d66277d529d2,eef3414e-4689-476c-8f73-0664224bd5d6,2026-04-15T00:00:00.000Z,PROVISIONAL,1,,2026-04-20T06:14:37.259Z
8c61fb87-acb6-4198-a350-f41acacf22a9,0c380b1b-b48f-47b2-8bd6-67b5bf24da2f,2026-04-15T00:00:00.000Z,PROVISIONAL,1,,2026-04-20T06:14:37.262Z
747cbb8b-f51e-4fd9-b52a-1410f5c3274b,8777447e-bacc-4b8f-b92a-72cacfad3da0,2026-04-15T00:00:00.000Z,PROVISIONAL,1,,2026-04-20T06:14:37.264Z
f658d628-777a-4a31-af20-4a8a83416a37,73da49cc-153d-49b9-adc7-3916f32face9,2026-04-15T00:00:00.000Z,PROVISIONAL,1,,2026-04-20T06:14:37.269Z
8445b8b4-f739-41ff-a8d0-cf069ffa010d,4bb61e22-be75-47fb-99c9-ca0536267639,2026-04-15T00:00:00.000Z,PROVISIONAL,1,,2026-04-20T06:14:37.271Z
21386829-ed14-47f4-bb49-61c8bfe14d62,0fd5ed76-a523-413a-a34c-2a1a5c120b3f,2026-04-15T00:00:00.000Z,PROVISIONAL,1,,2026-04-20T06:14:37.274Z
7c0123ff-e3db-4910-b1db-ae83af50a868,517eb11b-8923-4a66-a883-3ece9dc6ae07,2026-04-15T00:00:00.000Z,PROVISIONAL,1,,2026-04-20T06:14:37.277Z
66bdb93b-2286-4bd2-95d3-82e37ccaa597,6585161a-1dbb-4671-9cf2-8be0ca700cdd,2026-04-15T00:00:00.000Z,PROVISIONAL,1,,2026-04-20T06:14:37.280Z
16743352-6024-4e6d-9740-0989d4ca61e4,2f99968c-9190-4cd4-8dba-573cbb9895d3,2026-04-15T00:00:00.000Z,PROVISIONAL,1,,2026-04-20T06:14:37.284Z
ca2098ed-ca75-49e9-9516-382b0f5516c7,83e85cdc-5218-4daf-90c1-488447d9659b,2026-04-15T00:00:00.000Z,PROVISIONAL,1,,2026-04-20T06:14:37.287Z
d45308fd-da3d-4067-b56d-2dbcaea2dcd6,3ffb62ec-0ca4-45d8-8d1f-16bec4deba1c,2026-04-15T00:00:00.000Z,PROVISIONAL,1,,2026-04-20T06:14:37.289Z
5199c4f6-721e-47a3-b3b3-dcf2deef1aeb,1b4a38b7-ef53-4564-8cc1-8fb99efac52e,2026-04-15T00:00:00.000Z,PROVISIONAL,1,,2026-04-20T06:14:37.292Z
cb732cfb-c5e6-40d3-a089-f4d7d4010407,32b59948-f8e1-42de-b3ba-d6444e39d1ae,2026-04-15T00:00:00.000Z,PROVISIONAL,1,,2026-04-20T06:14:37.295Z
ba48a7b9-f2a3-4f01-ab07-2105552a3048,70be8b7b-36f0-4a3d-b2d7-49b0f5bff802,2026-04-15T00:00:00.000Z,PROVISIONAL,1,,2026-04-20T06:14:37.298Z
4cf9959c-fb91-493f-9d23-7e53e7da58b4,3b0be51e-ccf6-443f-b3c8-395c66759abe,2026-04-15T00:00:00.000Z,PROVISIONAL,1,,2026-04-20T06:14:37.304Z
d3745bb0-c433-4cfb-bf7a-3bec9d6d9a11,260822a5-38de-4642-9ce2-f3d50f952d25,2026-04-15T00:00:00.000Z,PROVISIONAL,1,,2026-04-20T06:14:37.308Z
184f3d01-22c9-4f9f-9046-7b16d3d786d6,7eeb67c1-e05a-41c5-b819-423539f158f1,2026-04-12T00:00:00.000Z,PROVISIONAL,1,,2026-04-14T19:36:38.789Z
bc02ef0d-a2cb-4209-a185-f74c154b254d,543bcf21-ebf3-4098-9474-00e580c96a0f,2026-04-12T00:00:00.000Z,PROVISIONAL,1,,2026-04-14T19:36:39.003Z
4e0dcff3-b003-42a8-83ba-4a005876a180,92ec1b33-2fd8-4ec3-a4a4-1860861756d1,2026-04-12T00:00:00.000Z,PROVISIONAL,1,,2026-04-14T19:36:39.212Z
5cd7fcb4-bf0b-413b-8d3d-61402ef27b67,f4d42a8a-34e2-4bce-a251-db58cf0295d3,2026-04-12T00:00:00.000Z,PROVISIONAL,1,,2026-04-14T19:36:39.436Z
e49ba2b3-641e-4f83-a5ba-9445e16868e0,ef2372ab-02d3-4344-9934-88bbecdf7881,2026-04-12T00:00:00.000Z,PROVISIONAL,1,,2026-04-14T19:36:39.641Z
19f6e818-df07-4225-9f4c-a4eba8203a0c,fce29462-4317-4544-9cb3-ff8238bc6530,2026-04-12T00:00:00.000Z,PROVISIONAL,1,,2026-04-14T19:36:39.856Z
741c0cbc-1848-406f-a930-16563cd4320c,58084a27-cf9f-4d44-b070-dcb27c3a6f02,2026-04-12T00:00:00.000Z,PROVISIONAL,1,,2026-04-14T19:36:40.055Z
fe8936dd-287a-4ea4-9128-aaffc0cbc023,9a4b2029-c405-49ee-b827-b40a4203bd22,2026-04-12T00:00:00.000Z,PROVISIONAL,1,,2026-04-14T19:36:40.269Z
93436163-c6be-4ed5-9ede-53f362c07eb0,9aeb3132-f278-431b-9d09-f3bba3145613,2026-04-12T00:00:00.000Z,PROVISIONAL,1,,2026-04-14T19:36:40.498Z
19e594a8-69a4-4fff-8001-b25d4dfb26d1,67cfac59-6594-49cf-bfaf-6824497c72e2,2026-04-12T00:00:00.000Z,PROVISIONAL,1,,2026-04-14T19:36:40.724Z
bae390ca-a411-40fa-b782-3e58655da40e,62594348-3833-411b-8fed-81b2245d29c2,2026-04-12T00:00:00.000Z,PROVISIONAL,1,,2026-04-14T19:36:40.937Z
34f31796-6b80-466c-bc5b-b711fbde01c1,b3edd721-3b6b-4b9f-a98d-aacf668d2ee1,2026-04-12T00:00:00.000Z,PROVISIONAL,1,,2026-04-14T19:36:41.154Z
ac1aa2fc-b496-46f3-8831-de6b365322c7,3363b2e6-6116-45f0-9e9d-d9ffd99c3f24,2026-04-12T00:00:00.000Z,PROVISIONAL,1,,2026-04-14T19:36:41.362Z
b4b4e5fc-d671-412f-b356-9edaf3caa14c,351f0472-67a5-4316-930b-f4096ffdf8c5,2026-04-15T00:00:00.000Z,PROVISIONAL,1,,2026-04-20T06:14:37.311Z
9c63dc36-5928-4020-9651-d9699952822f,f0dab44c-e511-4ed8-9436-d4ab1abed77f,2026-04-15T00:00:00.000Z,PROVISIONAL,1,,2026-04-20T06:14:37.314Z
3d0bcac9-1029-4e14-9784-0ef6fd7238e3,6a9d503c-748e-44b7-aea5-65835c51ff6b,2026-04-15T00:00:00.000Z,PROVISIONAL,1,,2026-04-20T06:14:37.318Z
1bc76532-c96d-4f2d-a392-8f22cb5541a0,7eeb67c1-e05a-41c5-b819-423539f158f1,2026-04-15T00:00:00.000Z,PROVISIONAL,1,,2026-04-20T06:14:37.322Z
c60530d7-bc79-4f4b-8965-bc977f3459ed,543bcf21-ebf3-4098-9474-00e580c96a0f,2026-04-15T00:00:00.000Z,PROVISIONAL,1,,2026-04-20T06:14:37.325Z
618a62ff-cc11-4216-b92f-0d85895f629f,92ec1b33-2fd8-4ec3-a4a4-1860861756d1,2026-04-15T00:00:00.000Z,PROVISIONAL,1,,2026-04-20T06:14:37.328Z
77a79b15-c299-4392-aba9-930fdb4fe314,f4d42a8a-34e2-4bce-a251-db58cf0295d3,2026-04-15T00:00:00.000Z,PROVISIONAL,1,,2026-04-20T06:14:37.331Z
0100a7eb-23e6-4da5-9612-b3976b0fa3dc,ef2372ab-02d3-4344-9934-88bbecdf7881,2026-04-15T00:00:00.000Z,PROVISIONAL,1,,2026-04-20T06:14:37.335Z
03807dcc-4ec3-4588-914c-ca0dc3bc5303,d865afb7-ff85-4c9b-bfd7-9a32f4664e34,2026-04-12T00:00:00.000Z,PROVISIONAL,1,,2026-04-14T19:36:28.786Z
80fd1daa-6b56-4782-90cc-1172ab7dc66a,e169de9b-e18f-4a53-aade-923b0f360a35,2026-04-12T00:00:00.000Z,PROVISIONAL,1,,2026-04-14T19:36:29.125Z
f0c0966e-d65f-451f-86dc-c8a643f7e9bc,c8a6b511-1a98-482f-9d84-5be9ad456e11,2026-04-12T00:00:00.000Z,PROVISIONAL,1,,2026-04-14T19:36:29.406Z
80739396-95b9-4479-a2dc-6b29f2b7af38,4a736fae-a521-4c88-9beb-63af15c44cd4,2026-04-12T00:00:00.000Z,PROVISIONAL,1,,2026-04-14T19:36:29.637Z
6a88c6b5-1061-4e8f-8774-bb422e3e51b6,43ec63eb-aa87-4ae6-88d6-8a1a8e4fb38a,2026-04-12T00:00:00.000Z,PROVISIONAL,1,,2026-04-14T19:36:29.936Z
8e93774d-8349-432f-b928-572d0a9698bf,1744f22b-1e05-4e64-9d13-68614215e5c0,2026-04-12T00:00:00.000Z,PROVISIONAL,1,,2026-04-14T19:36:30.173Z
cdbaebea-e7eb-4503-b02a-8d647189d159,3cc2177f-b5f0-44d1-8342-4cd437892828,2026-04-12T00:00:00.000Z,PROVISIONAL,1,,2026-04-14T19:36:30.434Z
64dba111-1f44-4c0d-9d81-1414f4db18ea,e99f625c-0658-4f50-8184-a276c14c9b25,2026-04-12T00:00:00.000Z,PROVISIONAL,1,,2026-04-14T19:36:30.726Z
2ce095e6-08ab-4e68-b66c-83df7138e098,cc0f7bae-8255-42a7-b03b-d77b900261e9,2026-04-12T00:00:00.000Z,PROVISIONAL,1,,2026-04-14T19:36:31.010Z
8cbc3a0a-7872-4252-8584-52ca1b6800a6,7cd4d25e-f97b-4449-9eda-6a4590249fdd,2026-04-12T00:00:00.000Z,PROVISIONAL,1,,2026-04-14T19:36:31.253Z
84d35601-bc33-4795-8f57-71abd300134c,33a64bc4-3c58-4561-a6ba-fe58c4ececc4,2026-04-12T00:00:00.000Z,PROVISIONAL,1,,2026-04-14T19:36:31.469Z
d9556105-20a8-43f0-b499-18ba0dcee92d,151c5a52-830c-431d-88f6-4059c627c357,2026-04-12T00:00:00.000Z,PROVISIONAL,1,,2026-04-14T19:36:31.691Z
83ada091-886c-473a-9f5a-1137a1dcdf91,2bf0e6a8-a208-4a0a-92fb-baeb3fde3184,2026-04-12T00:00:00.000Z,PROVISIONAL,1,,2026-04-14T19:36:31.917Z
56ed0680-6092-4308-b240-800dd29ed8ce,4f2f65b0-9f03-4c12-9137-600b40de011a,2026-04-12T00:00:00.000Z,PROVISIONAL,1,,2026-04-14T19:36:32.118Z
d48edf83-002f-45d2-86aa-d3e13f007e98,ab6798cb-4ced-40ab-af53-721bbe784fe3,2026-04-12T00:00:00.000Z,PROVISIONAL,1,,2026-04-14T19:36:32.321Z
1a60c578-7844-42fd-85a2-6fc63430b97c,70746c9d-9baf-484b-a95a-b9735e392b06,2026-04-12T00:00:00.000Z,PROVISIONAL,1,,2026-04-14T19:36:32.542Z
fc9ee83c-9f22-4ed1-857d-9e46926f34e9,f3893a81-9a2d-46b3-a4d6-a12766aac9c1,2026-04-12T00:00:00.000Z,PROVISIONAL,1,,2026-04-14T19:36:32.770Z
de1506fa-01cc-4735-91e1-b8482d58e53c,f7e34c11-78ed-4d49-bc12-c462a36e8f5b,2026-04-12T00:00:00.000Z,PROVISIONAL,1,,2026-04-14T19:36:32.976Z
1ad6d624-7ecd-4cc7-8855-33ba4d5ebd50,943a2e0b-7399-4f7e-9fd2-77bcfc913d31,2026-04-12T00:00:00.000Z,PROVISIONAL,1,,2026-04-14T19:36:33.183Z
19ab33e6-5dc2-44c0-8426-89f449e9e972,317c7cdc-7af5-40bc-beab-899d5a9cde51,2026-04-12T00:00:00.000Z,PROVISIONAL,1,,2026-04-14T19:36:33.390Z
c9b3a63f-dae2-4ba5-80cb-6d93317a8964,74534fe1-9098-4180-8f8f-609f848aa1ef,2026-04-12T00:00:00.000Z,PROVISIONAL,1,,2026-04-14T19:36:33.604Z
e7c45e79-b3a4-4579-a2db-baa5974af091,6cec69c8-d400-4431-9502-c0808a146513,2026-04-12T00:00:00.000Z,PROVISIONAL,1,,2026-04-14T19:36:33.840Z
97548e04-cc0a-40ba-8479-9567dbbcbdfb,6d50ff1e-edfd-40f5-bbce-bb7757380e3c,2026-04-12T00:00:00.000Z,PROVISIONAL,1,,2026-04-14T19:36:34.118Z
7a8118a7-f1f2-4036-9b42-d0760831cfca,ea4ffcc2-ded5-435f-b8ab-c6dbd6e0fb75,2026-04-12T00:00:00.000Z,PROVISIONAL,1,,2026-04-14T19:36:34.376Z
0b5bd3b5-857a-43c0-98df-0463496270e1,eef3414e-4689-476c-8f73-0664224bd5d6,2026-04-12T00:00:00.000Z,PROVISIONAL,1,,2026-04-14T19:36:34.586Z
df1f5de2-638d-4c98-a7e0-853fbaf94d25,0c380b1b-b48f-47b2-8bd6-67b5bf24da2f,2026-04-12T00:00:00.000Z,PROVISIONAL,1,,2026-04-14T19:36:34.806Z
bbc20f57-74a2-431a-8745-ed62a99750f3,8777447e-bacc-4b8f-b92a-72cacfad3da0,2026-04-12T00:00:00.000Z,PROVISIONAL,1,,2026-04-14T19:36:35.022Z
28e79459-d95e-483a-9263-1665b6e1a06f,fce29462-4317-4544-9cb3-ff8238bc6530,2026-04-15T00:00:00.000Z,PROVISIONAL,1,,2026-04-20T06:14:37.338Z
ab68c8c2-ef65-4585-800a-34e0d85f6fce,58084a27-cf9f-4d44-b070-dcb27c3a6f02,2026-04-15T00:00:00.000Z,PROVISIONAL,1,,2026-04-20T06:14:37.341Z
82afdfda-35ab-47b5-87d1-a44b9b410713,9a4b2029-c405-49ee-b827-b40a4203bd22,2026-04-15T00:00:00.000Z,PROVISIONAL,1,,2026-04-20T06:14:37.344Z
c40c027d-bc4c-4542-b0bb-c0c87e4c7e21,9aeb3132-f278-431b-9d09-f3bba3145613,2026-04-15T00:00:00.000Z,PROVISIONAL,1,,2026-04-20T06:14:37.347Z
817a6bf2-1c45-4752-88af-9432296c9dd0,67cfac59-6594-49cf-bfaf-6824497c72e2,2026-04-15T00:00:00.000Z,PROVISIONAL,1,,2026-04-20T06:14:37.352Z
fc909a86-1e5b-4890-8e9a-4fb2b6e3531e,62594348-3833-411b-8fed-81b2245d29c2,2026-04-15T00:00:00.000Z,PROVISIONAL,1,,2026-04-20T06:14:37.354Z
733fb03d-8c8d-425d-a0a5-1de0b9e92b01,b3edd721-3b6b-4b9f-a98d-aacf668d2ee1,2026-04-15T00:00:00.000Z,PROVISIONAL,1,,2026-04-20T06:14:37.357Z
8c675757-5655-4e69-9ff8-94d2ab8404fe,3363b2e6-6116-45f0-9e9d-d9ffd99c3f24,2026-04-15T00:00:00.000Z,PROVISIONAL,1,,2026-04-20T06:14:37.361Z
312bf030-eee1-4a41-bc9a-a51aff9f76e1,d865afb7-ff85-4c9b-bfd7-9a32f4664e34,2026-04-18T00:00:00.000Z,PROVISIONAL,1,,2026-04-21T05:51:06.975Z
e004584c-6de5-498f-bbd9-0a92865df62e,e169de9b-e18f-4a53-aade-923b0f360a35,2026-04-18T00:00:00.000Z,PROVISIONAL,1,,2026-04-21T05:51:07.005Z
cbd2bb4b-a256-461c-8757-3338ebaa4bd8,c8a6b511-1a98-482f-9d84-5be9ad456e11,2026-04-18T00:00:00.000Z,PROVISIONAL,1,,2026-04-21T05:51:07.012Z
8f0e547a-1048-43ff-9865-1e652b2bc356,4a736fae-a521-4c88-9beb-63af15c44cd4,2026-04-18T00:00:00.000Z,PROVISIONAL,1,,2026-04-21T05:51:07.016Z
0a4f8b8f-d415-4d58-a229-4aa3a45bb11e,43ec63eb-aa87-4ae6-88d6-8a1a8e4fb38a,2026-04-18T00:00:00.000Z,PROVISIONAL,1,,2026-04-21T05:51:07.021Z
67fab9f1-0594-4a53-ae69-cb790bc25115,1744f22b-1e05-4e64-9d13-68614215e5c0,2026-04-18T00:00:00.000Z,PROVISIONAL,1,,2026-04-21T05:51:07.025Z
d0a906dd-b329-40c7-9fd7-105a90b46a83,3cc2177f-b5f0-44d1-8342-4cd437892828,2026-04-18T00:00:00.000Z,PROVISIONAL,1,,2026-04-21T05:51:07.029Z
d51db3da-3f6a-4991-a558-68c06cc9bd5a,e99f625c-0658-4f50-8184-a276c14c9b25,2026-04-18T00:00:00.000Z,PROVISIONAL,1,,2026-04-21T05:51:07.034Z
35a3c18b-a408-4caa-9251-48e04eef4963,cc0f7bae-8255-42a7-b03b-d77b900261e9,2026-04-18T00:00:00.000Z,PROVISIONAL,1,,2026-04-21T05:51:07.038Z
091c9961-7597-473e-97a8-6d6007980416,7cd4d25e-f97b-4449-9eda-6a4590249fdd,2026-04-18T00:00:00.000Z,PROVISIONAL,1,,2026-04-21T05:51:07.043Z
a7f4eb8c-67ed-4cdf-88f2-ab4e4e9966d1,33a64bc4-3c58-4561-a6ba-fe58c4ececc4,2026-04-18T00:00:00.000Z,PROVISIONAL,1,,2026-04-21T05:51:07.050Z
3ce45752-f417-48b1-901e-3c47a74373c4,151c5a52-830c-431d-88f6-4059c627c357,2026-04-18T00:00:00.000Z,PROVISIONAL,1,,2026-04-21T05:51:07.055Z
413b1c91-c14f-4fa7-a4cf-ab391b634743,2bf0e6a8-a208-4a0a-92fb-baeb3fde3184,2026-04-18T00:00:00.000Z,PROVISIONAL,1,,2026-04-21T05:51:07.059Z
ef8d8871-12c2-41ff-8406-08b73f8f5412,4f2f65b0-9f03-4c12-9137-600b40de011a,2026-04-18T00:00:00.000Z,PROVISIONAL,1,,2026-04-21T05:51:07.062Z
4b8aefef-16ea-40bb-8cc6-fb021503cce3,ab6798cb-4ced-40ab-af53-721bbe784fe3,2026-04-18T00:00:00.000Z,PROVISIONAL,1,,2026-04-21T05:51:07.066Z
c5bf55b3-29b4-4ea5-87b0-8e8d2d4f5d27,70746c9d-9baf-484b-a95a-b9735e392b06,2026-04-18T00:00:00.000Z,PROVISIONAL,1,,2026-04-21T05:51:07.071Z
e1487934-4e6e-4619-876a-d4adb72d072a,f3893a81-9a2d-46b3-a4d6-a12766aac9c1,2026-04-18T00:00:00.000Z,PROVISIONAL,1,,2026-04-21T05:51:07.074Z
15228415-94a8-456d-893a-199cbe9a765a,f7e34c11-78ed-4d49-bc12-c462a36e8f5b,2026-04-18T00:00:00.000Z,PROVISIONAL,1,,2026-04-21T05:51:07.077Z
a2c6c545-3318-4162-92cd-50a8881e39c5,943a2e0b-7399-4f7e-9fd2-77bcfc913d31,2026-04-18T00:00:00.000Z,PROVISIONAL,1,,2026-04-21T05:51:07.080Z
a852217b-511e-4719-b444-e39d7fb33344,317c7cdc-7af5-40bc-beab-899d5a9cde51,2026-04-18T00:00:00.000Z,PROVISIONAL,1,,2026-04-21T05:51:07.083Z
5d98ab44-6c7f-483a-b0e6-8a1ca2e3f90b,74534fe1-9098-4180-8f8f-609f848aa1ef,2026-04-18T00:00:00.000Z,PROVISIONAL,1,,2026-04-21T05:51:07.086Z
39affc38-f4de-45ff-b95f-eea00c10aaeb,6cec69c8-d400-4431-9502-c0808a146513,2026-04-18T00:00:00.000Z,PROVISIONAL,1,,2026-04-21T05:51:07.089Z
7f0f003c-b15f-44af-8e9f-3a7b398e50e7,6d50ff1e-edfd-40f5-bbce-bb7757380e3c,2026-04-18T00:00:00.000Z,PROVISIONAL,1,,2026-04-21T05:51:07.092Z
f096775b-be25-4af3-b5aa-39eb70969cbf,ea4ffcc2-ded5-435f-b8ab-c6dbd6e0fb75,2026-04-18T00:00:00.000Z,PROVISIONAL,1,,2026-04-21T05:51:07.094Z
44f512e6-c4dc-41ec-8bbf-881fd4079cae,eef3414e-4689-476c-8f73-0664224bd5d6,2026-04-18T00:00:00.000Z,PROVISIONAL,1,,2026-04-21T05:51:07.097Z
eb369521-d0de-425e-a983-f58d47824bc6,0c380b1b-b48f-47b2-8bd6-67b5bf24da2f,2026-04-18T00:00:00.000Z,PROVISIONAL,1,,2026-04-21T05:51:07.101Z
691470e0-a70e-4a0a-983b-7893a2fcd5e0,8777447e-bacc-4b8f-b92a-72cacfad3da0,2026-04-18T00:00:00.000Z,PROVISIONAL,1,,2026-04-21T05:51:07.104Z
fd6b8935-df4a-4a36-9396-b6ba27790d48,73da49cc-153d-49b9-adc7-3916f32face9,2026-04-18T00:00:00.000Z,PROVISIONAL,1,,2026-04-21T05:51:07.107Z
ef8f1717-6802-41cc-8b4e-07c12dcada29,4bb61e22-be75-47fb-99c9-ca0536267639,2026-04-18T00:00:00.000Z,PROVISIONAL,1,,2026-04-21T05:51:07.110Z
197e8d9f-ffee-436f-8851-8fb9f764c266,0fd5ed76-a523-413a-a34c-2a1a5c120b3f,2026-04-18T00:00:00.000Z,PROVISIONAL,1,,2026-04-21T05:51:07.113Z
ebbe995e-23a9-4dcf-bdc3-fa1434f68abf,517eb11b-8923-4a66-a883-3ece9dc6ae07,2026-04-18T00:00:00.000Z,PROVISIONAL,1,,2026-04-21T05:51:07.116Z
d9216990-d67c-4beb-b5eb-0832e134df60,6585161a-1dbb-4671-9cf2-8be0ca700cdd,2026-04-18T00:00:00.000Z,PROVISIONAL,1,,2026-04-21T05:51:07.121Z
c118766e-c030-44c4-a75b-68e71af5d8e3,2f99968c-9190-4cd4-8dba-573cbb9895d3,2026-04-18T00:00:00.000Z,PROVISIONAL,1,,2026-04-21T05:51:07.125Z
f3cd2727-e8a8-4597-af21-55d8842ad28d,83e85cdc-5218-4daf-90c1-488447d9659b,2026-04-18T00:00:00.000Z,PROVISIONAL,1,,2026-04-21T05:51:07.128Z
caef1218-f345-41a2-95da-95e7ea32546e,3ffb62ec-0ca4-45d8-8d1f-16bec4deba1c,2026-04-18T00:00:00.000Z,PROVISIONAL,1,,2026-04-21T05:51:07.131Z
55808d4f-d989-4805-bf65-8f7d9da61dc1,1b4a38b7-ef53-4564-8cc1-8fb99efac52e,2026-04-18T00:00:00.000Z,PROVISIONAL,1,,2026-04-21T05:51:07.135Z
0de58e8f-efd8-464d-8ee9-390491ee920c,32b59948-f8e1-42de-b3ba-d6444e39d1ae,2026-04-18T00:00:00.000Z,PROVISIONAL,1,,2026-04-21T05:51:07.138Z
23225394-7c55-4d71-9ec3-4fcf8285d45b,70be8b7b-36f0-4a3d-b2d7-49b0f5bff802,2026-04-18T00:00:00.000Z,PROVISIONAL,1,,2026-04-21T05:51:07.140Z
0a09469c-8bb7-4b7a-be3b-f1fbf24876da,3b0be51e-ccf6-443f-b3c8-395c66759abe,2026-04-18T00:00:00.000Z,PROVISIONAL,1,,2026-04-21T05:51:07.144Z
86d350f4-9ebb-466e-acc0-5166bf190c14,260822a5-38de-4642-9ce2-f3d50f952d25,2026-04-18T00:00:00.000Z,PROVISIONAL,1,,2026-04-21T05:51:07.146Z
4ee8da13-2852-4a10-8899-a75f7356bf73,351f0472-67a5-4316-930b-f4096ffdf8c5,2026-04-18T00:00:00.000Z,PROVISIONAL,1,,2026-04-21T05:51:07.148Z
aa707435-4446-4cc1-8c9e-9c9ad65eecd5,f0dab44c-e511-4ed8-9436-d4ab1abed77f,2026-04-18T00:00:00.000Z,PROVISIONAL,1,,2026-04-21T05:51:07.152Z
a883c359-75ca-4d76-bce5-2981f22046e3,6a9d503c-748e-44b7-aea5-65835c51ff6b,2026-04-18T00:00:00.000Z,PROVISIONAL,1,,2026-04-21T05:51:07.155Z
4e1861e0-5059-4d6b-9032-949b29df6991,7eeb67c1-e05a-41c5-b819-423539f158f1,2026-04-18T00:00:00.000Z,PROVISIONAL,1,,2026-04-21T05:51:07.157Z
85e5404c-a8d2-40f9-8a7e-52722f91756e,543bcf21-ebf3-4098-9474-00e580c96a0f,2026-04-18T00:00:00.000Z,PROVISIONAL,1,,2026-04-21T05:51:07.160Z
33ac9aa8-719b-40bb-9a6a-9ac252cce946,92ec1b33-2fd8-4ec3-a4a4-1860861756d1,2026-04-18T00:00:00.000Z,PROVISIONAL,1,,2026-04-21T05:51:07.163Z
bd708d7d-43b5-4597-8243-bead014d665e,f4d42a8a-34e2-4bce-a251-db58cf0295d3,2026-04-18T00:00:00.000Z,PROVISIONAL,1,,2026-04-21T05:51:07.166Z
51ff8df8-888c-4e40-8d97-281f4d9fb04b,ef2372ab-02d3-4344-9934-88bbecdf7881,2026-04-18T00:00:00.000Z,PROVISIONAL,1,,2026-04-21T05:51:07.171Z
1c13e0a0-6701-44e1-adba-815863605b97,fce29462-4317-4544-9cb3-ff8238bc6530,2026-04-18T00:00:00.000Z,PROVISIONAL,1,,2026-04-21T05:51:07.176Z
b68e95ce-fb59-435c-9863-c95157430c00,58084a27-cf9f-4d44-b070-dcb27c3a6f02,2026-04-18T00:00:00.000Z,PROVISIONAL,1,,2026-04-21T05:51:07.179Z
c4c0cac1-a815-4a2c-a41a-5cc628e24a1d,9a4b2029-c405-49ee-b827-b40a4203bd22,2026-04-18T00:00:00.000Z,PROVISIONAL,1,,2026-04-21T05:51:07.185Z
7de32db6-e0b7-4555-bdd0-5b3bb7aaf387,9aeb3132-f278-431b-9d09-f3bba3145613,2026-04-18T00:00:00.000Z,PROVISIONAL,1,,2026-04-21T05:51:07.188Z
f355a0f5-5d34-4795-a8a9-9b748eaefc20,67cfac59-6594-49cf-bfaf-6824497c72e2,2026-04-18T00:00:00.000Z,PROVISIONAL,1,,2026-04-21T05:51:07.192Z
6c77724c-bd04-46ef-9a2c-8613ebd6780b,62594348-3833-411b-8fed-81b2245d29c2,2026-04-18T00:00:00.000Z,PROVISIONAL,1,,2026-04-21T05:51:07.196Z
51b6464b-74eb-42b8-ad44-7a8e0457b6e8,b3edd721-3b6b-4b9f-a98d-aacf668d2ee1,2026-04-18T00:00:00.000Z,PROVISIONAL,1,,2026-04-21T05:51:07.198Z
173919bc-9059-4039-9f85-1c533ef39226,3363b2e6-6116-45f0-9e9d-d9ffd99c3f24,2026-04-18T00:00:00.000Z,PROVISIONAL,1,,2026-04-21T05:51:07.202Z
b2c9a930-8752-4df2-898a-df670296de1b,d865afb7-ff85-4c9b-bfd7-9a32f4664e34,2026-04-19T00:00:00.000Z,PROVISIONAL,1,,2026-04-21T05:51:15.382Z
fba594e5-8c2c-43bf-8aca-36c3d79b94cd,e169de9b-e18f-4a53-aade-923b0f360a35,2026-04-19T00:00:00.000Z,PROVISIONAL,1,,2026-04-21T05:51:15.386Z
82812262-4a23-4a56-88ef-30efa0904786,c8a6b511-1a98-482f-9d84-5be9ad456e11,2026-04-19T00:00:00.000Z,PROVISIONAL,1,,2026-04-21T05:51:15.390Z
f33685de-c467-4ecd-bc81-fc4949b56af6,4a736fae-a521-4c88-9beb-63af15c44cd4,2026-04-19T00:00:00.000Z,PROVISIONAL,1,,2026-04-21T05:51:15.393Z
afda911e-e596-41dd-8907-167ddbb63c6d,43ec63eb-aa87-4ae6-88d6-8a1a8e4fb38a,2026-04-19T00:00:00.000Z,PROVISIONAL,1,,2026-04-21T05:51:15.396Z
b850829e-fac0-4cc6-9990-30cfb534eb4d,1744f22b-1e05-4e64-9d13-68614215e5c0,2026-04-19T00:00:00.000Z,PROVISIONAL,1,,2026-04-21T05:51:15.401Z
f47a468e-fe8e-4f8b-98af-2123e70ce322,3cc2177f-b5f0-44d1-8342-4cd437892828,2026-04-19T00:00:00.000Z,PROVISIONAL,1,,2026-04-21T05:51:15.403Z
55c0a2ca-3b04-4000-8a6b-4a9d512f5c69,e99f625c-0658-4f50-8184-a276c14c9b25,2026-04-19T00:00:00.000Z,PROVISIONAL,1,,2026-04-21T05:51:15.408Z
83308d0a-f967-406f-a7e1-a599d67b0637,cc0f7bae-8255-42a7-b03b-d77b900261e9,2026-04-19T00:00:00.000Z,PROVISIONAL,1,,2026-04-21T05:51:15.410Z
d9e84e5d-56a8-4aaa-8d3d-9ee9581cf15f,7cd4d25e-f97b-4449-9eda-6a4590249fdd,2026-04-19T00:00:00.000Z,PROVISIONAL,1,,2026-04-21T05:51:15.413Z
f319ebed-a8e5-4b88-910a-d5e1fce96ad1,33a64bc4-3c58-4561-a6ba-fe58c4ececc4,2026-04-19T00:00:00.000Z,PROVISIONAL,1,,2026-04-21T05:51:15.417Z
520adaf9-beb9-469a-bf36-eb68ae154cb0,151c5a52-830c-431d-88f6-4059c627c357,2026-04-19T00:00:00.000Z,PROVISIONAL,1,,2026-04-21T05:51:15.419Z
134fab05-1b26-48ec-9ecc-37a74abd1848,2bf0e6a8-a208-4a0a-92fb-baeb3fde3184,2026-04-19T00:00:00.000Z,PROVISIONAL,1,,2026-04-21T05:51:15.422Z
29d7267e-8bad-4722-b26f-b726f8cff8ec,4f2f65b0-9f03-4c12-9137-600b40de011a,2026-04-19T00:00:00.000Z,PROVISIONAL,1,,2026-04-21T05:51:15.425Z
fb636df8-b102-49fa-a7c1-0daf9f6a4e88,ab6798cb-4ced-40ab-af53-721bbe784fe3,2026-04-19T00:00:00.000Z,PROVISIONAL,1,,2026-04-21T05:51:15.427Z
22bc6374-ff0f-48b8-ba85-012caf0a1143,70746c9d-9baf-484b-a95a-b9735e392b06,2026-04-19T00:00:00.000Z,PROVISIONAL,1,,2026-04-21T05:51:15.430Z
b6b63ae5-bf2e-412d-9a79-5206c95ab7cf,f3893a81-9a2d-46b3-a4d6-a12766aac9c1,2026-04-19T00:00:00.000Z,PROVISIONAL,1,,2026-04-21T05:51:15.434Z
0b3c4efe-0039-4e52-a276-5fc1fa9a219f,f7e34c11-78ed-4d49-bc12-c462a36e8f5b,2026-04-19T00:00:00.000Z,PROVISIONAL,1,,2026-04-21T05:51:15.436Z
828b770e-6c62-456a-9591-bfe6a068b734,943a2e0b-7399-4f7e-9fd2-77bcfc913d31,2026-04-19T00:00:00.000Z,PROVISIONAL,1,,2026-04-21T05:51:15.439Z
527aeb72-0319-4cb3-9cef-bc5b42410ae1,317c7cdc-7af5-40bc-beab-899d5a9cde51,2026-04-19T00:00:00.000Z,PROVISIONAL,1,,2026-04-21T05:51:15.442Z
7d923958-3494-4c52-b71d-1c1e4df50ffb,74534fe1-9098-4180-8f8f-609f848aa1ef,2026-04-19T00:00:00.000Z,PROVISIONAL,1,,2026-04-21T05:51:15.444Z
da7b9628-62a8-4b54-b297-de5b46e521f9,6cec69c8-d400-4431-9502-c0808a146513,2026-04-19T00:00:00.000Z,PROVISIONAL,1,,2026-04-21T05:51:15.447Z
56369443-c2ad-4ddc-9ac4-771907cf9b72,6d50ff1e-edfd-40f5-bbce-bb7757380e3c,2026-04-19T00:00:00.000Z,PROVISIONAL,1,,2026-04-21T05:51:15.451Z
6c2b0155-a10a-412a-8c57-68de53d71584,ea4ffcc2-ded5-435f-b8ab-c6dbd6e0fb75,2026-04-19T00:00:00.000Z,PROVISIONAL,1,,2026-04-21T05:51:15.454Z
181889af-edc3-4fa8-ab75-37ee1d5d3752,eef3414e-4689-476c-8f73-0664224bd5d6,2026-04-19T00:00:00.000Z,PROVISIONAL,1,,2026-04-21T05:51:15.456Z
daa3d701-e99f-4a0f-9418-86f8b5aacf8a,0c380b1b-b48f-47b2-8bd6-67b5bf24da2f,2026-04-19T00:00:00.000Z,PROVISIONAL,1,,2026-04-21T05:51:15.459Z
6b909e2f-2610-455c-a005-c3e2eac21899,8777447e-bacc-4b8f-b92a-72cacfad3da0,2026-04-19T00:00:00.000Z,PROVISIONAL,1,,2026-04-21T05:51:15.462Z
7a53a4cd-596e-4afd-9049-73e376cf18ac,73da49cc-153d-49b9-adc7-3916f32face9,2026-04-19T00:00:00.000Z,PROVISIONAL,1,,2026-04-21T05:51:15.466Z
819718ea-5ab2-4708-9f96-5e6297c79f94,4bb61e22-be75-47fb-99c9-ca0536267639,2026-04-19T00:00:00.000Z,PROVISIONAL,1,,2026-04-21T05:51:15.469Z
7b5ed7e3-6312-43c7-8b6c-f69bbe866d37,0fd5ed76-a523-413a-a34c-2a1a5c120b3f,2026-04-19T00:00:00.000Z,PROVISIONAL,1,,2026-04-21T05:51:15.472Z
83fb7da2-4edd-4873-a653-4177e0b37b84,517eb11b-8923-4a66-a883-3ece9dc6ae07,2026-04-19T00:00:00.000Z,PROVISIONAL,1,,2026-04-21T05:51:15.474Z
e714dffa-31b9-41af-b1a2-80f5da2a1a9d,6585161a-1dbb-4671-9cf2-8be0ca700cdd,2026-04-19T00:00:00.000Z,PROVISIONAL,1,,2026-04-21T05:51:15.477Z
7358b714-4dd0-4a33-9c8e-5e2cd065805d,2f99968c-9190-4cd4-8dba-573cbb9895d3,2026-04-19T00:00:00.000Z,PROVISIONAL,1,,2026-04-21T05:51:15.479Z
b952e741-cf3c-413a-9944-82bf985bea10,83e85cdc-5218-4daf-90c1-488447d9659b,2026-04-19T00:00:00.000Z,PROVISIONAL,1,,2026-04-21T05:51:15.483Z
2d0a0b79-e74f-4c00-bfb9-b32410f2f9af,3ffb62ec-0ca4-45d8-8d1f-16bec4deba1c,2026-04-19T00:00:00.000Z,PROVISIONAL,1,,2026-04-21T05:51:15.487Z
df5419e7-d9a6-4b75-8edc-65424e2f9bf1,eef3414e-4689-476c-8f73-0664224bd5d6,1970-01-01T00:00:00.000Z,DRAFT,1,,2026-04-22T13:54:02.086Z
148bfe56-015f-465c-a8e7-2dff11589e9b,73da49cc-153d-49b9-adc7-3916f32face9,2026-04-21T00:00:00.000Z,DRAFT,1,,2026-04-22T13:45:07.494Z
e17c1648-5564-4446-ba7f-3f013b152392,f0dab44c-e511-4ed8-9436-d4ab1abed77f,2026-04-21T00:00:00.000Z,DRAFT,1,,2026-04-22T13:45:07.785Z
a0ff43e0-24a2-41bc-8013-4fcfdea4613f,1b4a38b7-ef53-4564-8cc1-8fb99efac52e,2026-04-19T00:00:00.000Z,PROVISIONAL,1,,2026-04-21T05:51:15.490Z
4fb2051f-19b6-4414-a467-98da41dfb927,32b59948-f8e1-42de-b3ba-d6444e39d1ae,2026-04-19T00:00:00.000Z,PROVISIONAL,1,,2026-04-21T05:51:15.492Z
549c4195-2160-4473-b359-83550e997661,70be8b7b-36f0-4a3d-b2d7-49b0f5bff802,2026-04-19T00:00:00.000Z,PROVISIONAL,1,,2026-04-21T05:51:15.495Z
d2d95982-b6d3-4a52-94c0-656a49166515,3b0be51e-ccf6-443f-b3c8-395c66759abe,2026-04-19T00:00:00.000Z,PROVISIONAL,1,,2026-04-21T05:51:15.498Z
4682e446-5623-40eb-8491-722859d19298,260822a5-38de-4642-9ce2-f3d50f952d25,2026-04-19T00:00:00.000Z,PROVISIONAL,1,,2026-04-21T05:51:15.503Z
5cf644c8-a342-476b-bf75-159fecd6c77f,351f0472-67a5-4316-930b-f4096ffdf8c5,2026-04-19T00:00:00.000Z,PROVISIONAL,1,,2026-04-21T05:51:15.505Z
9d8ff3e5-b70e-4a9f-a783-af82c83bcf84,f0dab44c-e511-4ed8-9436-d4ab1abed77f,2026-04-19T00:00:00.000Z,PROVISIONAL,1,,2026-04-21T05:51:15.508Z
8bf7b1ae-2a72-423a-adf0-85546313ff46,6a9d503c-748e-44b7-aea5-65835c51ff6b,2026-04-19T00:00:00.000Z,PROVISIONAL,1,,2026-04-21T05:51:15.510Z
5c103a71-795b-4278-ac71-85a6f5b1d206,7eeb67c1-e05a-41c5-b819-423539f158f1,2026-04-19T00:00:00.000Z,PROVISIONAL,1,,2026-04-21T05:51:15.512Z
5f80cbb5-037b-4887-8f76-027f220961b8,543bcf21-ebf3-4098-9474-00e580c96a0f,2026-04-19T00:00:00.000Z,PROVISIONAL,1,,2026-04-21T05:51:15.516Z
ac5131f1-914f-41ee-8f10-aed1f7234544,92ec1b33-2fd8-4ec3-a4a4-1860861756d1,2026-04-19T00:00:00.000Z,PROVISIONAL,1,,2026-04-21T05:51:15.519Z
ecc7f7c2-9e1f-4e7d-ade6-08565b69e8e1,f4d42a8a-34e2-4bce-a251-db58cf0295d3,2026-04-19T00:00:00.000Z,PROVISIONAL,1,,2026-04-21T05:51:15.522Z
98e52bad-98df-44e2-9a3c-a343f435f89a,ef2372ab-02d3-4344-9934-88bbecdf7881,2026-04-19T00:00:00.000Z,PROVISIONAL,1,,2026-04-21T05:51:15.524Z
8feeaa1d-ac4f-4641-9394-bd7f4a03a677,fce29462-4317-4544-9cb3-ff8238bc6530,2026-04-19T00:00:00.000Z,PROVISIONAL,1,,2026-04-21T05:51:15.527Z
a349140e-10b3-4621-8b3e-4690841787b3,58084a27-cf9f-4d44-b070-dcb27c3a6f02,2026-04-19T00:00:00.000Z,PROVISIONAL,1,,2026-04-21T05:51:15.530Z
43e73730-f08c-48b7-8ab9-0a0c0d90ee1a,9a4b2029-c405-49ee-b827-b40a4203bd22,2026-04-19T00:00:00.000Z,PROVISIONAL,1,,2026-04-21T05:51:15.534Z
a5984b51-12c4-403f-9687-95d729188e75,9aeb3132-f278-431b-9d09-f3bba3145613,2026-04-19T00:00:00.000Z,PROVISIONAL,1,,2026-04-21T05:51:15.537Z
1a463d5f-1092-46d7-be51-05a4a1aef7ce,67cfac59-6594-49cf-bfaf-6824497c72e2,2026-04-19T00:00:00.000Z,PROVISIONAL,1,,2026-04-21T05:51:15.539Z
dc84591d-39a1-4a12-acfc-001e7b2b8979,62594348-3833-411b-8fed-81b2245d29c2,2026-04-19T00:00:00.000Z,PROVISIONAL,1,,2026-04-21T05:51:15.542Z
30bc30e2-d9af-451e-963a-773031f1c606,b3edd721-3b6b-4b9f-a98d-aacf668d2ee1,2026-04-19T00:00:00.000Z,PROVISIONAL,1,,2026-04-21T05:51:15.544Z
04c16825-e2dd-48fc-8be1-90dfb4905d18,3363b2e6-6116-45f0-9e9d-d9ffd99c3f24,2026-04-19T00:00:00.000Z,PROVISIONAL,1,,2026-04-21T05:51:15.547Z